# https://github.com/mikedh/trimesh
v -0.99066569 -0.89706168 -0.10202910
v -0.99920991 -0.95551386 -0.07512546
v -0.98103802 -0.96130564 -0.13585937
v -0.99361305 -0.85274586 0.05649295
v -0.97109272 -0.97900486 0.00182777
v -0.97755671 -0.96433880 0.08066078
v -1.00042705 -0.85865870 -0.00945840
v -0.79162732 -0.75570353 0.01642137
v -0.91096372 -0.91349629 -0.22355154
v -0.94304793 -0.95730457 0.16013731
v -0.97909542 -0.87080910 0.10535359
v -0.96024358 -0.98751504 -0.13530858
v -0.84628004 -0.98730952 -0.20773573
v -0.94291452 -0.97884750 0.13538291
v -0.87401841 -0.94938650 -0.26382272
v -0.75835571 -0.97846609 0.16195407
v -0.84406638 -0.86106362 -0.25004171
v -0.84822921 -0.79631039 -0.08635183
v -0.75966632 -0.75847198 0.05972868
v -0.76043754 -0.99057536 0.09615851
v -0.80838259 -0.96232656 -0.29501739
v -0.75446415 -0.90262978 0.17802880
v -0.76147740 -0.80279561 0.11700332
v -0.65363838 -0.95606932 0.20369387
v -0.63074827 -0.80836921 0.10820086
v -0.67663573 -0.94735825 0.20437426
v -0.79990889 -0.89533818 -0.31371654
v -0.75517863 -0.78234066 -0.19467797
v -0.62813510 -0.90382553 0.18468649
v -0.74053146 -0.73584108 -0.04393898
v -0.61512814 0.37159920 -0.00814007
v -0.63333394 0.40604348 0.01687867
v -0.61466386 0.25296383 -0.05561061
v -0.62740634 0.38277983 0.07419827
v -0.55186368 -0.73896127 -0.29806931
v -0.46183053 -0.70661310 0.02538049
v -0.61801889 0.25548353 -0.06746324
v -0.60088346 0.38913248 -0.12990056
v -0.61670305 0.37020884 0.11149478
v -0.62074242 0.38879246 -0.04731635
v -0.66796806 -0.83528820 -0.34233555
v -0.59483472 0.14671374 -0.10755643
v -0.60646423 0.14282807 -0.05911731
v -0.61267664 0.28575913 -0.06406148
v -0.60665893 0.32012896 0.01479172
v -0.60305523 0.32642808 -0.10271764
v -0.59047241 0.38874550 0.06597163
v -0.61014724 0.55008564 0.03518997
v -0.59150901 0.12821768 -0.07821343
v -0.60504932 0.12845405 -0.06141330
v -0.58917626 0.13917616 -0.08390490
v -0.59790923 0.16013733 -0.10611818
v -0.60501001 0.25647224 -0.05787130
v -0.58782243 0.29697848 -0.02474968
v -0.59426987 0.31591512 -0.15457861
v -0.60005989 0.33022797 0.07849108
v -0.60910000 0.34629865 -0.01923470
v -0.59346376 0.36858044 0.09042253
v -0.57664448 0.34359899 -0.15302533
v -0.58985064 0.37537003 0.04014347
v -0.59109240 0.41221575 -0.06295858
v -0.61112053 0.42316134 0.17022061
v -0.60126706 0.46636702 -0.05347819
v -0.58754260 0.47750819 -0.07874412
v -0.60468354 0.50259123 -0.08899185
v -0.57871215 0.49654783 0.03128064
v -0.61969391 -0.70890578 -0.01743535
v -0.58556420 0.13223393 -0.07466926
v -0.58235548 0.13217586 -0.05141051
v -0.59837571 0.25371932 -0.06374628
v -0.59839462 0.27220571 -0.07503558
v -0.58521668 0.27382013 -0.06486440
v -0.56707857 0.28919527 -0.08776128
v -0.59051916 0.26424857 -0.04584644
v -0.57702156 0.28457617 -0.06169411
v -0.60477491 0.27876017 -0.03775091
v -0.59850982 0.29743706 0.00232116
v -0.58710170 0.34092415 -0.07016562
v -0.57456102 0.34329487 0.16639912
v -0.58554984 0.34374711 0.03153678
v -0.57960680 0.38213246 0.05451480
v -0.59177966 0.37147914 0.08008494
v -0.58759378 0.40297185 0.08859067
v -0.59556281 0.48846350 0.06933063
v -0.57485338 0.48419460 -0.09515781
v -0.58567464 0.13283969 -0.04021297
v -0.59289977 0.20895065 -0.17744589
v -0.58294702 0.25997477 0.03040389
v -0.57776548 0.27116731 -0.06672116
v -0.56651811 0.29395630 -0.10513665
v -0.58427999 0.30752055 -0.18599916
v -0.57742525 0.38115179 -0.06578421
v -0.57548176 0.47724331 -0.13049140
v -0.66175943 -0.92794390 -0.37916943
v -0.56107138 0.11949910 -0.03860353
v -0.56841313 0.12383729 -0.08154194
v -0.56455311 0.14544784 -0.10170224
v -0.56814408 0.22075234 -0.12680833
v -0.54115891 0.21468977 -0.09212554
v -0.56476409 0.21365961 0.00407225
v -0.56757186 0.23846764 -0.05358214
v -0.56960684 0.25329878 -0.01386432
v -0.57474614 0.27284629 -0.06057531
v -0.58378357 0.27090017 -0.13166599
v -0.58032791 0.29924488 0.04404474
v -0.57550199 0.35236642 -0.11422306
v -0.57808301 0.34066165 0.09958083
v -0.58799607 0.42725913 -0.09641815
v -0.56709395 0.41534583 0.00695252
v -0.57211173 0.41388015 -0.28789999
v -0.57142844 0.42459862 -0.19361748
v -0.61010064 0.42736135 -0.12439679
v -0.57777995 0.42645473 0.19576575
v -0.57919043 0.43228595 -0.22131246
v -0.54073006 0.42886904 -0.14117405
v -0.57115938 0.45940945 -0.04221975
v -0.57555852 0.46470054 -0.00293972
v -0.57637216 0.47671009 0.13105475
v -0.57952093 0.46823587 0.04755722
v -0.54467167 0.49181526 -0.09405396
v -0.58189378 0.52063996 0.08191585
v -0.58611909 0.49957647 -0.07786151
v -0.56083711 0.57108509 -0.02414342
v -0.58030797 -0.69840769 -0.18301580
v -0.55860851 0.17370026 -0.01266378
v -0.56203742 0.20651529 0.05331232
v -0.52747531 0.25864908 -0.00148578
v -0.56832907 0.26915051 -0.09769951
v -0.57656486 0.29916330 0.12102213
v -0.55903940 0.38275104 0.20565753
v -0.56624592 0.39683926 -0.03380202
v -0.55971287 0.38266658 0.01885762
v -0.55954739 0.40024084 -0.25014086
v -0.56191011 0.39338838 -0.14042667
v -0.54167822 0.37994418 -0.08345290
v -0.53653964 0.40788326 -0.10674297
v -0.57702309 0.42822562 0.02832839
v -0.56199999 0.41185120 0.24373727
v -0.56062127 0.46414966 -0.06020764
v -0.58387827 0.45721639 -0.07548763
v -0.53705489 0.50889670 0.04868215
v -0.55574321 0.56890021 0.10540819
v -0.54021304 0.13002372 -0.14751793
v -0.55509811 0.12711636 -0.07295560
v -0.54470639 0.16551794 -0.12686566
v -0.54355681 0.16149048 -0.18843001
v -0.56486387 0.18595455 0.02903095
v -0.55300778 0.22738702 0.04760207
v -0.56315455 0.23422354 0.05553371
v -0.53672331 0.22399681 -0.02060264
v -0.56456101 0.26053592 0.00150664
v -0.55544536 0.26813258 0.06766770
v -0.55764507 0.26476081 -0.13304407
v -0.57187845 0.30260678 -0.07842647
v -0.55689158 0.33994896 -0.04967805
v -0.55055989 0.34330525 -0.03266197
v -0.53912125 0.34313176 -0.23487855
v -0.55766126 0.35298300 0.21327506
v -0.52726747 0.33428764 -0.02505469
v -0.57503075 0.35393810 -0.01496264
v -0.55472146 0.35284066 -0.00282802
v -0.56313764 0.40240780 -0.19668561
v -0.54404889 0.36984534 -0.15399218
v -0.56204753 0.42030115 0.11157131
v -0.56050229 0.45248790 0.06034783
v -0.57639740 0.50768835 -0.03895265
v -0.56772967 0.52970289 -0.02679643
v -0.41610662 -0.95124715 0.23599977
v -0.54571471 -0.03016888 -0.06859479
v -0.53462033 0.09902966 0.00581798
v -0.56471061 0.13682540 -0.03566076
v -0.55324765 0.20615917 -0.13659418
v -0.54262411 0.21831754 -0.20844430
v -0.56607477 0.24828472 -0.16768987
v -0.54214474 0.25633561 -0.13355544
v -0.54866686 0.25458706 0.01226555
v -0.55558961 0.29829695 -0.21920985
v -0.54390679 0.34531225 -0.19933373
v -0.56322865 0.37545426 0.15545261
v -0.52008559 0.36584786 -0.26326250
v -0.56500738 0.38162658 0.10347845
v -0.55905914 0.42799827 0.14891312
v -0.54623694 0.43923480 0.24359540
v -0.55984469 0.43057081 0.07461218
v -0.52410913 0.42922650 0.06940503
v -0.53694271 0.43394317 0.17926050
v -0.53992114 0.45374991 -0.21000589
v -0.52915552 0.50295981 0.08238893
v -0.55236233 0.49731845 -0.11895829
v -0.55095870 0.49681233 0.01297448
v -0.56838246 0.49797293 0.11826460
v -0.52262008 0.51638173 -0.23100000
v -0.53874244 0.53919056 -0.12244414
v -0.56644625 0.55293835 -0.16035889
v -0.57165504 0.56289908 -0.05555906
v -0.57410202 0.58535839 -0.09649951
v -0.53816671 -0.04580849 -0.12212046
v -0.54815722 -0.03565303 -0.11376907
v -0.53840464 -0.03887109 -0.12968871
v -0.53559663 -0.03435642 -0.12184694
v -0.53441213 -0.01373388 -0.09837309
v -0.54195376 -0.03283022 -0.10669443
v -0.51744442 -0.00915769 -0.05270664
v -0.52031960 0.10676988 -0.13102616
v -0.54597720 0.12370078 -0.10353335
v -0.53123204 0.11505303 -0.07135444
v -0.55621241 0.16473986 -0.06937578
v -0.54061921 0.21708628 0.09880347
v -0.54572460 0.22445926 0.04367270
v -0.53051648 0.23174316 0.01655464
v -0.54049636 0.25708310 -0.08822542
v -0.52812150 0.37939667 0.11889004
v -0.52423147 0.37385702 -0.21315835
v -0.56642617 0.40900095 0.09534913
v -0.54613937 0.44558554 -0.03312569
v -0.54433808 0.45987043 0.24176364
v -0.54321152 0.49049638 -0.03486618
v -0.55711403 0.47484799 -0.17072237
v -0.54080860 0.50871144 -0.03126058
v -0.53188082 0.45445347 0.18754416
v -0.54626790 0.51988691 0.17304363
v -0.55275620 0.56628237 0.07175998
v -0.51041978 0.52875337 0.20812770
v -0.50144380 0.57916784 -0.11277649
v -0.55202415 0.59422178 0.22449019
v -0.54636657 0.62683914 0.00043689
v -0.52861540 0.63454397 0.19572915
v -0.55160121 0.64020426 0.04202139
v -0.53202982 0.66139491 0.02884000
v -0.53186496 -0.03342253 -0.12743353
v -0.53210034 -0.02369548 -0.08268618
v -0.52095048 0.05286537 -0.04047002
v -0.51479486 0.06554696 -0.18122994
v -0.52555577 0.10381976 -0.17069288
v -0.53450643 0.13223182 -0.11614807
v -0.51844720 0.14414567 -0.21960440
v -0.54969647 0.18237881 0.07807943
v -0.54213568 0.20093289 0.15574607
v -0.51939452 0.20513790 0.06539521
v -0.52244702 0.24237297 0.01752490
v -0.52410423 0.23579653 -0.15145238
v -0.54306101 0.28060775 -0.14540373
v -0.53568302 0.24679541 -0.29309775
v -0.54124210 0.29525652 0.16222779
v -0.52603013 0.25466607 0.15621083
v -0.48921904 0.28680460 -0.11463216
v -0.49330561 0.31128455 -0.05032383
v -0.52831856 0.27875700 0.11453521
v -0.54714773 0.28456806 -0.19397796
v -0.55922851 0.30600189 0.09170802
v -0.51396817 0.33693550 0.19535273
v -0.51541946 0.38649137 0.03157425
v -0.49752859 0.42839627 -0.02804536
v -0.52491301 0.43296422 0.26871560
v -0.53536197 0.45664392 -0.04904922
v -0.53003909 0.45071069 0.11634009
v -0.54836861 0.44805643 -0.10819856
v -0.53506317 0.46611212 0.08914194
v -0.52311415 0.49190870 0.13845701
v -0.52165502 0.46555112 -0.06853769
v -0.50301886 0.47045660 0.25811809
v -0.51709888 0.49762756 -0.03580084
v -0.53887069 0.50573357 0.20580150
v -0.53902533 0.56100534 -0.21171690
v -0.53309115 0.58186116 0.04002982
v -0.51981620 0.59881042 0.07791869
v -0.54804442 0.60531138 0.08990140
v -0.54083583 0.65698326 0.12922313
v -0.53257169 0.66846273 0.14864498
v -0.45283302 -0.63887834 -0.12596429
v -0.49461659 -0.03101846 -0.10971693
v -0.51368344 0.02372962 -0.06778591
v -0.52870913 0.08213789 -0.10370545
v -0.54046130 0.10812263 -0.06795819
v -0.52523731 0.13470731 -0.25507319
v -0.50916972 0.15683030 0.01580527
v -0.52918915 0.23771073 0.19942883
v -0.53101169 0.29373484 -0.28244850
v -0.56899117 0.28124324 -0.05238742
v -0.54724447 0.30105055 0.19945707
v -0.52663239 0.31904030 -0.15733837
v -0.54263155 0.33403093 -0.29443193
v -0.53014100 0.37955301 -0.29544124
v -0.52233211 0.37239690 0.18871764
v -0.53268101 0.40218178 -0.31275842
v -0.51931365 0.41116579 0.08860444
v -0.52106576 0.45453457 -0.12173413
v -0.52873648 0.49858415 -0.19489892
v -0.52559313 0.52778470 0.29963963
v -0.52202339 0.51746272 -0.17657751
v -0.52672707 0.49907007 -0.04532494
v -0.52197988 0.52977060 -0.03205156
v -0.50871392 0.56389991 0.03670645
v -0.52907411 0.55616884 -0.07632044
v -0.54345091 0.57521207 -0.00968983
v -0.52782164 0.60409768 0.10936655
v -0.51261975 0.59362927 0.15766027
v -0.53453443 0.63603640 0.16216361
v -0.52124105 0.65112586 0.24469290
v -0.51832113 0.66711831 0.01332768
v -0.53115801 0.66818329 0.06090279
v -0.32468243 -1.00029743 -0.13465280
v -0.51997382 -0.05103296 -0.12672086
v -0.51500761 -0.06416059 -0.08825807
v -0.51450279 0.02288864 -0.10748770
v -0.51317351 0.06694356 -0.03455359
v -0.46941976 0.04487062 -0.11683992
v -0.51487771 0.08513760 0.01463078
v -0.50812390 0.09895272 0.07420151
v -0.52768777 0.14158635 0.05073358
v -0.53632000 0.16847641 -0.23824672
v -0.53056084 0.20993603 0.12757639
v -0.52107117 0.19703030 -0.21663632
v -0.52043852 0.22071705 0.15519004
v -0.52904922 0.21720823 -0.25971643
v -0.53260341 0.22176315 -0.18452001
v -0.50912779 0.23386061 -0.20567584
v -0.50369787 0.27942451 0.13829345
v -0.51779820 0.27191718 -0.22010156
v -0.51927968 0.30450081 -0.25613481
v -0.50132490 0.29790344 0.09017334
v -0.51360720 0.28711275 -0.31501035
v -0.52708267 0.33986479 0.12011870
v -0.53341902 0.44206787 -0.27372419
v -0.51438385 0.40451127 0.23744789
v -0.51780538 0.42782188 0.24111448
v -0.52434018 0.44276965 0.23908504
v -0.53927923 0.48266075 -0.29660287
v -0.48223897 0.53393202 0.02942731
v -0.52177011 0.54077863 -0.03658557
v -0.50845548 0.55735667 -0.02499026
v -0.52137838 0.59857883 -0.01467769
v -0.54381486 0.64829897 -0.11177009
v -0.52718110 0.66043280 -0.15238709
v -0.51858838 0.64590326 -0.04758857
v -0.51289887 0.71283660 0.20589463
v -0.49635352 -0.05577742 -0.05165616
v -0.51257306 -0.04248211 -0.13125706
v -0.51637465 -0.01302228 -0.12459508
v -0.50507607 -0.00035380 -0.10680949
v -0.49918528 0.12466928 0.07717163
v -0.51786217 0.14111992 0.15011344
v -0.51027398 0.18455263 -0.27259481
v -0.51488061 0.23828163 0.16615044
v -0.50253416 0.35602480 -0.32498670
v -0.51014242 0.35225550 0.24258513
v -0.51413856 0.36002032 0.21117109
v -0.50319618 0.39166858 0.27498086
v -0.50759238 0.37897309 0.08565866
v -0.51850739 0.37783905 -0.00002206
v -0.52739122 0.42150416 -0.23948314
v -0.52391166 0.44195514 0.20479710
v -0.47810841 0.42462127 0.18505388
v -0.51460465 0.42891847 0.24819888
v -0.49757931 0.42469287 0.07573280
v -0.49825495 0.44840373 -0.29402276
v -0.50185166 0.46829582 -0.04329828
v -0.51122083 0.49847482 -0.12264536
v -0.49358996 0.50792761 0.12104300
v -0.52506218 0.53893192 -0.29186307
v -0.52219597 0.54784738 0.09591833
v -0.51103832 0.53797857 -0.07857949
v -0.49427557 0.53642587 -0.20589303
v -0.47628186 0.57672467 0.22577229
v -0.51152989 0.59582304 0.02858381
v -0.51418858 0.61414756 0.08646296
v -0.50997828 0.59729603 -0.05921314
v -0.51128566 0.59745068 -0.15261239
v -0.49833784 0.63367870 -0.08004632
v -0.49840427 0.70066398 0.16555442
v -0.49419353 0.02442463 -0.17683071
v -0.49409975 0.05770630 -0.22299564
v -0.50305656 0.09117327 0.02598398
v -0.50206715 0.10165332 -0.24320308
v -0.47869095 0.09668418 -0.19553725
v -0.50191386 0.16469677 -0.08320791
v -0.50446003 0.15054067 0.12149908
v -0.49901193 0.25483641 0.21865835
v -0.48946577 0.23588233 -0.27624556
v -0.50321885 0.30743131 0.25912406
v -0.50433207 0.37269244 -0.34718110
v -0.50296304 0.42104139 0.24182725
v -0.51634444 0.45701867 -0.24771728
v -0.50489540 0.45110632 -0.32514917
v -0.51356129 0.47739550 0.29377189
v -0.53521792 0.52605280 0.15075681
v -0.50422232 0.52240021 0.24499302
v -0.48762473 0.53643265 -0.09416327
v -0.49540426 0.54205991 -0.23610027
v -0.50746551 0.53584259 0.06163132
v -0.50205465 0.57988983 -0.27007467
v -0.50444011 0.58925991 0.08133906
v -0.50145421 0.58095614 0.10595319
v -0.50344906 0.58632293 -0.17434372
v -0.52079391 0.58605083 0.19519194
v -0.51133282 0.60326920 -0.22392056
v -0.50031704 0.61669215 0.26401918
v -0.51133872 0.66956294 -0.19334793
v -0.50800164 -0.00924954 -0.08979935
v -0.49707845 0.09850250 0.04007623
v -0.48934499 0.13844277 -0.09933292
v -0.48661018 0.19801395 -0.24892432
v -0.48867581 0.18450584 0.19901488
v -0.50214944 0.24068975 -0.31037036
v -0.46339783 0.20989159 -0.32238536
v -0.48813809 0.28151707 -0.25297699
v -0.48273399 0.33529048 0.26634930
v -0.47602818 0.38126012 -0.38181033
v -0.45193890 0.39389151 0.24171588
v -0.49837251 0.42095844 -0.26823165
v -0.48702178 0.44866993 0.33230968
v -0.50144817 0.49796717 -0.33083770
v -0.45801526 0.47364677 0.32599820
v -0.49979567 0.50932976 -0.26190867
v -0.49804173 0.53050116 -0.28312024
v -0.48850434 0.52632206 0.26282524
v -0.46146570 0.55556646 0.26125875
v -0.51413259 0.54672078 -0.05700338
v -0.50345688 0.60420783 -0.10228525
v -0.50593033 0.58580247 0.12652488
v -0.51181019 0.62615023 -0.02831593
v -0.49315422 0.64496991 0.12746367
v -0.48730872 0.62234273 0.29641651
v -0.48891716 0.65263058 -0.23065333
v -0.49684096 0.66582318 0.07580446
v -0.50525706 0.65022177 0.19873491
v -0.48244610 0.65388734 -0.09581522
v -0.47110777 0.70655758 0.20469435
v -0.50012779 0.74216024 0.07961749
v -0.32051583 -0.91452794 -0.45316610
v -0.57289729 -0.86334899 -0.39783185
v -0.47550856 -0.03828886 -0.16716134
v -0.49160912 -0.03481362 -0.08308960
v -0.47952485 0.01446259 -0.10945940
v -0.46373538 -0.00878628 -0.23094031
v -0.49323249 0.00075464 -0.13837452
v -0.47318024 0.04605757 -0.02983139
v -0.47781848 0.07202944 0.09496947
v -0.49113409 0.10881688 0.09414031
v -0.49450223 0.18379323 0.15862522
v -0.50614481 0.19357757 -0.31277158
v -0.47592380 0.20742149 -0.19788996
v -0.51580548 0.27224854 0.19750195
v -0.49822052 0.28501131 -0.37549988
v -0.46890471 0.29108444 -0.22182593
v -0.46305838 0.27638592 0.24675462
v -0.48464296 0.43983748 -0.34888809
v -0.47114123 0.46637924 0.25680714
v -0.46976798 0.48916083 0.30388899
v -0.48714647 0.53893193 -0.28249146
v -0.48844935 0.52887996 -0.27554670
v -0.48450422 0.56615286 0.29934785
v -0.48320650 0.55249938 0.34236219
v -0.48231554 0.58669066 0.19599303
v -0.46529974 0.62144588 0.09878533
v -0.44665484 0.64133813 -0.21887174
v -0.48810893 0.63428092 -0.01018072
v -0.48229771 0.63157363 0.21344829
v -0.48753363 0.69848416 0.04424476
v -0.45256683 -0.77632975 -0.37714876
v -0.46145070 -0.65727262 -0.05165416
v -0.46828112 -0.09180600 -0.04771729
v -0.47883121 -0.09299989 -0.03500643
v -0.46471450 -0.00348700 -0.06451121
v -0.42229607 0.01811868 -0.17991927
v -0.46947890 0.04618170 0.06356773
v -0.47183802 0.08810825 0.04275938
v -0.49215725 0.10877816 -0.28635340
v -0.50289247 0.11158816 0.12224103
v -0.46403658 0.13104866 0.15763891
v -0.46774681 0.14572046 -0.29215292
v -0.44467266 0.13801997 0.20233924
v -0.47345884 0.23652375 0.10884504
v -0.47216057 0.27810582 0.28144503
v -0.47366896 0.29381313 -0.34056744
v -0.49980044 0.34305274 -0.43191098
v -0.46611778 0.37436139 -0.33027515
v -0.47494116 0.44548826 0.24562755
v -0.48420814 0.48372105 0.16542647
v -0.48862960 0.54728667 0.16697760
v -0.48808051 0.54419345 -0.28538955
v -0.47897074 0.54299882 -0.13660740
v -0.47830983 0.55915984 -0.05955634
v -0.47776819 0.52383603 0.29621458
v -0.50276692 0.58018782 0.00969109
v -0.46914957 0.56587573 0.16729493
v -0.49400156 0.61433663 -0.27927113
v -0.49060323 0.60689622 0.16761097
v -0.47221278 0.62604637 0.05542445
v -0.47420542 0.62346577 0.31387226
v -0.49655947 0.62792456 0.07933849
v -0.47704047 0.64049464 0.24954263
v -0.46901793 0.66502842 0.03091619
v -0.48969552 0.69695327 0.09666934
v -0.45921482 0.70679906 -0.14850709
v -0.49367903 0.69914349 -0.06633018
v -0.48241976 0.69084169 -0.12259157
v -0.47017316 0.72592067 0.12764675
v -0.47309985 0.75478960 0.09264772
v -0.46892204 -0.13167264 -0.12042317
v -0.46940109 -0.13097388 -0.10578751
v -0.46744423 -0.12668935 -0.12966211
v -0.48841992 -0.07650141 -0.13722578
v -0.46616859 -0.07939618 -0.08353455
v -0.48699369 -0.01234820 -0.18771198
v -0.48501965 0.02264826 -0.25601710
v -0.48540303 0.02751316 -0.00190609
v -0.48671086 0.04447039 0.02952447
v -0.47556869 0.04749541 -0.30268310
v -0.46392670 0.13545637 -0.31635260
v -0.46660868 0.19558679 -0.23727096
v -0.47593428 0.20374269 -0.25701193
v -0.46333081 0.22903350 0.16564314
v -0.48446632 0.26176300 0.16157193
v -0.50361490 0.33068453 -0.34824517
v -0.48181604 0.39603544 -0.29777131
v -0.44225489 0.44060764 -0.27960725
v -0.50150399 0.52037271 -0.37582489
v -0.46681707 0.54469359 -0.27446708
v -0.47522712 0.57338166 -0.27879992
v -0.47223863 0.54822691 -0.19742452
v -0.45901508 0.58943084 -0.04794134
v -0.42434974 0.58248735 0.01009964
v -0.47365732 0.59386268 -0.20041572
v -0.43403977 0.62477929 -0.14891518
v -0.44352569 0.61760758 0.28902495
v -0.48461573 0.61239870 0.01476066
v -0.47350248 0.64233684 0.13048668
v -0.46158089 0.64062695 0.20111882
v -0.48856112 0.66657424 -0.02196968
v -0.44999452 0.67069057 -0.06101197
v -0.47355531 0.68189403 0.11637896
v -0.45143350 0.69223761 0.21329772
v -0.48205691 0.70737132 0.23567066
v -0.52636518 -0.97952740 -0.34706282
v -0.44892929 -0.12947358 -0.14563341
v -0.46140998 -0.12887172 -0.09536041
v -0.43384497 -0.09970864 -0.06934558
v -0.46840337 0.08032678 -0.24302664
v -0.47026549 0.09081411 -0.27992159
v -0.47822436 0.19977843 -0.16951014
v -0.47669905 0.20655879 0.23272036
v -0.47181070 0.22403076 -0.38216573
v -0.45436746 0.27089718 -0.35851919
v -0.45401375 0.32466162 -0.42569158
v -0.45370141 0.34582344 -0.35784781
v -0.46020596 0.36191386 -0.32845564
v -0.47371024 0.40793784 0.31164608
v -0.46079966 0.47777971 0.39161233
v -0.45001975 0.48146249 0.31661085
v -0.47407281 0.52418229 -0.31757529
v -0.45999698 0.56751798 -0.39846098
v -0.46297991 0.57737258 0.31222687
v -0.42159337 0.59267568 -0.19532118
v -0.49739330 0.63233370 -0.17626676
v -0.45996142 0.62085365 0.24159097
v -0.45726567 0.64705802 -0.01784998
v -0.45751491 0.63404049 0.26005270
v -0.44736195 0.66552883 0.24739402
v -0.47221162 0.68956351 0.00393691
v -0.38452237 -0.99164238 0.15935974
v -0.46033923 -0.13840757 -0.10557456
v -0.45914902 -0.12999467 -0.11607793
v -0.46529568 -0.10264364 -0.13399562
v -0.46461856 -0.10824294 -0.08191078
v -0.44423268 -0.08865023 -0.24934533
v -0.48727084 -0.05442498 0.01010090
v -0.46060128 -0.06625535 -0.21982507
v -0.42320214 0.01080272 -0.27523429
v -0.43556780 0.10782373 -0.25703322
v -0.46705566 0.10882626 0.06035818
v -0.43868177 0.18579505 -0.13726829
v -0.47316572 0.31083424 -0.40212285
v -0.47123486 0.34779596 0.31900025
v -0.44640273 0.33677922 -0.29771330
v -0.43272420 0.39570402 0.35154801
v -0.46868593 0.44361785 -0.41390507
v -0.47137791 0.47055251 -0.34594875
v -0.48498581 0.50167460 0.32742988
v -0.45599574 0.51453149 -0.39546059
v -0.46598515 0.51822622 -0.35609313
v -0.43825081 0.53855840 0.32762584
v -0.46302238 0.56317763 -0.31011745
v -0.46752424 0.59025658 -0.22301786
v -0.46421371 0.59423279 0.22968955
v -0.45739787 0.60256734 -0.26498566
v -0.45394254 0.64071756 -0.26662869
v -0.45361905 0.65832228 -0.00016209
v -0.43852557 0.64267162 0.07609699
v -0.44150906 0.69389952 -0.13732868
v -0.45398637 0.70898248 -0.12838787
v -0.45857920 0.76176369 -0.01776242
v -0.42837120 -0.12177938 -0.20122378
v -0.44900049 -0.12617240 -0.08709552
v -0.42857261 -0.05238448 -0.25657442
v -0.48547375 -0.05730324 -0.02077609
v -0.45834706 0.09912072 0.14866887
v -0.45690665 0.17493136 -0.34527621
v -0.45020391 0.17784222 -0.25007098
v -0.46794098 0.19093951 -0.18300217
v -0.43083590 0.19307039 -0.24450202
v -0.44149164 0.22401005 -0.16990567
v -0.47436447 0.24442412 0.25812917
v -0.43989019 0.32330966 -0.37299047
v -0.43713467 0.43893750 -0.33414506
v -0.45332853 0.42134852 0.37974639
v -0.45025478 0.43946983 -0.37648065
v -0.48632061 0.40880035 -0.32102851
v -0.44772141 0.45653177 0.34864191
v -0.44894942 0.47411243 0.29888808
v -0.44799827 0.48208982 0.34555630
v -0.42748610 0.54838368 -0.34890549
v -0.44199278 0.55260081 0.37230835
v -0.45765443 0.58021625 0.03343693
v -0.45352155 0.59814770 0.20395044
v -0.43446567 0.64579333 0.28809256
v -0.45180764 0.68417242 -0.21408405
v -0.43003754 0.66767052 0.21905042
v -0.43857621 0.65665159 -0.12518871
v -0.44471695 0.70788895 0.07047428
v -0.43464805 0.71884925 0.22282676
v -0.45234203 0.70704570 -0.08782986
v -0.43503143 0.74437658 -0.14712326
v -0.44773013 0.70989310 -0.00442156
v -0.44914067 0.74004653 0.06537093
v -0.44096845 -0.12412888 -0.07932920
v -0.43419312 -0.05930279 -0.07833530
v -0.47471277 0.02083197 -0.02841443
v -0.41536433 0.01733602 -0.32563842
v -0.44243975 0.08200795 -0.33570410
v -0.44919456 0.12295205 0.07506602
v -0.42817723 0.13193878 -0.38217024
v -0.43417140 0.16815173 -0.31553943
v -0.43998266 0.25749265 -0.38015936
v -0.43293799 0.30342854 -0.36069567
v -0.44637548 0.29586954 -0.43192413
v -0.41219038 0.33683129 0.33195725
v -0.42112738 0.36243523 -0.30213198
v -0.43140954 0.36328753 -0.39711084
v -0.45922938 0.36789793 -0.41701733
v -0.41528796 0.43599475 0.38486611
v -0.43436048 0.47620997 -0.43946000
v -0.42443469 0.50271706 -0.45774054
v -0.44817265 0.48351532 -0.35120426
v -0.43593750 0.50082588 0.31850629
v -0.45549515 0.57331327 0.30308477
v -0.46182711 0.57884431 -0.33130665
v -0.46200073 0.55743760 -0.17630594
v -0.42615185 0.60474365 -0.28348360
v -0.45431305 0.65809924 0.14783733
v -0.42748791 0.67093749 0.20167512
v -0.46056039 0.67349201 -0.17616429
v -0.43963065 0.71378815 -0.04153183
v -0.42720270 0.73680579 0.09511873
v -0.42512512 0.69427903 0.12551560
v -0.45234611 0.67628061 0.28659415
v -0.43101373 0.75689200 0.05103184
v -0.43950120 0.75817965 0.21821211
v -0.45119125 0.76647557 0.25398946
v -0.41666938 -0.13287285 -0.12371189
v -0.43620299 -0.12147541 -0.03271528
v -0.44776514 -0.11968682 0.01454844
v -0.43672878 -0.09337041 -0.17183685
v -0.43411865 -0.04423907 -0.16420873
v -0.42859683 0.07664106 0.03592838
v -0.42845834 0.12572378 -0.34010025
v -0.41185125 0.15921979 -0.34449878
v -0.39834934 0.19661811 0.26767966
v -0.43538594 0.28840656 0.29846133
v -0.41174800 0.33532680 -0.43978686
v -0.45353150 0.39956426 -0.45857897
v -0.42837289 0.38430739 -0.41009706
v -0.44834180 0.40084704 -0.36994855
v -0.45157927 0.40530173 -0.41611218
v -0.42505509 0.40903043 0.33099356
v -0.44224890 0.44287088 -0.44588241
v -0.43260340 0.51906878 0.23350975
v -0.42795452 0.53657047 -0.31639209
v -0.42455233 0.54931814 0.27517481
v -0.42383027 0.51543317 0.34709846
v -0.42957264 0.59001325 0.06389058
v -0.41681665 0.64316114 -0.05398746
v -0.46104717 0.63099668 -0.31252034
v -0.41344305 0.65007123 -0.24670599
v -0.43288545 0.71875937 0.06238110
v -0.41855837 0.70918098 0.19872785
v -0.44265730 0.73713734 0.21954723
v -0.41906273 0.73880432 0.00259298
v -0.43563077 0.74333881 0.29335542
v -0.43182967 0.78617478 0.18596699
v -0.42589930 0.78740793 -0.04839581
v -0.41619554 -0.11672171 -0.24784892
v -0.42214118 -0.10258808 -0.02345238
v -0.38075861 -0.05868735 -0.34355071
v -0.42065431 -0.02144002 -0.30418546
v -0.42878081 0.02730455 0.00240511
v -0.44654483 0.15616442 -0.40266291
v -0.44445843 0.19861260 -0.37177646
v -0.42019365 0.26286667 0.31614988
v -0.39960019 0.37817112 -0.44480474
v -0.40025647 0.38098495 -0.38808888
v -0.41055623 0.45095612 -0.44279688
v -0.41965102 0.49417959 -0.41224029
v -0.43253740 0.53601808 -0.37922842
v -0.41895060 0.55825295 0.33254328
v -0.44176866 0.60026159 0.28361841
v -0.41560153 0.60415299 -0.44934894
v -0.43805340 0.62502682 -0.08398389
v -0.43337148 0.61770368 0.34951382
v -0.44143656 0.64008252 -0.18860436
v -0.40699616 0.64803128 -0.03404152
v -0.42655626 0.64631965 0.35845674
v -0.39687398 0.64931661 0.22852452
v -0.40685112 0.68104820 -0.25192189
v -0.45816253 0.67916841 0.02892975
v -0.40582679 0.69230940 0.26385603
v -0.43798746 0.69165466 -0.08189245
v -0.39947043 0.72422203 -0.02838323
v -0.42176474 0.74078773 -0.22840823
v -0.42706074 0.72094844 -0.11006267
v -0.42180478 0.73460688 -0.07908487
v -0.43040771 0.74843485 0.15884463
v -0.42205268 0.73564512 -0.05436268
v -0.41738921 0.81148797 0.21640897
v -0.40567463 0.81909058 0.24755992
v -0.30829737 -0.95818462 -0.43857388
v -0.42523468 -0.15873314 -0.09524037
v -0.41742763 0.02349139 0.08754376
v -0.42155921 0.05118682 -0.36754480
v -0.41571892 0.05904093 0.12765696
v -0.41334459 0.19636708 -0.39402405
v -0.41463236 0.23136993 -0.39815176
v -0.38203295 0.28851997 -0.39167104
v -0.41078655 0.28657187 -0.31929511
v -0.41036602 0.30037546 0.26872306
v -0.41074262 0.42854569 -0.39319435
v -0.41432168 0.49662569 0.29621847
v -0.40543807 0.51242540 0.24646780
v -0.41900806 0.53230233 0.28097098
v -0.39839545 0.57078768 0.36393914
v -0.41125977 0.55286418 -0.42803800
v -0.41264591 0.58556420 0.34643266
v -0.42344074 0.60788090 -0.30923494
v -0.39280522 0.61944870 -0.42526048
v -0.43486879 0.60621730 0.30620365
v -0.40569528 0.60958076 0.34163869
v -0.43346499 0.66769104 -0.08474003
v -0.42178935 0.68112774 0.15581567
v -0.40674926 0.67319491 0.23513609
v -0.39214197 0.73204874 -0.07172002
v -0.40103121 0.72042532 0.02858943
v -0.41915887 0.72899055 0.05818550
v -0.42615781 0.73468517 0.05036187
v -0.42505182 0.76586741 0.03387434
v -0.44463445 -0.75375271 0.07994344
v -0.39913043 -0.80251045 0.13924374
v -0.40228742 -0.15968214 -0.16051654
v -0.40023868 -0.13821309 -0.03963224
v -0.39732816 -0.17545193 0.07529309
v -0.40616777 -0.15908401 -0.20628757
v -0.36510631 -0.06452718 -0.23665308
v -0.41113576 -0.07814278 0.08820432
v -0.38286214 0.02347482 -0.36708024
v -0.40209997 0.06571230 -0.33095510
v -0.41352514 0.11161171 0.14786687
v -0.41039990 0.11838547 0.18751255
v -0.41679063 0.15226947 0.16312479
v -0.39561395 0.37865502 0.37407604
v -0.38262823 0.40516895 0.30585143
v -0.41018005 0.47622794 -0.44998108
v -0.39972360 0.49311582 0.32783856
v -0.40150097 0.51915485 0.31522049
v -0.41940411 0.59502252 -0.41807130
v -0.40958393 0.58507861 0.34210088
v -0.42129979 0.62740647 0.26812785
v -0.40720333 0.64848106 -0.32443258
v -0.42748536 0.63716176 -0.29268733
v -0.38835234 0.63483782 0.30547596
v -0.40625859 0.66269882 0.09079720
v -0.38482239 0.68738613 0.10625523
v -0.41995810 0.68489130 -0.15239938
v -0.39023341 0.73067866 0.20930531
v -0.41731835 0.71277978 -0.34359295
v -0.40725378 0.71373245 -0.14433531
v -0.41400526 0.69328677 0.06088133
v -0.40751943 0.71864538 0.27994728
v -0.42328780 0.72454227 0.12890653
v -0.42797076 0.75142267 -0.09448780
v -0.40476476 0.75826847 0.18434714
v -0.40060978 0.80929372 0.06655350
v -0.39587339 -0.27576274 -0.02198096
v -0.39696441 -0.26270745 0.07420121
v -0.39047274 -0.19117142 0.00001307
v -0.40701389 -0.11204446 0.19194724
v -0.40452284 -0.09848097 0.04844051
v -0.37846253 -0.08688021 -0.27414855
v -0.42364005 -0.05457523 0.00556168
v -0.40590550 0.00072472 -0.37303153
v -0.39663578 0.02285341 0.21544133
v -0.38742392 0.08545754 -0.41853392
v -0.40394987 0.08149656 -0.38262247
v -0.43636765 0.08469726 -0.38547627
v -0.38706803 0.09618749 -0.32193702
v -0.39909103 0.17082755 -0.34980415
v -0.41788747 0.42215069 0.34634279
v -0.39828412 0.50997029 0.43889014
v -0.37506197 0.52887491 -0.41764989
v -0.39951542 0.55762670 0.39605782
v -0.41310107 0.59747244 0.24749048
v -0.38110765 0.63790600 -0.07753881
v -0.39966831 0.63986577 0.35677453
v -0.39861759 0.64417618 0.36734459
v -0.38080646 0.63030631 0.38652722
v -0.40274932 0.68065458 -0.20387657
v -0.40480604 0.66748363 -0.00279332
v -0.40374605 0.68412625 0.34947279
v -0.38896400 0.71113460 -0.15607368
v -0.41422975 0.71039233 -0.10290583
v -0.38878654 0.73442417 -0.00081070
v -0.39504818 0.74721294 -0.11890353
v -0.38887873 0.75337391 0.22856618
v -0.39806661 0.75890942 0.18183575
v -0.41556912 0.76083678 0.20891147
v -0.39380834 0.78070578 0.19271693
v -0.38729091 -0.26550993 0.13490978
v -0.39465316 -0.21474163 -0.12059252
v -0.39073125 -0.22916049 -0.16304864
v -0.36914903 -0.16450522 -0.23048647
v -0.38919134 -0.03987234 0.01154123
v -0.37431616 0.19614326 -0.33491858
v -0.40973817 0.22500038 -0.45613501
v -0.41528113 0.24520915 0.27874135
v -0.36740657 0.27795174 -0.39649600
v -0.39253542 0.31075008 0.32080265
v -0.37695113 0.33651617 0.36742046
v -0.38910143 0.38368590 -0.49187172
v -0.38156200 0.42918611 -0.47151882
v -0.39897373 0.45781835 0.42255192
v -0.40453026 0.47554599 -0.43206849
v -0.39310942 0.49826096 -0.43188902
v -0.41016977 0.50289336 0.35923846
v -0.39377980 0.53090300 0.41439498
v -0.40774563 0.55697865 -0.38296448
v -0.38437680 0.55318047 -0.34464521
v -0.40085393 0.58472429 0.41806778
v -0.39270485 0.57719837 -0.39974619
v -0.39970123 0.62026466 -0.34723070
v -0.38170090 0.65418848 0.12722821
v -0.39322047 0.65385215 0.35641838
v -0.39711034 0.65592313 0.38355461
v -0.38692406 0.66125302 -0.18247302
v -0.39028340 0.71520179 0.31486097
v -0.39922821 0.72298838 -0.24742499
v -0.38042963 0.69622978 -0.20032062
v -0.38980284 0.76337414 0.08372303
v -0.39256360 0.76072842 0.18382996
v -0.39971848 0.78076515 0.15874930
v -0.36751818 0.78504679 0.22318993
v -0.68437926 -0.99766150 -0.13620595
v -0.35756515 -0.68462246 -0.31577590
v -0.37900155 -0.38459180 0.02096380
v -0.38952621 -0.28834613 -0.08300058
v -0.38916360 -0.25916457 -0.03747741
v -0.35487215 -0.03724146 -0.38906632
v -0.37271211 0.41624035 0.32421463
v -0.38088234 0.42952140 0.40405837
v -0.38900372 0.45641712 0.36516827
v -0.38091820 0.55486960 -0.48841997
v -0.38450561 0.56840631 0.43173924
v -0.35456273 0.55041942 0.39289211
v -0.35164105 0.60745922 0.35078257
v -0.38684286 0.59953290 0.26622319
v -0.36857143 0.62259037 0.24023582
v -0.36165639 0.64150175 0.36675060
v -0.36807916 0.65057021 0.36109975
v -0.38448048 0.65946515 -0.36668570
v -0.37374913 0.70406896 -0.00191536
v -0.36977349 0.75623479 -0.05814774
v -0.46258207 -0.97755256 0.20516226
v -0.37918722 -0.37327612 0.06339496
v -0.38048188 -0.35221987 0.10353416
v -0.39889100 -0.30491411 -0.03930153
v -0.36795667 -0.32700607 0.15121325
v -0.37054938 -0.21897811 -0.22030566
v -0.38231458 -0.14746483 0.27543820
v -0.34616055 -0.12366499 -0.32748393
v -0.40239679 -0.10210984 -0.32099967
v -0.39454653 -0.01173106 -0.41258939
v -0.36107284 0.05032929 -0.43114926
v -0.34376781 0.17005168 0.34890793
v -0.41069570 0.20402473 -0.43320742
v -0.38743707 0.26101829 -0.42418161
v -0.36600802 0.45504414 0.41164877
v -0.38457243 0.48365958 0.40748863
v -0.37800516 0.49447818 -0.38730773
v -0.38716616 0.65455580 -0.41895220
v -0.32626213 0.64730955 0.32711564
v -0.37607229 0.70585107 -0.16013245
v -0.37400403 0.72157289 -0.15888635
v -0.36538919 0.71598369 -0.13288960
v -0.40437893 0.78332465 -0.20435920
v -0.36162433 0.78929171 0.07295049
v -0.37117678 0.79448342 -0.20806260
v -0.37519119 0.82702008 0.11577134
v -0.37738847 0.77536979 -0.00972186
v -0.38430677 0.80936222 0.01741225
v -0.41945820 -0.64374006 -0.20570157
v -0.35889708 -0.40852682 0.09504520
v -0.36220448 -0.40476203 0.14411743
v -0.36085488 -0.35750033 -0.09741135
v -0.37089166 -0.34249646 -0.05186042
v -0.36786899 -0.33864346 0.00344489
v -0.36955165 -0.14755466 -0.28855140
v -0.38077634 0.12783392 -0.45117575
v -0.37778203 0.15323939 -0.41825585
v -0.38228390 0.19897001 -0.40517432
v -0.37592004 0.22019777 -0.50338258
v -0.37129786 0.22876613 -0.41477838
v -0.34448826 0.27596708 -0.51268798
v -0.37062494 0.27236647 -0.46365901
v -0.37651828 0.30419039 -0.42251730
v -0.36020194 0.31824967 -0.50498633
v -0.38121701 0.37970338 0.31692966
v -0.36232754 0.40896748 -0.44107042
v -0.35589228 0.41265455 -0.45718243
v -0.37914606 0.46017592 -0.40955973
v -0.37477667 0.52392831 -0.45209190
v -0.36593606 0.52359970 -0.42859211
v -0.36726866 0.51644280 -0.44712996
v -0.35607713 0.54776941 0.41200100
v -0.36578282 0.55642094 0.28457792
v -0.38174835 0.59338106 0.30993813
v -0.36005423 0.60399981 -0.32987456
v -0.35873412 0.61281561 0.39256470
v -0.38974020 0.71654775 -0.30662454
v -0.35940429 0.69835545 0.03189206
v -0.37175544 0.74924871 0.13176037
v -0.38999901 0.76948985 -0.24226169
v -0.37235076 0.72628838 -0.19691434
v -0.37080600 0.78925940 -0.09959332
v -0.37422950 0.75048344 0.16695774
v -0.36698167 0.78302996 -0.26002172
v -0.33341701 -0.86737066 0.20511278
v -0.34748456 -0.40911013 -0.05554765
v -0.36765051 -0.27950081 -0.13871796
v -0.34557726 -0.26306599 -0.22981836
v -0.32614792 0.07840935 -0.45118464
v -0.36094858 0.19457253 -0.44098325
v -0.36629426 0.21125384 -0.46133729
v -0.37033777 0.22820257 -0.43677263
v -0.37191401 0.26184683 0.30796533
v -0.33403506 0.35145333 -0.51912008
v -0.32974416 0.30098344 0.35469024
v -0.34958924 0.43942626 0.45563770
v -0.35084745 0.47121653 -0.46661161
v -0.36805753 0.49723132 -0.46538603
v -0.36584042 0.52580907 0.38685914
v -0.36111198 0.53989872 -0.40973318
v -0.34925646 0.54003979 0.34357460
v -0.36099928 0.55852283 0.41018968
v -0.35211127 0.56603020 0.39828046
v -0.37970968 0.60022722 -0.38850127
v -0.37489283 0.60784515 -0.37757972
v -0.37214247 0.64503160 -0.45665108
v -0.37132491 0.66033619 0.40150675
v -0.35988820 0.68523659 -0.08496091
v -0.34524076 0.71996962 -0.29433468
v -0.36195662 0.75096798 -0.12314607
v -0.37094911 0.78082365 0.11276151
v -0.35645536 0.76555680 -0.15636151
v -0.34393702 0.80582841 -0.13455663
v -0.35163449 0.79652818 0.14026555
v -0.36933855 0.82310253 -0.05577750
v -0.37027025 -0.95293555 0.24463763
v -0.34946330 -0.43931925 0.10881196
v -0.36215204 -0.29756220 -0.19303916
v -0.37283798 -0.22718492 -0.26244083
v -0.37291381 -0.28830622 0.18426331
v -0.34094755 0.16489114 -0.47536123
v -0.36278924 0.14154784 -0.42205814
v -0.35300155 0.16845428 -0.42673096
v -0.35190259 0.26359650 -0.46598774
v -0.33475737 0.25851104 -0.42441339
v -0.34350466 0.34674691 -0.39076431
v -0.35359785 0.38810597 0.33605098
v -0.35573721 0.39571276 -0.54895293
v -0.36161159 0.38381552 0.39799481
v -0.34940046 0.39248563 -0.39428153
v -0.31205133 0.45067849 -0.49376868
v -0.35404538 0.43999911 -0.42960432
v -0.34657720 0.55538939 0.50125338
v -0.36736939 0.55558281 -0.44416993
v -0.38683402 0.60397212 0.32062234
v -0.34930642 0.60961738 0.45528507
v -0.35828895 0.63248134 -0.38884673
v -0.33852206 0.64659921 -0.42037864
v -0.35522283 0.66467412 -0.12151545
v -0.33634488 0.65206419 -0.40961920
v -0.36232474 0.67997661 -0.33603106
v -0.34891611 0.68824592 -0.07351789
v -0.35937303 0.69251981 -0.25705008
v -0.34128171 0.69697910 -0.15139756
v -0.34737275 0.69860235 0.28450533
v -0.36355780 0.73468608 0.00915076
v -0.35538825 0.69019738 0.36999682
v -0.34486633 0.73671343 0.21827878
v -0.34795559 0.74745389 0.32069253
v -0.33685212 0.72155645 0.26179721
v -0.33069959 0.73399627 0.10054956
v -0.35145098 0.76405319 0.26193122
v -0.34432537 0.77320331 -0.01391699
v -0.34309032 0.79099561 -0.07000706
v -0.34220123 0.86158920 -0.16954054
v -0.35192429 0.80498432 0.09466032
v -0.35617253 0.79787289 0.02068490
v -0.37366720 0.83890310 0.18129100
v -0.35779324 -0.72730414 0.11761967
v -0.35335752 -0.44445191 0.07541662
v -0.36016802 -0.41896990 0.03992562
v -0.35127312 -0.38833886 0.20976420
v -0.34775151 -0.34030590 -0.14846884
v -0.37210395 -0.17207143 -0.30888069
v -0.33811453 -0.09356961 -0.38947149
v -0.36513881 0.06773395 0.29077787
v -0.33552399 0.29820974 -0.45495329
v -0.35309711 0.32362213 -0.47569645
v -0.34788297 0.39034767 -0.49586774
v -0.36955318 0.45689422 -0.50967296
v -0.34293827 0.47911396 -0.44792750
v -0.34025000 0.48295575 0.44543486
v -0.32877085 0.50973594 -0.38527780
v -0.32777674 0.52120145 -0.49816604
v -0.33084223 0.50203222 -0.46232737
v -0.35701213 0.56537236 -0.40706961
v -0.32553700 0.56622401 -0.44201527
v -0.33293084 0.61826590 -0.42273443
v -0.33522497 0.58909110 0.28648427
v -0.34485635 0.63878865 0.36158996
v -0.33128501 0.63116965 0.42197946
v -0.34334350 0.67183849 -0.23123416
v -0.33817302 0.70738351 -0.11077619
v -0.35269942 0.72979724 0.36642820
v -0.34955276 0.72334429 -0.20039085
v -0.35198292 0.75691168 -0.05406318
v -0.35004505 0.75711796 -0.29563731
v -0.35138239 0.78179310 0.02890974
v -0.33556163 0.76441053 -0.17958916
v -0.31891249 0.79728091 -0.11056506
v -0.33345019 0.79093974 -0.02558009
v -0.34698172 0.79789054 0.17482883
v -0.34515426 0.85416389 0.11278105
v -0.32482488 -0.82395410 0.19523918
v -0.31909621 -0.56070838 -0.07958923
v -0.33399058 -0.44076304 0.12623328
v -0.32444463 -0.47112849 0.00289520
v -0.33527512 -0.30981141 -0.21683052
v -0.31691317 -0.35614830 -0.21899498
v -0.32813469 -0.29749141 0.29654289
v -0.31995793 -0.14727933 -0.34349901
v -0.29864394 0.09207509 -0.46102824
v -0.33694124 0.15053725 -0.38764250
v -0.33153593 0.27015123 -0.53869112
v -0.33712558 0.37355363 0.31019463
v -0.34734410 0.49865931 0.40224141
v -0.33424070 0.54032435 0.42801382
v -0.32449753 0.54271914 -0.49553346
v -0.32232216 0.64434288 0.35432842
v -0.34957563 0.66295300 0.26596808
v -0.31921068 0.65965350 0.45032554
v -0.32880328 0.69525066 0.30723536
v -0.35280685 0.69680562 0.20862975
v -0.34369651 0.66888556 -0.37595253
v -0.34740787 0.70523318 0.26234385
v -0.35392933 0.74397759 -0.22522401
v -0.29349516 0.71169430 0.34310957
v -0.33165587 0.72927837 0.19237029
v -0.32581560 0.73261222 0.03276058
v -0.33519422 0.79228983 -0.04652689
v -0.16907707 -0.99109028 0.22284403
v -0.33582436 -0.59798650 0.00145382
v -0.32945587 -0.44505156 0.03964902
v -0.31444194 -0.46829612 0.09033566
v -0.30702421 -0.44857853 -0.08538078
v -0.33680782 -0.39955550 -0.12793674
v -0.32953611 -0.36614169 -0.18905656
v -0.33233078 -0.21063962 -0.27836488
v -0.32408626 -0.04502354 -0.33119551
v -0.32403650 -0.01596979 -0.40089435
v -0.33564597 0.23163005 -0.48837834
v -0.32132516 0.29343886 -0.45823975
v -0.34178017 0.37053341 0.38349572
v -0.32890588 0.43214559 -0.50927605
v -0.33375771 0.44576846 -0.46285527
v -0.31636931 0.48547648 0.48997772
v -0.34920972 0.48294404 -0.50395420
v -0.32276766 0.53194430 0.37349137
v -0.34260744 0.55642986 0.31251071
v -0.32683093 0.62906838 -0.48310427
v -0.30143370 0.62943970 -0.35288006
v -0.32451099 0.68003542 -0.30296394
v -0.32929582 0.69645192 0.28938840
v -0.33018038 0.68438304 0.39941195
v -0.32174305 0.75548666 -0.21625254
v -0.33592956 0.74151461 -0.26312115
v -0.28923032 0.71760162 -0.15864812
v -0.31225861 0.74661011 -0.04633323
v -0.32262763 0.76547476 0.31954367
v -0.32355251 0.76178233 -0.07764646
v -0.32137911 0.80922656 0.13508294
v -0.32104268 -0.63352139 0.09193480
v -0.34472032 -0.34407688 0.22701321
v -0.33972792 -0.18251336 0.34151802
v -0.33459608 0.00652323 -0.44794774
v -0.34079615 0.11744830 -0.49676334
v -0.33231748 0.11463821 0.41898748
v -0.33587650 0.19472418 -0.48871279
v -0.31441985 0.19667281 -0.41784239
v -0.31759550 0.43693282 -0.41828070
v -0.32608600 0.61561896 -0.40505275
v -0.31207991 0.66653935 0.31404920
v -0.31077672 0.70335134 -0.20018630
v -0.31686011 0.73046901 0.22502903
v -0.29981004 0.75102640 0.35215149
v -0.30673163 0.76184868 -0.26316481
v -0.32649717 0.79018048 0.25378524
v -0.31860952 0.78078383 0.00594420
v -0.33508758 0.82393857 -0.02634349
v -0.27162199 -0.81580758 0.22025601
v -0.30530583 -0.20169921 -0.33295872
v -0.36563386 -0.09146313 0.32022812
v -0.30468943 0.00110015 -0.42701591
v -0.31651238 0.14344214 -0.42928388
v -0.32256177 0.18624019 -0.52553540
v -0.31734590 0.24904851 -0.50578917
v -0.32840886 0.41568796 0.43723244
v -0.28756456 0.54172386 0.46661889
v -0.32932104 0.56608938 0.42986451
v -0.32528635 0.59690671 -0.36682876
v -0.30784597 0.61092207 -0.42604807
v -0.32174775 0.64639792 -0.44648633
v -0.30778382 0.66168340 0.27495351
v -0.32287139 0.70506488 0.32683568
v -0.30928351 0.68181662 -0.07813172
v -0.31441828 0.67574731 0.21556059
v -0.30948814 0.71139400 -0.39159598
v -0.28366005 0.76856612 -0.15346516
v -0.32171051 0.75080456 0.26911822
v -0.30524575 0.74956426 -0.12111926
v -0.32766934 0.76876031 0.20789761
v -0.30768717 0.77175366 0.11274713
v -0.31570674 0.80712107 -0.06183896
v -0.31539962 0.80577208 0.06828357
v -0.31765675 0.80530034 0.03110579
v -0.31387670 0.85302997 -0.01619004
v -0.29597847 -0.43656034 -0.16537354
v -0.32076144 -0.28850076 -0.27983071
v -0.31399919 -0.03579364 -0.42189899
v -0.34054508 0.00744910 0.31480546
v -0.30210217 0.03653815 -0.45357050
v -0.30152403 0.23710859 -0.52052304
v -0.30069645 0.22451173 -0.49438733
v -0.30376578 0.27999413 -0.53506206
v -0.32967314 0.29055449 -0.54495795
v -0.29112840 0.33743058 -0.51348303
v -0.31663555 0.32408987 -0.49673741
v -0.31408606 0.47450218 -0.53658202
v -0.30468877 0.49286166 -0.49553588
v -0.29786032 0.55971826 -0.42866511
v -0.30412806 0.60595005 -0.38568995
v -0.30049999 0.60916342 0.45926984
v -0.28937350 0.61510465 -0.45036407
v -0.30256042 0.62661275 -0.38866243
v -0.31251047 0.64750007 -0.38026607
v -0.28877196 0.75111142 -0.34841936
v -0.31230957 0.74919311 -0.10378945
v -0.29140814 0.72089326 0.25154209
v -0.30805474 0.76304390 -0.38750072
v -0.30483260 0.73674855 -0.29892827
v -0.29411437 0.75079201 0.08360334
v -0.29069226 0.80051815 0.30380387
v -0.29527835 0.82244735 -0.23678159
v -0.30881523 0.81762485 0.08366818
v -0.30814752 0.81617862 0.16927119
v -0.30766847 0.83743502 -0.04341386
v -0.30271720 0.88453075 0.30723579
v -0.31363562 0.87305890 0.36423626
v -0.32138691 0.90338157 0.26690691
v -0.30190840 0.90442444 0.37713056
v -0.29828318 -0.98530713 -0.40104111
v -0.32286678 -0.45388135 0.19627765
v -0.29874804 -0.28013608 -0.31790474
v -0.30895204 -0.25590542 -0.31443850
v -0.30037336 -0.07909485 -0.42709642
v -0.27941304 0.04263248 -0.44710407
v -0.29278441 0.05733254 -0.47982073
v -0.29450344 0.18826638 -0.48425109
v -0.30740511 0.25355166 -0.44852447
v -0.29744268 0.26614136 -0.52692787
v -0.29851107 0.28462827 -0.49159543
v -0.29791458 0.53245901 -0.45772073
v -0.29669257 0.56043755 0.50865442
v -0.30394483 0.63582461 -0.47711823
v -0.29304292 0.64297048 -0.35528480
v -0.28133385 0.66040973 -0.41830633
v -0.28054248 0.66226981 0.36591468
v -0.29201394 0.67654328 0.37750002
v -0.29906341 0.79316925 -0.21850574
v -0.31297382 0.80366269 0.10302534
v -0.28781192 0.81256439 -0.15301264
v -0.29675008 0.80952243 -0.13234608
v -0.28398828 0.79559375 0.26461696
v -0.30657418 -0.68652878 0.16015451
v -0.27992260 -0.69403332 0.16150403
v -0.30121522 -0.46590046 0.24039290
v -0.30033887 -0.43001234 0.28743233
v -0.27807599 -0.35825565 -0.26302587
v -0.30922685 -0.12699707 -0.38072542
v -0.28494444 0.02583570 -0.50445350
v -0.27906674 0.25658582 -0.50739046
v -0.29580859 0.32112475 -0.56580563
v -0.30952493 0.36156982 -0.53782343
v -0.27522217 0.38488361 -0.54588664
v -0.27976454 0.41883067 -0.51138125
v -0.29914838 0.47273550 -0.45580523
v -0.31919123 0.59921558 -0.47719759
v -0.29256055 0.62701228 -0.49403596
v -0.28688717 0.63272375 -0.49100965
v -0.28757558 0.63033572 -0.48343895
v -0.27879288 0.63606547 -0.42732952
v -0.28527670 0.66074119 0.40324994
v -0.26925548 0.72163211 -0.41285814
v -0.29371676 0.68327017 -0.35105590
v -0.27139462 0.68535646 0.43566420
v -0.28926642 0.72879339 0.44424228
v -0.28092718 0.78203704 -0.13668452
v -0.29995736 0.73358626 0.19819556
v -0.31220804 0.80577759 0.19562083
v -0.27918898 0.81081212 0.02426516
v -0.28610457 0.82801245 0.13247194
v -0.27564049 0.81312453 -0.00065570
v -0.27771765 0.82210539 0.36437074
v -0.26947923 -0.44409081 -0.19092314
v -0.28796232 -0.31301788 -0.28024080
v -0.28562644 0.10959781 -0.48524043
v -0.27166897 0.13628751 -0.52413156
v -0.29403751 0.20290278 -0.54182046
v -0.27966878 0.28675557 -0.53481018
v -0.30795114 0.38941584 -0.50703223
v -0.28785603 0.37864692 -0.44123375
v -0.28164620 0.43985454 0.49399265
v -0.28163133 0.49183349 -0.53597308
v -0.29319698 0.46683789 -0.49528057
v -0.29496373 0.49136961 -0.57452431
v -0.28555101 0.51024614 -0.54478719
v -0.27950924 0.63282999 -0.48338994
v -0.29787221 0.65904495 -0.33606184
v -0.29955037 0.77834560 -0.31249445
v -0.27910874 0.77250131 -0.17435862
v -0.28082548 0.79530911 -0.30436513
v -0.26502061 0.82008910 -0.09042426
v -0.26548020 0.78436697 -0.25467985
v -0.30064624 0.80489926 -0.17029246
v -0.26918530 0.81011917 -0.13842318
v -0.26770731 0.80634968 0.23433210
v -0.28500299 0.83836254 0.05988415
v -0.27466806 0.80843497 0.28879828
v -0.26119222 0.84589401 -0.13513196
v -0.24882048 0.82359251 0.38670725
v -0.29245269 0.87042966 0.38368544
v -0.27031071 0.91417347 0.34034418
v -0.27137397 -0.18754393 -0.35346698
v -0.28237774 0.02014779 0.37943137
v -0.27201972 0.16017177 0.47774440
v -0.26033848 0.16878098 -0.51218693
v -0.25837569 0.23723549 -0.53520122
v -0.27320355 0.41576880 -0.58399124
v -0.25167278 0.45843254 -0.52209406
v -0.27349750 0.49087593 -0.53820580
v -0.28447257 0.45893170 -0.54197656
v -0.26940413 0.49285016 -0.53009088
v -0.25781507 0.49839632 -0.50686656
v -0.28712056 0.55999026 -0.48075617
v -0.27697590 0.61623648 -0.46781371
v -0.26032606 0.63648458 -0.44887106
v -0.26847054 0.64409862 0.43240740
v -0.26883978 0.69886218 -0.30050002
v -0.27629225 0.67073993 0.45854305
v -0.28290618 0.71401054 0.42055790
v -0.26542488 0.77174292 0.29494982
v -0.26474497 0.79868579 -0.36913773
v -0.29665766 0.79031223 -0.00687758
v -0.26752651 0.78528435 -0.03752577
v -0.27668313 0.80820925 0.13866423
v -0.27066878 0.82122445 0.11225217
v -0.25914656 0.81602167 -0.18867352
v -0.27703561 0.86580766 -0.00458116
v -0.27406673 0.86150759 0.02439322
v -0.26281187 0.89336639 0.13914754
v -0.24010991 0.88746423 0.37163195
v -0.29111965 -0.49302994 0.14971542
v -0.25676569 -0.45328618 -0.16861261
v -0.24811051 -0.17292343 -0.34598828
v -0.23807533 0.04939085 -0.45218346
v -0.24077118 0.10245207 -0.51932689
v -0.28448435 0.15801081 -0.50544152
v -0.26651238 0.15708120 -0.51108001
v -0.25918502 0.20767063 -0.54016661
v -0.28867364 0.35600024 -0.47980217
v -0.24580246 0.42406413 -0.54099351
v -0.27971262 0.50415816 0.50424840
v -0.26176422 0.47228175 0.48996036
v -0.25107204 0.55972167 0.42725834
v -0.27855528 0.57344591 -0.53435489
v -0.25963127 0.58775273 -0.48432021
v -0.27010111 0.61902168 -0.47977353
v -0.27848556 0.65674547 -0.49416875
v -0.27887466 0.68728966 -0.36341446
v -0.25949779 0.67993739 0.40929614
v -0.26830673 0.70072838 0.39485838
v -0.25940530 0.71610223 0.26834870
v -0.27677044 0.77072201 0.32080653
v -0.26089581 0.77030043 0.33963169
v -0.26139549 0.82943016 -0.28292912
v -0.26308642 0.77635443 0.12179189
v -0.27025549 0.82542907 0.20494330
v -0.24174370 0.82890005 0.25902762
v -0.28032320 0.87702815 0.20201473
v -0.27344882 0.91801889 0.28775520
v -0.21421082 -0.68534736 -0.36668621
v -0.26013311 -0.54962589 -0.19304995
v -0.26518742 -0.22311200 -0.33707615
v -0.26217567 -0.23376091 -0.38227119
v -0.26526935 -0.08889403 -0.42877065
v -0.27121488 -0.01610055 -0.47691901
v -0.24755345 0.04775329 -0.52129185
v -0.26395116 0.15359659 -0.52431579
v -0.25117554 0.14529792 -0.46997366
v -0.25952683 0.21272822 -0.47415326
v -0.26130585 0.27230252 -0.54501713
v -0.25317618 0.31053024 -0.43837310
v -0.28243226 0.34275409 0.40164057
v -0.26039348 0.38175340 -0.58398800
v -0.26059473 0.33815627 -0.52898800
v -0.25134172 0.39075293 0.43590319
v -0.25463304 0.55736932 0.43771459
v -0.26298671 0.61343014 0.41610461
v -0.24461321 0.59721808 0.38341218
v -0.24172964 0.72697534 -0.10810759
v -0.24417749 0.72852116 -0.31710938
v -0.23974575 0.78709154 -0.28528552
v -0.26130309 0.79058976 -0.27885203
v -0.24318843 0.79353834 -0.11362561
v -0.26321067 0.83006214 0.05703354
v -0.26633156 0.85671715 0.29466254
v -0.29129868 -0.87966799 0.23019140
v -0.25082632 -0.74273895 0.22513452
v -0.23644318 -0.50949761 0.29976497
v -0.27405557 -0.31897278 0.37534725
v -0.23010847 -0.25450230 0.44030688
v -0.26917146 -0.15958383 0.43479471
v -0.25223901 -0.05478611 -0.44772862
v -0.20474107 0.07024824 0.45463091
v -0.26163621 0.25937581 -0.57080998
v -0.29696475 0.21969891 0.41363928
v -0.25704327 0.40690327 0.43422146
v -0.25299396 0.49644907 -0.48019323
v -0.27273138 0.52696279 0.43701370
v -0.25448857 0.56010831 0.41420913
v -0.24047502 0.60827075 0.41197758
v -0.23636421 0.63496997 -0.50720844
v -0.25702634 0.73370781 -0.35663247
v -0.25761361 0.75100882 -0.33544180
v -0.22883914 0.74672133 -0.37894205
v -0.24229876 0.72184335 0.29748155
v -0.25558597 0.77204472 0.18337378
v -0.24525992 0.73963020 0.23829567
v -0.26580346 0.80172069 -0.30005529
v -0.25937369 0.80888687 0.19764953
v -0.26957485 0.81188322 0.35258661
v -0.25309205 0.82355231 0.16990813
v -0.24814599 0.80844515 0.29775377
v -0.25232531 0.82196685 0.30058875
v -0.25458536 0.82061308 0.34090926
v -0.23904750 0.83403293 -0.05274115
v -0.23594893 0.82728637 0.11822154
v -0.25944954 0.86867694 0.07086663
v -0.24131054 0.88224209 0.20833703
v -0.26008807 0.88973004 -0.03153624
v -0.23225763 -0.47341393 0.35501319
v -0.27552585 -0.39434311 -0.24368123
v -0.25489506 -0.42528847 0.32549589
v -0.23277362 -0.19827187 -0.39395635
v -0.26352466 -0.14549986 -0.38469015
v -0.24265700 -0.16102513 -0.41681852
v -0.21706924 0.17760879 -0.50510022
v -0.23986572 0.26361532 -0.51816413
v -0.24828446 0.38222722 -0.54437734
v -0.24278443 0.59934674 -0.55832169
v -0.24255584 0.58124152 0.48581005
v -0.22541185 0.65774373 -0.41568030
v -0.24470635 0.70290508 0.33860404
v -0.25009911 0.74547000 0.44937181
v -0.26201777 0.71755749 0.40457135
v -0.24755803 0.77012473 -0.21733255
v -0.22535288 0.72841826 -0.01404827
v -0.23704992 0.76730163 0.05506403
v -0.25651922 0.73507644 0.38351867
v -0.26087543 0.77264352 0.03878450
v -0.23523920 0.77864966 0.32009818
v -0.27014608 0.81288614 -0.16081462
v -0.24531991 0.84257441 -0.15617705
v -0.24625111 0.83241283 0.29782202
v -0.24408524 0.83971931 -0.30144081
v -0.23927630 0.89624097 0.05795272
v -0.30576202 -0.85405718 -0.44696366
v -0.18531387 -0.55259508 -0.24960377
v -0.23343252 -0.38807374 -0.28453272
v -0.24274173 -0.26081308 -0.35754676
v -0.23186889 -0.13754864 -0.45979997
v -0.23292109 -0.12891095 -0.46083154
v -0.24471047 -0.12327830 -0.43027261
v -0.22163880 -0.12646525 -0.44004074
v -0.23083703 0.15753155 -0.51694116
v -0.20046004 0.35488841 0.45120663
v -0.21219787 0.54073914 0.48379665
v -0.24163298 0.53420779 -0.52748755
v -0.26199793 0.52487304 0.46893647
v -0.22862108 0.63149181 0.46402878
v -0.24196977 0.61383380 -0.39913783
v -0.23993856 0.61588192 -0.45674832
v -0.22885327 0.73314376 -0.18895578
v -0.23650687 0.72714596 0.38275528
v -0.22714611 0.77929729 -0.32587106
v -0.22582365 0.74775288 -0.12606030
v -0.22505029 0.78801560 -0.18625976
v -0.24227437 0.84173020 -0.02078557
v -0.22515948 0.78102000 0.28565203
v -0.24415318 0.82992989 -0.27139553
v -0.22763773 0.81072079 -0.23780726
v -0.24687387 0.81169372 -0.13985184
v -0.22759377 0.82630900 0.08312307
v -0.24738530 0.87869014 -0.07494095
v -0.23617728 0.86785048 -0.00216944
v -0.24103651 0.86764205 0.16505875
v -0.22301255 0.88536867 0.08893134
v -0.24278697 -0.32215561 0.43960802
v -0.22366416 -0.13541298 -0.45970629
v -0.23161178 -0.13059627 -0.45839144
v -0.22111443 -0.01837664 -0.52452696
v -0.22637238 0.32299409 -0.52364759
v -0.25325138 0.34392959 -0.56305431
v -0.21918083 0.39186283 -0.59380605
v -0.21632231 0.42064495 0.45366359
v -0.22863935 0.47657733 0.49746863
v -0.23940657 0.47756671 0.42017246
v -0.21070683 0.59890447 0.45467940
v -0.21941813 0.64710871 0.53992100
v -0.23161689 0.68590570 0.44329520
v -0.23041269 0.69815302 -0.30404561
v -0.25388869 0.75174383 0.42467108
v -0.19714931 0.76373584 0.20185795
v -0.22195272 0.82922952 -0.13799592
v -0.22607711 0.82967508 0.05526415
v -0.22599868 0.86627342 0.08321878
v -0.21841280 0.88566506 -0.01945284
v -0.23047254 0.91645519 -0.01278851
v -0.23972178 -0.73808822 0.20410641
v -0.22761755 -0.58430371 0.21599898
v -0.21225858 -0.45224862 -0.21989676
v -0.21169021 -0.37189012 0.41319466
v -0.23504257 -0.32698237 -0.31611494
v -0.25411108 -0.30130216 -0.32265157
v -0.22288398 -0.13945048 -0.46129171
v -0.21630479 -0.08984304 -0.45812626
v -0.26056386 0.06456228 0.44895935
v -0.23294742 0.11232117 -0.56337987
v -0.20324731 0.36759831 -0.51847802
v -0.22273548 0.43522896 -0.53185365
v -0.19509327 0.42598917 -0.55168183
v -0.21102304 0.43491589 -0.49050045
v -0.23124621 0.45943113 0.39547727
v -0.21152788 0.44688669 -0.50380873
v -0.20981635 0.44782584 0.39086108
v -0.21115599 0.51513107 -0.51239628
v -0.21119701 0.55443219 0.44698172
v -0.22444183 0.64040915 0.49459167
v -0.21625639 0.65176333 -0.53592944
v -0.21421672 0.67416414 -0.49778713
v -0.19426340 0.67144962 0.49766322
v -0.19268461 0.69866387 -0.38620243
v -0.23212194 0.74336385 -0.40123564
v -0.22464815 0.73205423 -0.36451119
v -0.21647949 0.76765631 -0.23162369
v -0.20924166 0.76619062 0.40939343
v -0.19920552 0.81010185 0.26346537
v -0.23422021 0.81159276 -0.19702183
v -0.21192098 0.80239197 0.10576927
v -0.21267794 0.77631849 -0.13212436
v -0.21073744 0.87234551 0.06731065
v -0.20969169 0.86799908 -0.06294237
v -0.18356154 -0.96877285 0.25882555
v -0.21391526 -0.91341948 0.26391498
v -0.20079057 -0.77959320 0.25792413
v -0.21425760 -0.44180604 -0.24205160
v -0.21609141 -0.37069953 -0.28871386
v -0.17330335 -0.24393075 -0.39079574
v -0.20221163 -0.22778278 -0.35290721
v -0.20633269 -0.09628188 -0.41078748
v -0.20309782 -0.04251576 -0.48248056
v -0.22205760 0.01822241 -0.50994566
v -0.19849402 0.08123241 -0.56023392
v -0.26241312 0.08570685 0.43783579
v -0.22235491 0.23188459 -0.59073764
v -0.14926885 0.41053243 0.46171471
v -0.22471019 0.34957168 -0.54536579
v -0.21619477 0.40841594 -0.51919931
v -0.21048550 0.41102995 0.44173296
v -0.20348205 0.43244123 -0.50612294
v -0.22587092 0.47895954 -0.52603338
v -0.23851856 0.52547364 0.44787422
v -0.22712307 0.51351534 -0.56405541
v -0.21753151 0.54432860 -0.52229257
v -0.21921011 0.58337133 -0.46927097
v -0.20282872 0.62971033 -0.48463842
v -0.23724090 0.65109033 -0.46131158
v -0.19760201 0.71809324 -0.29368266
v -0.20852017 0.72435348 -0.34321330
v -0.21043775 0.76227892 -0.37017514
v -0.21695298 0.77981272 0.22599398
v -0.21223666 0.80428509 0.31104165
v -0.22470751 0.78299365 0.25233002
v -0.20546239 0.75710798 -0.03693983
v -0.18955879 0.80126820 0.06578020
v -0.22535372 0.84471313 -0.10315387
v -0.20236669 0.88857979 -0.12826432
v -0.19968244 -0.21625378 -0.38884866
v -0.21514153 -0.04158074 0.43568583
v -0.20779839 0.11617101 -0.49750572
v -0.18862375 0.14783799 -0.53520769
v -0.20995124 0.17429488 -0.56512031
v -0.20027753 0.22213750 -0.54073190
v -0.23445807 0.30513318 -0.55414491
v -0.20486302 0.42092307 0.43560597
v -0.18901855 0.44418730 -0.46630858
v -0.19274748 0.60139842 0.47127216
v -0.21330745 0.63760294 0.39249866
v -0.18730507 0.69894255 -0.46848745
v -0.22637820 0.72766236 -0.43860784
v -0.18936072 0.73345392 -0.38811939
v -0.21627934 0.78125516 0.34371524
v -0.20062750 0.78312743 -0.22507772
v -0.18932221 0.82518703 -0.09718174
v -0.20344500 0.82393923 0.13811520
v -0.19746482 0.85416288 -0.19541512
v -0.19169544 0.85474528 -0.04532954
v -0.22596235 0.89658663 0.15720080
v -0.20025987 0.87634628 0.29971483
v -0.21172795 0.87513339 -0.06946546
v -0.16402595 -0.45414538 -0.25348330
v -0.18281339 -0.30016019 -0.34656207
v -0.19808990 0.01300680 -0.53192885
v -0.19725168 0.03277405 -0.50930072
v -0.18266204 0.04179119 -0.45649464
v -0.17604001 0.08387692 0.48125224
v -0.21474061 0.23907971 0.46950031
v -0.17190321 0.27016085 -0.59760184
v -0.19589781 0.34115519 -0.63197887
v -0.19784758 0.36050741 -0.55165076
v -0.20012507 0.49525641 -0.45469010
v -0.18973361 0.52275452 0.44211300
v -0.19293776 0.61499461 0.47091198
v -0.18603470 0.64753622 -0.47215529
v -0.22350582 0.70914419 0.41757583
v -0.19604054 0.76299918 -0.41924474
v -0.19310699 0.78061896 -0.32808369
v -0.20225283 0.79378424 0.22437433
v -0.19783681 0.83492200 -0.00992705
v -0.20499327 0.82819647 0.16894752
v -0.20940724 0.84662805 0.25337245
v -0.20617577 0.82309493 0.01530634
v -0.19714755 0.85801415 -0.02072532
v -0.19621002 0.85167807 0.21320010
v -0.19186092 0.86856057 -0.04970052
v -0.20092102 0.87849842 0.11915052
v -0.17236816 -0.78433919 0.24820990
v -0.17459171 -0.34978596 -0.33417285
v -0.16014945 -0.26686939 0.48798901
v -0.21741810 -0.13824880 -0.43358133
v -0.19791271 -0.13444644 0.47237282
v -0.18779959 -0.11327418 -0.44815170
v -0.15833539 -0.05742917 -0.50363828
v -0.21852702 0.01747472 0.44901935
v -0.19495705 0.08130536 -0.50594177
v -0.17513337 0.10934345 0.47303410
v -0.18375052 0.32234631 -0.57242309
v -0.17571448 0.38694881 -0.56517921
v -0.19869380 0.46420963 -0.56552048
v -0.19247342 0.47698418 -0.49200490
v -0.19574218 0.49584025 -0.60239039
v -0.19039347 0.56861436 -0.51855917
v -0.20900621 0.60436577 0.55117706
v -0.21201156 0.60303940 -0.51325561
v -0.17744444 0.61982938 -0.51630847
v -0.18229133 0.64503028 -0.45388698
v -0.18555295 0.65395009 0.46867514
v -0.19651505 0.67278871 -0.45402370
v -0.18606837 0.66016858 0.45257820
v -0.19287567 0.70970532 0.46307130
v -0.19943404 0.73645561 0.22714926
v -0.19135486 0.74389491 0.37460708
v -0.20164901 0.81940166 -0.37831784
v -0.19875117 0.79510387 0.18494503
v -0.20198848 0.80915538 -0.05274425
v -0.17686539 0.84241908 -0.07895081
v -0.19195227 0.89034795 -0.20410824
v -0.18864335 0.85750886 -0.04901505
v -0.17805783 0.85185869 0.14081963
v -0.16782250 0.88603475 -0.07463966
v -0.17954248 0.89547810 -0.09547235
v -0.17365480 -0.73164459 -0.40078604
v -0.19703556 -0.16306139 -0.40410136
v -0.16473627 0.31768607 -0.60940179
v -0.17320585 0.34963182 -0.60929768
v -0.18475140 0.42573346 0.43247665
v -0.17231689 0.52652623 -0.44794502
v -0.20682512 0.51696470 0.52791042
v -0.18508526 0.52798294 -0.47148198
v -0.20897439 0.57763399 0.50348216
v -0.16482483 0.66701716 0.48988116
v -0.16579808 0.68301074 -0.48428358
v -0.17854622 0.71113389 -0.40744167
v -0.16466292 0.72063111 0.36047855
v -0.18218560 0.75759939 -0.42613995
v -0.15508035 0.77780208 -0.28418988
v -0.16848501 0.82731360 -0.39537545
v -0.18976956 0.80557606 -0.29535968
v -0.17699139 0.77165902 0.08976529
v -0.18101690 0.82307391 0.16048819
v -0.18012876 0.80294398 -0.21260075
v -0.18580818 0.82834091 -0.25428666
v -0.19893033 0.84109982 0.08335548
v -0.17320557 0.84841202 -0.15869592
v -0.16983978 0.86427991 0.28698640
v -0.18852772 0.88394239 0.00162771
v -0.15154215 0.87274581 0.08830588
v -0.18660995 0.90078720 0.06039879
v -0.15913199 -0.50574670 0.42750417
v -0.16317809 -0.23370100 -0.35712431
v -0.19498351 -0.08980479 -0.49042801
v -0.17491576 0.03963713 -0.52356973
v -0.17721106 0.22465161 -0.56644960
v -0.18189278 0.29275368 -0.55807181
v -0.19391759 0.42660050 0.46589682
v -0.15072370 0.43251940 0.47425989
v -0.17681383 0.48333757 0.52076558
v -0.15530978 0.52483040 -0.47145694
v -0.16635104 0.53263696 0.49277024
v -0.16947699 0.55374947 -0.54969233
v -0.16792376 0.56009503 -0.49790806
v -0.16806082 0.57693979 0.44073952
v -0.16705473 0.60649492 0.54183662
v -0.16777522 0.66051384 -0.51228558
v -0.18592181 0.70210442 0.41830072
v -0.17548758 0.73186305 -0.35304026
v -0.17865390 0.79147082 0.35119549
v -0.16004023 0.82874135 -0.27093278
v -0.17093201 0.86725440 -0.23158088
v -0.17167441 0.90934209 -0.02093491
v -0.18813149 0.86641061 0.04655954
v -0.20402944 -0.27602565 -0.36196454
v -0.15493161 -0.14612300 -0.45496217
v -0.13683221 -0.01372358 -0.50797795
v -0.18942219 0.08806331 -0.52810933
v -0.16015386 0.14832715 -0.50050294
v -0.17853160 0.17499120 0.51131513
v -0.12957123 0.20886716 -0.55610841
v -0.15149310 0.41150692 -0.51648427
v -0.17116842 0.43302799 -0.60537546
v -0.16280295 0.46511871 -0.52518634
v -0.15420960 0.58237050 -0.54784222
v -0.16379233 0.60916360 0.47010028
v -0.17076411 0.68978659 -0.44367259
v -0.16550562 0.77688824 -0.32951581
v -0.17128188 0.81063405 0.15648809
v -0.14849185 0.79997126 0.29576586
v -0.15578605 0.82788264 0.31978620
v -0.16692142 0.83817360 -0.13416450
v -0.12729721 0.84064771 0.15853651
v -0.16852990 0.82916816 0.23631971
v -0.18506953 0.84914754 -0.01918582
v -0.16468020 0.85590712 0.15965116
v -0.16541395 -0.41116567 -0.29375218
v -0.16135073 -0.20793370 -0.42934302
v -0.14023714 -0.10006267 -0.48376846
v -0.15760041 0.25888562 -0.54611671
v -0.14461472 0.37211076 -0.59459564
v -0.15442084 0.43293729 0.45891236
v -0.15691698 0.48007756 0.45907638
v -0.17511096 0.51767816 -0.56511197
v -0.16856794 0.53664056 0.53244207
v -0.15170234 0.55043884 0.55221812
v -0.15327534 0.55407923 0.55412984
v -0.15171676 0.61028263 0.51721974
v -0.13986673 0.61241948 -0.42707932
v -0.14857832 0.65378852 -0.44768714
v -0.15027468 0.69126319 -0.44633414
v -0.14268052 0.69849968 -0.33211237
v -0.16369329 0.71707423 0.41279658
v -0.17437001 0.76890267 -0.38462029
v -0.16218802 0.80320449 -0.20329289
v -0.15751645 0.82391317 -0.11339901
v -0.13266062 0.83801571 0.37847594
v -0.15635522 0.87701612 -0.21810839
v -0.16550198 0.85646844 0.01761002
v -0.15287716 -0.29206246 -0.39552412
v -0.13462215 0.05096892 -0.53688304
v -0.10740385 0.06623437 0.46437056
v -0.15933802 0.12404058 -0.54311226
v -0.15125091 0.13855491 -0.56603248
v -0.14247822 0.16318160 -0.52164003
v -0.16984547 0.17354352 -0.58804867
v -0.15261243 0.23538663 -0.53341288
v -0.16182107 0.24975431 -0.48209457
v -0.13952267 0.25273426 -0.56470072
v -0.14196962 0.28415843 -0.58459625
v -0.14338396 0.48448183 0.46055862
v -0.15997881 0.50827568 -0.52630986
v -0.15482160 0.55958155 0.54664014
v -0.13412431 0.66604523 -0.49666536
v -0.15017554 0.64391796 -0.42362117
v -0.11948736 0.78037521 -0.44668796
v -0.14943359 0.77882254 -0.43314005
v -0.13520265 0.76756757 -0.14096426
v -0.13380867 0.76235997 0.22609984
v -0.14053119 0.84693099 -0.23212273
v -0.13387875 0.79086796 -0.32720537
v -0.13167760 0.83622905 -0.13633136
v -0.16145279 0.85775804 -0.33177483
v -0.14801640 0.86561766 -0.08220601
v -0.14330262 0.93412565 -0.04178616
v -0.14594628 -0.80912657 0.28098772
v -0.08429978 -0.80536435 0.26715891
v -0.19340126 -0.53299344 0.28425253
v -0.15351558 -0.10563574 -0.45983401
v -0.13069139 -0.05162848 -0.51052657
v -0.16342468 -0.01847671 0.45024327
v -0.12735633 0.02579489 -0.54283426
v -0.14052038 0.11238755 -0.58353679
v -0.14442912 0.15156303 -0.54204855
v -0.14131763 0.15482562 -0.55511606
v -0.15959108 0.16254138 -0.53926017
v -0.13005435 0.19284077 -0.56010782
v -0.13040689 0.32763339 -0.63598958
v -0.14392909 0.45139383 0.44397220
v -0.14767113 0.47945088 -0.58291986
v -0.13721544 0.51032741 0.53143751
v -0.15849241 0.55247629 0.51849827
v -0.12198823 0.55117865 0.53635126
v -0.12052280 0.67063318 0.48098229
v -0.14390507 0.71992423 -0.42882261
v -0.14305858 0.71127033 -0.45264279
v -0.13999012 0.70711767 -0.49161405
v -0.14631795 0.73608341 0.46841740
v -0.14179076 0.77561987 -0.11067217
v -0.13638536 0.82328780 0.26618188
v -0.13744105 0.79123223 0.03563215
v -0.11843211 0.82223680 -0.38547711
v -0.12241838 0.80972435 -0.29634140
v -0.13525065 0.87255530 0.05916331
v -0.15042804 0.85210317 -0.13044145
v -0.15223233 0.87607394 -0.05309267
v -0.13468945 -0.24457832 -0.42131501
v -0.11327635 -0.18886814 -0.42918270
v -0.18106787 -0.23473862 0.46832076
v -0.12614403 0.15974404 -0.58185807
v -0.12203491 0.23252066 -0.59181335
v -0.13135665 0.24757415 -0.50639736
v -0.13319253 0.43995028 0.44715319
v -0.15403612 0.53882365 0.54069807
v -0.14213107 0.56393268 0.56081577
v -0.13654899 0.61482961 -0.53108142
v -0.14600993 0.66311815 0.52686539
v -0.10753757 0.70943922 -0.51118241
v -0.14738000 0.74645397 -0.39048178
v -0.14812894 0.73367466 -0.49603608
v -0.12899223 0.74714637 -0.46839469
v -0.14849004 0.76575762 -0.37465555
v -0.13243444 0.76588100 0.15371394
v -0.12854352 0.85663636 0.01341707
v -0.13276239 0.85306760 0.26969105
v -0.13374874 0.87402529 -0.19957801
v -0.12715242 0.85413254 -0.22263235
v -0.15867389 0.88355099 -0.11454096
v -0.12960527 0.87961265 0.31186084
v -0.13290103 0.89620916 0.24920769
v -0.13368052 0.89510103 0.11480518
v -0.11303636 0.88731618 -0.01350821
v -0.09584091 -0.56502205 -0.28727954
v -0.11711362 -0.44599326 -0.28401341
v -0.12708098 -0.42801467 0.46197394
v -0.14007022 -0.13809857 0.48818892
v -0.13623693 0.32919993 -0.58750544
v -0.11989642 0.41841472 -0.57464395
v -0.13379697 0.45318749 0.44637043
v -0.13397352 0.45165989 -0.48968852
v -0.11284968 0.45526193 0.41629046
v -0.11565055 0.56080997 0.53367816
v -0.13398062 0.61615118 -0.56487222
v -0.10901907 0.69994620 -0.41398214
v -0.11702854 0.72003161 -0.35306873
v -0.14977728 0.75406858 0.41977537
v -0.10764355 0.79986797 -0.23465881
v -0.12282853 0.82235369 -0.21492542
v -0.11999977 0.85773312 0.19990710
v -0.12109880 0.83681563 -0.09583740
v -0.14349793 0.90529951 0.27829778
v -0.10719324 0.92851758 0.05490759
v -0.19241766 -0.93394842 -0.43690906
v -0.12386950 -0.69728084 0.27072888
v -0.16821528 -0.31925487 0.45291377
v -0.09620632 -0.18671216 0.50348693
v -0.12030919 -0.12977590 0.54031088
v -0.08797371 0.14090684 -0.57452374
v -0.10963944 0.16892526 -0.53240602
v -0.11235016 0.18481670 -0.59830308
v -0.08712682 0.32292917 -0.64088104
v -0.13862181 0.33860114 0.47194297
v -0.10519265 0.39485915 -0.59069317
v -0.11240039 0.41619629 0.48306438
v -0.12679208 0.46255432 -0.54536534
v -0.13344091 0.49451593 -0.55492459
v -0.12777464 0.56133170 -0.53337345
v -0.12172047 0.68596453 -0.45652821
v -0.12662054 0.76737503 0.38902753
v -0.11640319 0.81644473 0.25138341
v -0.11769853 0.81364921 0.32112556
v -0.11412353 0.82856959 -0.14451898
v -0.11118186 0.80299930 0.12057751
v -0.12728452 0.88441954 0.00122919
v -0.10084586 0.82609759 0.00663688
v -0.11450208 0.86821485 0.09707746
v -0.11318763 0.88023160 0.36687667
v -0.14346189 0.91365784 0.16787692
v -0.03334580 -0.97790348 -0.39448704
v -0.13737783 -0.55917715 0.36890080
v -0.13728818 -0.41826224 -0.31813674
v -0.13783387 -0.31469187 -0.37542200
v -0.08179710 -0.26876198 -0.41310153
v -0.05512832 -0.24582053 0.56345462
v -0.11042967 -0.15067344 0.54564946
v -0.12015558 -0.12795054 -0.47699290
v -0.11758708 0.05261189 -0.55730649
v -0.11769028 0.36794831 -0.53743684
v -0.10096303 0.36052655 -0.60378760
v -0.10268817 0.44501283 -0.59945617
v -0.10682473 0.48643294 -0.53788804
v -0.11169905 0.50188801 0.54554952
v -0.09589166 0.58586719 -0.49757387
v -0.08667112 0.61365115 -0.51776333
v -0.10300917 0.68028317 0.43289471
v -0.09717882 0.75476812 0.44592180
v -0.11374617 0.76794235 -0.20336141
v -0.11259536 0.84692185 -0.26984778
v -0.11925326 0.85835389 0.14293278
v -0.11814655 0.86286078 -0.13137647
v -0.11410855 0.89273441 -0.07438664
v -0.11598261 -0.83860723 -0.42568793
v -0.09287737 -0.37132383 -0.35728993
v -0.11078405 -0.28848919 0.49959259
v -0.09042641 0.00282015 -0.56718259
v -0.08227376 0.02446093 -0.53858250
v -0.09673941 0.22427354 -0.54173155
v -0.11394613 0.28814662 -0.56765153
v -0.09340781 0.28460932 -0.51866588
v -0.10932805 0.43560541 0.52634611
v -0.10659655 0.43075228 0.45945681
v -0.12096815 0.53746960 -0.56718037
v -0.09826828 0.52877312 0.56996997
v -0.11231247 0.53496268 0.55288971
v -0.10151388 0.60772557 0.52322980
v -0.09069650 0.55594788 0.50386135
v -0.10190003 0.60171504 -0.57535326
v -0.11153838 0.65494313 0.54654701
v -0.09009728 0.66396275 -0.49735646
v -0.08189447 0.72186978 0.46349083
v -0.09846953 0.75193029 0.37037625
v -0.09149520 0.76361051 -0.39739736
v -0.09701217 0.79789367 -0.00836629
v -0.11057579 0.84622218 0.26679666
v -0.09936311 0.86335493 -0.19993737
v -0.10216557 0.87644150 0.27517916
v -0.08860952 0.89481692 -0.23819359
v -0.12212916 0.91111975 0.02223335
v -0.10063140 0.94086313 0.21500270
v -0.09853796 -0.06253687 0.50429004
v -0.08828056 0.06056869 -0.51657195
v -0.07591575 0.19148833 -0.58143398
v -0.07171415 0.46211475 0.42307263
v -0.09745528 0.48703646 0.55080729
v -0.07841764 0.50888346 -0.51112804
v -0.09632196 0.51765613 0.54694413
v -0.09063206 0.52264056 0.56987309
v -0.09431041 0.53052720 0.56204013
v -0.09038910 0.53054476 0.56697786
v -0.09863773 0.53830194 0.51353340
v -0.08271922 0.57653524 0.44987998
v -0.11034647 0.66433271 -0.54778685
v -0.06746632 0.69074086 -0.46230105
v -0.09766337 0.74118162 0.46952855
v -0.08583178 0.76249690 -0.29769079
v -0.08627353 0.81727898 -0.25028645
v -0.07528198 0.83782941 -0.18448715
v -0.10850203 0.85771305 -0.17447557
v -0.09132984 0.80788283 0.24749050
v -0.08580579 0.84432196 -0.17082270
v -0.10052727 0.83088005 0.29623966
v -0.09529004 0.86936241 0.26891879
v -0.08412852 0.87322199 0.14025445
v -0.08853797 0.91264993 -0.03626984
v -0.09608617 0.92810558 0.11303981
v -0.09548232 -0.19915006 -0.42562545
v -0.08079026 -0.06884192 -0.51959276
v -0.08057871 0.00321698 -0.48750391
v -0.09895544 0.03345209 0.45165855
v -0.09327570 0.16069171 0.53612629
v -0.06682285 0.22706668 -0.61927258
v -0.08520488 0.26997142 -0.61572532
v -0.08028179 0.27000834 -0.58651028
v -0.09005067 0.31522620 -0.58595563
v -0.08442272 0.35871164 -0.56798537
v -0.08734174 0.42310932 0.50664621
v -0.07646342 0.42273066 -0.60963117
v -0.08823871 0.46340053 0.46805689
v -0.07501582 0.48707694 -0.48572342
v -0.08932514 0.52488922 0.56192726
v -0.08429867 0.52268481 0.56984437
v -0.08689657 0.53112729 0.57057647
v -0.06831912 0.61448766 0.50486192
v -0.05372037 0.66357087 -0.49652439
v -0.09158314 0.66077809 0.51073707
v -0.08947164 0.68990389 0.48800280
v -0.09630340 0.72831144 -0.44265298
v -0.07797289 0.73369380 0.49535670
v -0.08278165 0.75622625 -0.34773269
v -0.08812173 0.85769496 -0.31115036
v -0.07858987 0.81597804 -0.17987198
v -0.10347714 0.86202212 0.21617345
v -0.07910347 0.88187741 0.19796603
v -0.07930932 0.87731425 -0.12339052
v -0.05118648 0.86004542 -0.26052595
v -0.09245325 0.88269015 -0.10293974
v -0.21643938 -0.98762181 -0.37275581
v -0.03950748 -0.64564187 0.33118067
v -0.06719825 -0.17428149 -0.47356045
v -0.06783703 0.03086702 -0.53283856
v -0.07660865 0.07158831 -0.54495195
v -0.07304550 0.11855218 -0.55136850
v -0.08926288 0.23969321 -0.57065307
v -0.05632385 0.38651179 0.49201010
v -0.09448104 0.41223267 -0.56887959
v -0.10141073 0.54713936 -0.54499838
v -0.07448231 0.63136344 0.53599550
v -0.05564207 0.63685993 -0.51711705
v -0.08119978 0.69268108 0.39946556
v -0.07018800 0.70680795 -0.41206050
v -0.07788960 0.70056969 0.53394070
v -0.08188401 0.72880420 -0.38399426
v -0.07642813 0.76150475 -0.45227366
v -0.08636426 0.78205134 -0.33934563
v -0.04318167 0.81883991 0.35258738
v -0.08064036 0.83844333 -0.05775223
v -0.04686888 0.89167851 0.11098504
v -0.08071575 0.88252975 0.27448642
v -0.05468543 0.88377622 0.05255097
v -0.06111580 0.88278051 0.16084151
v -0.07317717 0.90270288 0.03210608
v -0.08592442 0.90017512 -0.00183008
v -0.10464737 -0.97174595 0.28443350
v -0.06880645 -0.47914868 0.51226552
v -0.06251995 -0.41966531 -0.33466021
v -0.07940562 -0.30811103 -0.39276085
v -0.09534796 -0.22248456 0.54146052
v -0.06105666 -0.07556339 0.58274590
v -0.05554422 0.01916496 -0.54420136
v -0.06940584 0.07769410 -0.48935544
v -0.07750574 0.12606652 0.51091096
v -0.07223967 0.43249411 0.46181805
v -0.06029806 0.43673507 0.51640070
v -0.06852624 0.49832218 -0.51899580
v -0.06923974 0.54835619 -0.60685447
v -0.04220747 0.53332982 0.56521980
v -0.05853424 0.61897816 0.56309229
v -0.04772046 0.68300833 0.38409303
v -0.06437561 0.71701749 0.47957780
v -0.05643405 0.76551665 0.40882555
v -0.06600673 0.78707317 -0.45842264
v -0.07268680 0.78909666 -0.37948585
v -0.07177310 0.80279738 0.18897038
v -0.08161282 0.82830319 -0.02566314
v -0.07493794 0.83395931 0.27633663
v -0.05978548 0.87656587 -0.05519796
v -0.07373016 -0.33311889 0.54059884
v -0.06914055 -0.24929832 -0.42087564
v -0.05774213 -0.14160090 0.52419261
v -0.00516007 -0.16140149 -0.47849919
v -0.07274803 -0.11661179 -0.48419504
v -0.04719099 -0.13290574 0.61840711
v -0.04577069 -0.11026820 -0.44678653
v -0.05614001 -0.06591216 -0.53297307
v -0.04625421 0.07637301 -0.53995234
v -0.06349131 0.25171668 0.50219535
v -0.09070153 0.31375938 0.48786073
v -0.08585299 0.45602996 0.52186250
v -0.06503616 0.46843572 -0.59294651
v -0.07140354 0.52369415 -0.56402880
v -0.07651424 0.56826044 0.53424738
v -0.05021667 0.73135924 -0.50483199
v -0.05662954 0.75421210 -0.40436314
v -0.06400695 0.73956384 0.43097083
v -0.06120253 0.79921390 -0.15107436
v -0.09329764 0.83129043 0.43377014
v -0.04646305 0.82879272 -0.38184900
v -0.05298572 0.83195813 -0.28129476
v -0.08551877 0.79984940 0.35027379
v -0.06681731 0.84494767 -0.15932267
v -0.06784429 0.84747808 -0.00201318
v -0.07310989 0.86307925 0.40608507
v -0.06277074 0.87382128 -0.03350252
v -0.05334540 0.83248497 0.02819132
v -0.05703048 0.89955558 -0.03489515
v -0.05877784 0.93914606 -0.12481153
v -0.06114693 -0.55604875 0.44295568
v -0.05298323 -0.48031987 -0.28734900
v -0.05157417 -0.16140378 0.57827481
v -0.05022440 -0.00658110 -0.54652191
v -0.04711746 0.24329904 -0.58021037
v -0.05571929 0.33823172 -0.57596512
v -0.03544463 0.46690037 -0.56575373
v -0.04430441 0.50890139 -0.55667971
v -0.05481283 0.51362134 -0.60630165
v -0.04627900 0.55101671 -0.53221924
v -0.04116977 0.69495084 0.51463449
v -0.06006542 0.72153620 0.44156464
v -0.05812624 0.76795874 0.48453536
v -0.04908359 0.78527152 -0.48236420
v -0.05884395 0.79736424 0.45699439
v -0.05845071 0.78727200 0.20621073
v -0.03859089 0.79527964 -0.14479823
v -0.05856507 0.82058165 -0.35109806
v -0.04844853 0.82529438 -0.04642827
v -0.04597039 0.84319162 -0.13807207
v -0.07253887 0.84623303 -0.23954854
v -0.05576470 0.84376825 0.30279169
v -0.05704160 0.81925487 -0.00713751
v -0.03552689 0.89855123 -0.24607586
v -0.05198405 0.87834900 -0.09005568
v -0.08454926 0.90224179 -0.18903598
v -0.08356641 -0.95374654 0.29511878
v 0.00084337 -0.34575128 0.54845671
v -0.02400754 -0.25786161 -0.42984018
v -0.04498114 -0.16911039 -0.43201962
v -0.03945623 -0.06679276 -0.50575974
v -0.04117828 0.03801172 0.52438051
v -0.03737082 0.03719345 -0.57697478
v -0.04302363 0.09154128 0.51657323
v -0.04903314 0.16568723 0.51831554
v -0.05521194 0.40220138 -0.60521583
v -0.06421915 0.49827526 0.54112045
v -0.04296391 0.56931534 -0.57818163
v -0.04184468 0.56884491 0.58805957
v -0.05390488 0.59971048 -0.53680263
v -0.03878165 0.60461503 0.44712078
v -0.03698973 0.64418378 0.52557332
v -0.06688106 0.72689367 0.38244612
v -0.03638178 0.74242670 -0.41711778
v -0.03349146 0.76852232 0.22487076
v -0.05930145 0.88260793 0.24673826
v -0.04759694 0.84456206 0.18676743
v -0.07171435 0.84439796 -0.20040929
v -0.03976652 0.86871775 -0.18585196
v -0.02051597 0.87878405 0.04307610
v -0.04819658 0.87469360 0.12958830
v -0.06518138 0.91241807 -0.15905070
v -0.03417335 0.91025056 0.00275783
v -0.07623752 -0.58205870 0.36941316
v 0.03650415 -0.53368787 -0.28440368
v -0.02362913 -0.37900801 0.52206356
v -0.03428934 -0.29800041 -0.41615086
v -0.01680351 -0.28833305 0.54262031
v -0.04436287 -0.20456716 0.55027430
v -0.03442050 -0.20954312 -0.44123749
v -0.01401699 0.09302205 -0.55823223
v -0.04636567 0.12019882 -0.59173455
v -0.04304595 0.42335238 -0.56574308
v -0.04783225 0.45295617 0.52995573
v -0.02526122 0.49414476 0.51889402
v -0.04032844 0.62751455 -0.58441996
v -0.02838121 0.66496211 0.57362023
v -0.05158727 0.63820646 0.49906331
v -0.04448853 0.74771835 0.42387335
v -0.01994443 0.82005786 -0.32664804
v -0.06159850 0.80438436 -0.33215922
v -0.03067610 0.82805431 0.23179910
v -0.04158652 0.83271973 -0.16257612
v -0.02368321 0.88368341 -0.12062237
v -0.04119001 0.92764879 -0.07203870
v -0.01374514 0.92226509 0.15253522
v 0.00343571 -0.81123022 0.27582381
v -0.00497730 -0.16381692 0.60323084
v -0.02537366 0.14115316 -0.54613595
v -0.01494201 0.17344443 -0.53744032
v -0.02998436 0.18742321 -0.57853126
v -0.01919442 0.23231620 -0.53138790
v -0.04563443 0.30319095 -0.58374633
v -0.05631988 0.33612729 -0.62078287
v -0.03063870 0.39602786 0.49838210
v -0.02568483 0.42575249 0.45663417
v -0.02984052 0.56538950 -0.59465083
v -0.03819087 0.61771845 0.53964198
v -0.03592574 0.68877056 -0.44958901
v -0.01138656 0.68724149 0.48285487
v -0.03599987 0.73819849 -0.46710381
v -0.04817651 0.75245271 -0.33684696
v -0.03171589 0.78237924 -0.37454370
v -0.02815922 0.77065932 0.27714601
v -0.03390045 0.77420647 0.33673877
v -0.02199680 0.77754090 0.38453187
v -0.02071602 0.80814816 0.45156927
v -0.02930014 0.81434594 0.20876162
v -0.02569312 0.82920568 0.17499217
v -0.03738112 0.83122232 0.14506681
v -0.03221374 0.88199886 0.07079028
v -0.02895777 -0.57480227 0.42300816
v -0.04624877 -0.52191275 0.48644171
v -0.02378418 0.00651378 -0.51228256
v -0.00976925 0.20877501 -0.57919963
v -0.02429506 0.40580787 -0.61813315
v -0.04363694 0.42594472 0.50941574
v -0.02759952 0.53416072 0.56089972
v -0.03232539 0.61235978 -0.45994794
v -0.02906822 0.65937595 0.50957214
v -0.04749803 0.69603618 0.47563565
v -0.00445975 0.71692438 -0.42328616
v -0.01311964 0.75244436 0.34305115
v -0.03236620 0.75541331 -0.44208363
v -0.02236437 0.79363342 0.35743785
v -0.01976365 0.79160687 0.37698840
v -0.02384558 0.79162022 0.08895020
v -0.08269805 0.79723084 0.38492567
v -0.01095139 0.80546831 0.33245569
v 0.00387711 0.81033803 -0.35147116
v -0.04332432 0.81568862 -0.29277170
v -0.03182649 0.80935002 0.29310342
v 0.00154214 0.84210471 -0.13015257
v -0.01907387 0.85972741 0.27717160
v -0.03006153 0.83744371 -0.26463668
v -0.02897415 0.86193627 0.33596654
v -0.00206404 0.86303708 -0.14695810
v -0.04030756 0.87461697 0.18843965
v 0.16595596 -0.98729666 -0.36201427
v -0.03634464 -0.34720769 -0.37568587
v -0.01364037 -0.10514496 -0.50823737
v 0.01249413 0.36754473 0.49864996
v -0.02621528 0.62824875 0.50038715
v -0.03096521 0.63731366 -0.52860051
v -0.03070551 0.68030256 -0.51232470
v -0.01157716 0.78041518 0.32843761
v -0.00707613 0.76933112 0.44352027
v -0.01110420 0.84010495 0.39521274
v -0.00667429 0.86232362 -0.34133997
v -0.03456365 0.80242757 0.26047698
v -0.00841731 0.88015654 -0.27454149
v -0.01457067 0.83389953 0.30265528
v -0.01553224 0.81502136 0.00409372
v -0.00228025 0.87090641 0.09841150
v -0.00218618 0.87122076 0.21576518
v 0.02965975 -0.43539783 -0.31482372
v -0.00755767 -0.42686015 -0.33001480
v 0.01395220 -0.36957346 -0.36708631
v 0.00426400 -0.13294791 0.61650666
v -0.00598845 -0.04226416 -0.52972454
v 0.00787679 -0.00778498 -0.52696955
v -0.01459694 0.18945843 -0.59948034
v -0.00323930 0.26477117 -0.57334334
v -0.01247009 0.32470838 -0.59850922
v -0.00774547 0.32933767 -0.56519822
v -0.00189318 0.39422447 0.48093109
v -0.00275906 0.46791687 -0.54055426
v -0.00365212 0.51815340 0.57140714
v 0.00625234 0.63119446 -0.49606915
v -0.01713265 0.64825811 0.47422245
v 0.00078586 0.69967143 0.41388299
v 0.01909548 0.75528560 0.35520285
v -0.01033980 0.81918880 -0.30113212
v -0.00928016 0.85168605 0.22045762
v 0.02165710 0.87178195 -0.09667213
v -0.02110903 -0.99953745 -0.09617663
v -0.07287770 -0.90895126 0.29532537
v 0.00502168 -0.31375641 -0.38480192
v 0.00744893 -0.19936518 0.54678962
v 0.00141182 0.05480163 -0.55722359
v 0.01360393 0.39535237 -0.59355926
v 0.01625238 0.43715554 -0.61980783
v -0.01155681 0.41733162 0.50715186
v -0.00024141 0.50966783 -0.60234780
v -0.00350119 0.59321879 0.52952265
v -0.00869588 0.59875549 -0.55223025
v 0.01548367 0.70470826 0.38498649
v -0.01894381 0.78069728 -0.30871782
v 0.00539582 0.81442761 -0.31440227
v 0.02215243 0.82486415 -0.01081020
v 0.00515384 0.80339988 -0.17215813
v -0.00196340 0.85962698 -0.17459670
v 0.00175554 0.86077470 -0.22207153
v -0.01991180 0.86016252 0.02228332
v -0.03106167 0.88300454 -0.05422835
v 0.01425191 0.91002095 -0.20026402
v -0.08629685 -0.99122832 0.26055875
v 0.01441520 -0.14761723 0.53410677
v -0.00154488 0.25024241 -0.62804269
v 0.01103227 0.41081585 -0.60609480
v 0.01304659 0.37929190 -0.52174527
v 0.00803104 0.42984998 -0.57440766
v -0.00004244 0.41231885 -0.64068910
v 0.00547381 0.48742207 -0.59054052
v -0.00538714 0.47998384 0.53758312
v 0.00609863 0.50193586 -0.55989116
v 0.01645348 0.53326335 -0.59806410
v 0.00723062 0.53752785 -0.56125265
v 0.03287881 0.60552588 0.51620857
v 0.00864712 0.64255361 0.54314539
v -0.00257341 0.64645366 0.44416554
v 0.00805125 0.69468408 -0.46790222
v 0.01506486 0.67913520 0.48461250
v -0.00410100 0.71033023 0.52235320
v 0.02340821 0.74808847 -0.44481617
v 0.01379724 0.75569245 -0.43013199
v 0.01827411 0.75234884 0.43770018
v 0.01152464 0.77871703 -0.45735937
v 0.00436920 0.79583793 -0.38765405
v 0.00473673 0.80886652 -0.24606289
v 0.01992550 0.83228652 -0.29331275
v 0.00527164 0.85003216 -0.20746821
v 0.00474310 0.84031115 -0.00850531
v 0.00984119 0.85345194 -0.36611724
v 0.01078737 0.87079627 0.23981783
v 0.00095748 0.90503724 -0.02626754
v 0.01895155 0.91721154 -0.05665092
v -0.00078734 0.94152795 0.17754632
v 0.02199007 -0.26467001 -0.40900775
v 0.01178231 -0.23592451 -0.44056613
v 0.03249673 -0.19263869 -0.47147533
v 0.01297779 -0.18086449 -0.45462475
v 0.01149702 -0.06450214 0.58905264
v 0.01739669 -0.06544288 -0.43849012
v 0.01206656 0.03027181 0.52546702
v 0.02007226 0.07490311 0.50555446
v 0.01653579 0.27566423 -0.60161535
v 0.01913688 0.36546557 -0.60475486
v 0.00952293 0.42828933 -0.59597170
v 0.01165256 0.45699006 -0.58637753
v 0.01417688 0.53734917 -0.61704345
v 0.01583758 0.52722479 -0.61173867
v 0.02714745 0.61513668 -0.55436700
v 0.02730163 0.68458003 -0.49400867
v 0.02526609 0.73243411 0.44006017
v 0.03864353 0.79729579 0.37869869
v 0.02767929 0.80783418 -0.03763408
v 0.02820279 0.80662407 -0.34072394
v 0.01418105 0.77535059 -0.22381592
v 0.03612064 0.87048027 -0.26287515
v 0.01135621 0.86068553 0.13542573
v 0.01135058 0.86294892 0.05679033
v 0.03000177 0.86431668 0.12030492
v 0.02074621 -0.55940282 0.44519239
v 0.03743992 -0.31522345 -0.39920939
v 0.04866292 -0.22155003 0.54644969
v 0.01784127 -0.07464599 -0.51705610
v 0.05862687 0.06316446 0.46838916
v 0.04933729 0.31291562 -0.59786816
v 0.05613434 0.31109828 0.49463892
v 0.01774071 0.31917318 -0.63990061
v 0.03082824 0.40946798 0.47944897
v 0.03156737 0.49843590 -0.56441465
v 0.02688049 0.55145879 0.55241520
v 0.03089316 0.64635237 -0.45576889
v 0.01890322 0.63824220 -0.41454191
v 0.03507483 0.68958618 -0.40114438
v 0.04621140 0.71922275 0.51771792
v 0.02377020 0.81398385 0.33486340
v 0.01873720 0.79685070 -0.41617813
v 0.03032358 0.82333206 -0.34751610
v 0.02071969 0.84060107 -0.32069699
v 0.03779298 0.85497989 0.22678600
v 0.01609188 0.88294677 -0.03226320
v 0.03021583 0.83299672 0.17869442
v 0.03966306 0.86321724 0.19309841
v 0.03277067 0.92509750 0.17394268
v 0.00095474 -0.82674807 0.30021700
v 0.03056622 -0.64392635 0.31919933
v -0.00066884 -0.60703921 -0.32239236
v 0.02868468 -0.58190738 0.37673301
v 0.06507460 -0.18780698 0.49779555
v 0.03132355 -0.06636623 -0.50053806
v 0.01497645 0.19768919 -0.60377714
v 0.05441931 0.18174997 0.53079980
v 0.02864097 0.22788136 -0.60523214
v 0.03327784 0.38576297 -0.55536022
v 0.04231630 0.41610223 -0.57063894
v 0.04704544 0.45537035 -0.61554408
v 0.04797838 0.48451219 0.54498382
v 0.03933380 0.52180838 -0.59676079
v 0.03506156 0.53646433 0.57249779
v 0.02928064 0.56071552 -0.54408584
v 0.04364110 0.61749630 0.54465822
v 0.03081104 0.64354922 -0.48552324
v 0.01401443 0.75664962 0.47918226
v 0.02924116 0.76271772 0.18243829
v 0.00471577 0.78377539 -0.34645053
v 0.01846976 0.81690998 0.44563002
v 0.05173066 0.79150942 -0.34747345
v 0.04572189 0.82191103 0.17521072
v 0.04644339 0.79059138 0.41028493
v 0.04384121 0.80000826 -0.11214318
v 0.02437147 0.81783818 0.37904368
v 0.05326916 0.83570573 0.15902070
v 0.01112695 0.81858662 -0.21765488
v 0.05999262 0.84412557 0.17936951
v 0.03788325 0.89229028 -0.01153288
v 0.02782779 0.90080947 0.10755256
v 0.05977923 -0.95342481 0.29181985
v 0.03024775 -0.47552968 0.51377118
v 0.05869824 -0.26767066 -0.41230633
v 0.05211790 0.07952394 -0.56457652
v 0.03360294 0.12875901 -0.59234351
v 0.04847971 0.27799245 -0.59850468
v 0.02326795 0.28037424 -0.55268977
v 0.05283051 0.38603436 -0.54523268
v 0.05047735 0.37583076 -0.58858134
v 0.04603625 0.39887665 -0.55040344
v 0.03512339 0.41408581 -0.61660131
v 0.03798513 0.42777155 -0.61341042
v 0.03884993 0.46699842 0.43080948
v 0.02450357 0.52938080 0.53781578
v 0.06153921 0.59128965 -0.59698115
v 0.01916249 0.65510645 0.41442889
v 0.02942633 0.65120500 -0.49180648
v 0.05320510 0.73647726 -0.43783571
v 0.04197658 0.77382741 -0.48958515
v 0.05095469 0.76253533 0.37731175
v 0.07442813 0.73240398 0.39990200
v 0.04085785 0.78281252 0.45918179
v 0.02001533 0.75813078 -0.40409568
v 0.03729246 0.80699996 0.20295585
v 0.03744081 0.77727800 0.40725337
v 0.04978645 0.81413662 -0.43205150
v 0.03090899 0.81953975 -0.38743414
v 0.05607799 0.86502080 -0.25494221
v 0.04489574 0.85852741 0.00718488
v 0.04727948 0.86263810 0.10585630
v 0.02725568 0.86907265 0.27834005
v 0.04148026 0.88541567 0.09736963
v 0.06624469 -0.43017556 0.48577218
v 0.05057869 -0.33433346 -0.36810524
v 0.07389114 -0.30046295 0.50295609
v 0.07939281 -0.22964059 -0.41711127
v 0.03980638 -0.00721742 -0.55589055
v 0.03704414 0.11918519 -0.56631436
v 0.05581178 0.18933221 -0.54173865
v 0.05053656 0.22830169 -0.57046967
v 0.04365300 0.26467698 -0.64018197
v 0.05946197 0.44219437 -0.57148689
v 0.07503839 0.51347583 0.54988917
v 0.04021575 0.54060610 -0.56911943
v 0.05181667 0.64917683 -0.47180833
v 0.03948292 0.73707982 -0.45038566
v 0.05928382 0.77937492 0.18742532
v 0.05608254 0.77511346 -0.18389851
v 0.05873875 0.77201551 -0.37305553
v 0.03331406 0.82646302 -0.37515465
v 0.03615862 0.81520978 -0.25281970
v 0.03928489 0.85398607 -0.19330505
v 0.02174895 0.82741128 0.28582639
v 0.05285724 0.90561168 0.12168126
v 0.04401923 0.90909644 -0.04201895
v 0.04063840 0.87463236 0.16449612
v 0.08683828 -0.35786202 0.47289995
v 0.04372368 -0.14204876 -0.48650860
v 0.04561019 -0.09161065 -0.51491094
v 0.09288105 -0.10467012 0.49218038
v 0.05430976 -0.04272776 -0.52168204
v 0.03871723 0.20691801 -0.57733269
v 0.05447569 0.31820905 -0.64517618
v 0.05086023 0.34249905 -0.57478435
v 0.06169120 0.52333038 0.50533088
v 0.04740935 0.53585337 -0.62349725
v 0.03749810 0.53441389 -0.59066756
v 0.04605275 0.54229447 0.51032746
v 0.03585025 0.58769969 0.56650058
v 0.04081789 0.58837792 -0.42763144
v 0.06346404 0.73807210 -0.38721389
v 0.08309450 0.74285424 -0.48087906
v 0.08978213 0.75371259 0.42869119
v 0.04528359 0.82424095 -0.28032516
v 0.06592513 0.81562145 0.42584949
v 0.04542209 0.85646169 0.04734780
v 0.06116192 0.84367053 0.32872025
v 0.05915538 0.84465169 -0.32220322
v 0.05822649 0.86535869 0.01545453
v 0.07771805 0.86039472 0.22736516
v 0.05528813 0.86874766 -0.00672795
v 0.05932400 0.87365259 -0.00051222
v 0.03934196 0.87033440 -0.14220903
v 0.06475725 0.88750577 -0.12799768
v 0.06922238 0.90127048 -0.27552767
v 0.03342849 -0.98890577 0.27164323
v 0.11466154 -0.56068512 -0.27112299
v 0.07181976 -0.16669922 -0.43137141
v 0.08254405 -0.14881379 0.53417751
v 0.05751440 -0.00572561 -0.48092757
v 0.02631515 0.05121825 -0.50940088
v 0.08489110 0.19517428 -0.61541663
v 0.07151829 0.29851228 -0.54968839
v 0.09826816 0.32161284 -0.61703035
v 0.09828862 0.34044375 -0.60518990
v 0.07674006 0.39207194 -0.58179576
v 0.06599221 0.41955997 0.48163656
v 0.06094966 0.43719232 0.44706047
v 0.08976513 0.46762158 -0.58010537
v 0.06948441 0.50774800 0.47911271
v 0.05625391 0.56726049 0.56221160
v 0.08471836 0.65643882 0.51699003
v 0.08634173 0.65306343 0.53548476
v 0.09103608 0.63762755 0.48672417
v 0.06028940 0.69734734 0.48961516
v 0.05481518 0.73072894 -0.34193236
v 0.06403202 0.77174272 -0.41790260
v 0.05934793 0.78437625 -0.40338960
v 0.06858341 0.78611780 -0.34973389
v 0.08414871 0.79888770 0.34298065
v 0.05193000 0.80128619 0.36413430
v 0.04961795 0.79802100 -0.00567774
v 0.06723389 0.83948740 -0.26507244
v 0.06353424 0.84832768 -0.23142813
v 0.07257617 0.85359016 0.26175696
v 0.05607458 0.84281970 0.01122532
v 0.05079789 0.91128264 0.05390633
v 0.06914346 0.87405992 0.15597756
v 0.05967232 0.90830433 -0.16199877
v 0.12614101 -0.78974906 0.25340414
v 0.08026337 -0.02600110 -0.52439082
v 0.06661557 0.27892251 -0.58803797
v 0.07440924 0.26856785 -0.51226532
v 0.08973203 0.46821307 0.53852151
v 0.06784850 0.46423508 0.44670513
v 0.07083402 0.59478073 0.48764481
v 0.03797845 0.63881970 0.48930961
v 0.05423953 0.68652082 -0.34932706
v 0.04365767 0.73613984 0.46207060
v 0.06798353 0.76416117 0.28110455
v 0.08007206 0.83719780 -0.21283138
v 0.07957054 0.78870882 0.25364676
v 0.06347923 0.78601454 -0.28853365
v 0.07111673 0.79009771 -0.31322013
v 0.04180911 0.84454882 -0.05069739
v 0.08045203 0.84645847 -0.11981223
v 0.07056604 0.89846891 0.02641939
v 0.06898919 0.84640210 0.14791587
v 0.07843497 0.85436410 0.08540522
v 0.08114700 0.92430820 -0.03336735
v 0.08473701 -0.49104004 0.47721376
v 0.08760403 -0.38837154 -0.33831054
v 0.08415769 -0.29048249 -0.37986443
v 0.07289198 -0.06959641 -0.50290515
v 0.06006251 0.03808790 0.44730705
v 0.10070916 0.07837243 -0.56161645
v 0.04110886 0.14103023 0.52391144
v 0.07897833 0.47980647 0.42156875
v 0.06925098 0.50687137 -0.61456799
v 0.06416089 0.52948729 -0.51709967
v 0.04950288 0.61281316 -0.56344281
v 0.08162339 0.63522826 -0.53537314
v 0.07561600 0.67091573 0.49048867
v 0.08543224 0.69189064 -0.50931039
v 0.14297917 0.71565051 -0.42844686
v 0.08258504 0.73298355 -0.33571890
v 0.07818603 0.77327778 -0.35993297
v 0.09088483 0.77393696 -0.41428648
v 0.09609768 0.78537390 0.30198191
v 0.07140884 0.80460018 -0.04238167
v 0.07311984 0.79004881 0.39935278
v 0.08134755 0.79836016 0.06640841
v 0.07960228 0.86158263 -0.18293166
v 0.07252906 0.81878717 -0.02200911
v 0.06086700 0.82105375 0.27742968
v 0.07392798 0.84787368 -0.02572807
v 0.07858104 0.84915733 0.06358763
v -0.00677598 -0.93972190 -0.42153344
v 0.12757685 -0.80284198 0.27199108
v 0.07731748 -0.56565025 0.39107305
v 0.05370417 -0.25497693 0.54167677
v 0.07399161 -0.16361796 -0.47059575
v 0.09263210 -0.11695947 -0.48668732
v 0.07648894 -0.06754157 -0.56250697
v 0.09918312 -0.01431332 -0.49622537
v 0.08674751 0.29743448 -0.59287040
v 0.07684210 0.37862087 0.48658431
v 0.07727733 0.40408234 -0.56166757
v 0.06791757 0.43391317 0.53854142
v 0.10121248 0.43794422 0.44449255
v 0.08597727 0.47763946 0.47627633
v 0.08400300 0.54695782 0.51529329
v 0.10067748 0.58564344 0.41471610
v 0.09531134 0.58378906 0.49712826
v 0.08178734 0.60278713 0.55438664
v 0.08700833 0.61897382 0.45567895
v 0.05482400 0.63323766 -0.50902139
v 0.09562884 0.67751401 -0.40010877
v 0.06859425 0.76419913 -0.40764343
v 0.08283071 0.78422369 -0.35775509
v 0.08516652 0.78419279 -0.37503311
v 0.10965325 0.80146553 0.38813177
v 0.08327600 0.82375418 -0.06240337
v 0.08135220 0.79793125 0.14475334
v 0.10073017 0.83544150 -0.28170723
v 0.09045267 0.85898612 0.32497840
v 0.12432524 -0.49893276 0.43630195
v 0.11998312 -0.29011666 0.47344797
v 0.10268734 -0.20553554 -0.44942630
v 0.09332828 0.01253957 -0.52379702
v 0.09013519 0.11458863 -0.54335558
v 0.11801626 0.19023124 -0.56371765
v 0.02562320 0.20653234 0.51676259
v 0.09778867 0.29080241 -0.56832196
v 0.10292624 0.40940333 -0.58183401
v 0.09957313 0.41288102 -0.59161194
v 0.09899128 0.43281711 -0.57784141
v 0.09901927 0.47946183 0.50327472
v 0.08765266 0.51166340 -0.56930288
v 0.09932283 0.53474191 0.53578169
v 0.10659876 0.56547304 0.51871948
v 0.09546294 0.57685406 0.48213698
v 0.09998472 0.64004542 -0.43428938
v 0.10689687 0.79697271 0.07859384
v 0.09967711 0.79683172 -0.04825723
v 0.09495231 0.79610909 -0.35501621
v 0.12275468 0.82421250 -0.37488951
v 0.12615058 0.82840872 0.31349863
v 0.09633707 0.85448045 -0.02567310
v 0.09423569 0.85045832 0.19759500
v 0.07661114 0.91734087 -0.11305761
v 0.14186408 -0.95017732 0.26422939
v 0.16718574 -0.90155183 0.26937652
v 0.08449237 -0.45227069 -0.28372413
v 0.09446237 -0.33361833 -0.37549861
v 0.10519516 -0.10924558 -0.40139386
v 0.11605652 -0.11660406 -0.50141122
v 0.19883456 0.17132368 0.49221829
v 0.07923992 0.17680778 -0.59236158
v 0.11860955 0.23375995 -0.59225870
v 0.13251828 0.29860279 -0.56149653
v 0.11746855 0.35834981 -0.55299715
v 0.11675791 0.38671744 -0.60552674
v 0.10301735 0.42070668 -0.62407975
v 0.11312294 0.45399160 0.51870436
v 0.09809167 0.45595022 0.48785276
v 0.09970548 0.47963613 0.47188375
v 0.10032474 0.55199081 0.54293208
v 0.10860414 0.58206604 -0.44024772
v 0.09562797 0.61745308 0.52349193
v 0.10999552 0.60060666 -0.48769258
v 0.12228405 0.62830744 -0.54583625
v 0.11884661 0.65506540 -0.48784638
v 0.10050187 0.65630183 -0.47259156
v 0.12030498 0.67939530 -0.44518530
v 0.12018646 0.72341363 0.45341147
v 0.10833321 0.70634814 -0.45059104
v 0.09880019 0.75468962 0.47545334
v 0.11288063 0.77340160 -0.34682555
v 0.10036862 0.76827191 -0.27414371
v 0.09878029 0.79658629 0.20119756
v 0.10726286 0.85234575 0.38056580
v 0.10753684 0.83314413 0.39865842
v 0.11492420 0.84337349 -0.03385184
v 0.08582855 0.86374134 -0.05361994
v 0.10893237 0.86244029 0.28411893
v 0.10468991 0.86515493 0.16824479
v 0.11203068 0.87472584 0.22061842
v 0.10540566 0.89238026 0.40681493
v 0.24193460 -0.99894308 -0.03223710
v 0.01892955 -0.85156422 -0.42121808
v 0.16446832 -0.03809342 0.44182887
v 0.12097721 0.26325168 -0.59779104
v 0.12447358 0.33063204 -0.50941553
v 0.12573981 0.40446516 -0.54136235
v 0.09791039 0.40932155 -0.57204375
v 0.10180999 0.50817962 0.56702100
v 0.10278295 0.53839324 0.50546345
v 0.09938498 0.54372555 -0.54415205
v 0.11628702 0.60770174 0.46919431
v 0.12737626 0.60103567 -0.42914993
v 0.11991235 0.60844644 -0.55940676
v 0.12185493 0.60956863 0.58357372
v 0.09731353 0.69396671 0.51592549
v 0.11525926 0.67930774 0.46816012
v 0.09788913 0.68078153 0.38192662
v 0.11759752 0.75751621 0.40873816
v 0.11094803 0.80491765 0.33410600
v 0.12298932 0.83372472 -0.21381461
v 0.11359456 0.83616331 0.38644909
v 0.13335122 0.86017942 0.31807567
v 0.11395312 0.86653881 0.36075440
v 0.11473179 0.84320017 0.20964137
v 0.09115214 0.87672200 -0.25348878
v 0.09895254 0.86611088 -0.10231936
v 0.10554687 0.88594990 0.03103780
v 0.10991584 0.88843992 0.18992215
v 0.10045541 0.90341581 -0.20687682
v 0.12067042 -0.29098495 -0.39055352
v 0.11259612 -0.15083790 -0.46831159
v 0.10156278 -0.12479557 -0.46880517
v 0.12066231 -0.03694427 -0.48992101
v 0.11515221 0.05699093 -0.48818794
v 0.12857034 0.17281594 -0.50979382
v 0.11806676 0.29990523 -0.59362417
v 0.12380480 0.33374421 -0.58011675
v 0.13400804 0.41822757 -0.62604714
v 0.12526377 0.41861364 0.48248068
v 0.13911674 0.48937428 0.54017974
v 0.11533367 0.49957615 -0.52823007
v 0.11130358 0.53450376 0.52225713
v 0.12432368 0.51889805 0.43737658
v 0.11723765 0.56022129 0.55315054
v 0.11475632 0.56001323 -0.52226139
v 0.13228176 0.63263777 0.57191660
v 0.14401292 0.59808414 -0.49634208
v 0.14198941 0.68369086 -0.47355974
v 0.13541731 0.71393491 0.36832409
v 0.13488405 0.71068692 0.41723762
v 0.13441503 0.75389621 0.44527529
v 0.10239007 0.77933295 -0.37517357
v 0.13616109 0.76442718 -0.08106448
v 0.11672799 0.75555173 0.34405950
v 0.10866266 0.78489782 -0.09578110
v 0.12429715 0.83884353 0.05024909
v 0.10364065 0.83770642 0.23495351
v 0.10877866 0.81780005 0.11015585
v 0.10707126 0.83130565 0.38615138
v 0.13252285 0.81288408 -0.33872922
v 0.12659218 0.86345386 0.20379127
v 0.11873814 0.88025383 -0.23155792
v -0.01236034 -0.71948649 -0.38537803
v 0.12217585 -0.25165008 -0.40668752
v 0.12966419 -0.22734840 0.47111974
v 0.10281174 -0.16243548 -0.44709698
v 0.10073087 -0.04889461 -0.51388277
v 0.14499366 -0.01027083 -0.52858213
v 0.12295012 0.02666872 -0.54622064
v 0.10367993 0.12986519 -0.58120759
v 0.14108239 0.34343059 -0.47165754
v 0.13539532 0.43172681 -0.55750007
v 0.13886180 0.45662639 -0.58401902
v 0.13650512 0.51945847 -0.54063417
v 0.12968871 0.55445939 0.55412453
v 0.12378392 0.61650336 -0.47779756
v 0.12716938 0.75120355 0.38922506
v 0.13540028 0.73603577 -0.36381628
v 0.13569827 0.77024226 0.37373893
v 0.12057076 0.73518482 0.36603686
v 0.10802770 0.81323601 0.40194124
v 0.13652521 0.85050816 0.18017942
v 0.12951882 0.83106344 0.39612988
v 0.11161234 0.88642658 0.10622720
v 0.11065323 0.85265486 -0.15470531
v 0.15924141 -0.98585644 0.23851147
v 0.17072781 -0.77711436 0.25421613
v 0.14091355 -0.24873059 -0.35538678
v 0.13469614 -0.10024549 -0.44367001
v 0.14989059 -0.10388330 -0.48105249
v 0.10843508 0.05837885 -0.54075393
v 0.15407654 0.19281794 -0.58161538
v 0.12187812 0.31663294 -0.48319032
v 0.14116260 0.40447718 0.45171457
v 0.15065469 0.43975423 -0.51176704
v 0.13574274 0.49391154 -0.55053237
v 0.12997001 0.48668521 -0.48627825
v 0.13534882 0.50977814 -0.60493119
v 0.13219991 0.52973522 -0.54820074
v 0.12572562 0.55002612 0.52722056
v 0.13432065 0.55412453 0.55412453
v 0.13754864 0.55403495 0.55424595
v 0.13854917 0.57871077 0.56323198
v 0.11383997 0.58893474 0.55877214
v 0.11789619 0.56561664 0.49770428
v 0.13725103 0.61360915 -0.50016826
v 0.14318025 0.64885897 -0.55223564
v 0.13116260 0.71366916 0.44590677
v 0.12869009 0.70234552 0.50615461
v 0.13156456 0.76369633 -0.40224012
v 0.13085335 0.78213297 0.23294064
v 0.13058575 0.77938237 0.29388402
v 0.13379816 0.79246743 -0.12067899
v 0.13446461 0.78903362 -0.36063642
v 0.14053775 0.80628015 0.36631961
v 0.13554445 0.77081852 -0.29155911
v 0.13340798 0.80956368 -0.26036627
v 0.12961735 0.84031425 -0.10506060
v 0.15663759 0.81254387 -0.09749827
v 0.11461790 0.82448261 0.27937930
v 0.12057540 0.86736492 -0.31467666
v 0.11566194 0.86660981 0.00337045
v 0.12878168 0.85437128 0.36706525
v 0.11973612 0.86289284 -0.04904587
v 0.14364833 0.89627206 -0.15122695
v 0.12257570 0.88786204 0.36173103
v 0.12245790 0.85642635 -0.16859015
v 0.12766196 0.88735328 -0.13260346
v 0.13920635 0.91586498 -0.01511503
v 0.15593488 -0.38958347 -0.31269248
v 0.14204347 -0.19685983 -0.42076947
v 0.14357526 -0.12669495 -0.43980788
v 0.16932409 -0.01841799 -0.50930629
v 0.16013380 0.04316345 -0.52720304
v 0.14798820 0.08272322 -0.48968022
v 0.15382216 0.21832625 -0.55487983
v 0.09711788 0.29379101 0.48184764
v 0.15645980 0.31317704 -0.47106444
v 0.14362269 0.35202376 -0.61234164
v 0.12239479 0.37115664 -0.54171889
v 0.15888325 0.41073740 -0.58295055
v 0.14413445 0.48002528 -0.50686479
v 0.16244789 0.53477001 -0.50830032
v 0.13911836 0.55679903 0.54713499
v 0.14521978 0.62174137 -0.51956893
v 0.14187187 0.61788895 -0.51213249
v 0.13975453 0.64681602 0.43367051
v 0.15892215 0.69767731 0.45381931
v 0.15327055 0.69111182 -0.39867107
v 0.13285436 0.75331497 -0.41200711
v 0.15913537 0.74802218 0.47413358
v 0.15918767 0.78723504 -0.40821202
v 0.14896511 0.79115601 -0.40886397
v 0.13798969 0.79125785 -0.40493082
v 0.15220911 0.81878426 0.41321610
v 0.13850442 0.81160470 -0.39789750
v 0.14884910 0.83803198 -0.29378305
v 0.14881723 0.83103127 0.23342427
v 0.14535205 0.81975955 0.24487280
v 0.15692253 0.83147660 -0.04000185
v 0.15207377 0.82468437 0.27258001
v 0.14528873 0.85624271 -0.20003275
v 0.14440619 0.87626814 -0.11776023
v 0.17150689 0.89178281 0.32112756
v 0.13005784 0.92533050 -0.04684336
v 0.15612722 0.88036770 0.40106292
v 0.14679496 -0.43320174 -0.26467067
v 0.16913267 -0.31430635 -0.35201443
v 0.16424573 0.06647301 -0.57265336
v 0.16149168 0.08394585 -0.53102401
v 0.16935015 0.11422947 0.47166167
v 0.13967115 0.23597003 -0.51958062
v 0.14874991 0.42053783 -0.56062980
v 0.14845551 0.50163202 -0.50139428
v 0.15625278 0.49106334 0.53344383
v 0.13420121 0.53690517 -0.52238052
v 0.15702247 0.52832948 0.57034782
v 0.14439594 0.53788219 0.54209656
v 0.15155868 0.63627006 0.48350464
v 0.15852349 0.74407326 0.30594548
v 0.15752554 0.75479487 0.24487007
v 0.14146765 0.75515818 0.18356862
v 0.15742005 0.76618902 0.37479522
v 0.16736874 0.79995319 0.31854760
v 0.14120357 0.77960174 0.42165019
v 0.13785330 0.81749387 -0.41201788
v 0.15200902 0.81430831 0.23260623
v 0.15469074 0.80341279 0.36876384
v 0.15454567 0.82449443 -0.37699858
v 0.15223972 0.86299476 0.01974383
v 0.15703951 0.87186222 -0.17795285
v 0.15070913 0.89200924 -0.13405499
v 0.14864729 0.88804451 -0.01312826
v 0.15162377 0.91009375 0.08195114
v 0.14393026 0.93437568 -0.15257562
v 0.17800694 -0.75762512 0.22392129
v 0.18996182 -0.44272362 0.35685635
v 0.16244817 -0.24557844 -0.40169129
v 0.16247364 -0.15191292 -0.42365209
v 0.18547837 -0.15031903 0.46484029
v 0.17865310 0.07003061 -0.58038561
v 0.15505665 0.10044795 -0.52315772
v 0.15224727 0.12369018 -0.45884332
v 0.17171949 0.23121708 -0.54345801
v 0.16380792 0.22091153 -0.56309653
v 0.16423502 0.22673544 -0.55294529
v 0.16341818 0.20488558 -0.48512681
v 0.16712352 0.31008107 -0.59538184
v 0.15625775 0.36882397 -0.56714743
v 0.16701736 0.42827493 -0.62778583
v 0.14822632 0.53289107 0.49841207
v 0.16177328 0.57713411 -0.50559764
v 0.14962381 0.59982099 0.52755577
v 0.15704334 0.73448045 -0.37461947
v 0.16937063 0.73056004 0.40483348
v 0.14143222 0.82073522 -0.08717497
v 0.15324935 0.82222715 0.24283442
v 0.18594860 0.82762041 0.01416820
v 0.15467626 0.83601455 -0.12871545
v 0.17509277 0.87234212 0.00432881
v 0.16384233 0.82807882 0.33404125
v 0.17718721 0.89184115 -0.22647924
v 0.15122102 0.87196002 -0.08287478
v 0.14624254 0.84785687 0.10390891
v 0.14541855 0.85451648 -0.22414591
v 0.14116434 -0.47742324 -0.24919323
v 0.17846772 -0.34572334 -0.31225696
v 0.15886222 -0.15556872 -0.45820215
v 0.15450058 -0.08877489 -0.40369224
v 0.17370477 -0.05520854 -0.51845372
v 0.17651500 0.12129663 -0.48902278
v 0.16816785 0.22837815 -0.57015521
v 0.17126919 0.24355500 -0.57358026
v 0.18168469 0.24762518 -0.53667476
v 0.16249163 0.36006947 -0.49305183
v 0.15075640 0.40535337 -0.49222294
v 0.18275972 0.44425890 -0.59979288
v 0.17654887 0.41171288 0.48204065
v 0.15472769 0.47044878 -0.45698616
v 0.16824311 0.52945176 0.54505529
v 0.18479350 0.54148358 0.48649465
v 0.15771807 0.61515630 -0.51390825
v 0.16509679 0.67718275 0.48550018
v 0.18345872 0.70748550 -0.36259015
v 0.17530852 0.72454383 -0.32518616
v 0.16308303 0.79914982 0.26577683
v 0.16541730 0.79922855 -0.34233013
v 0.17589033 0.81452798 0.25517643
v 0.15655454 0.80651879 0.39092017
v 0.15424595 0.84967833 0.38153697
v 0.18607617 0.84376875 0.04020655
v 0.17580389 0.88023622 0.13406678
v 0.17500919 0.85866163 -0.03269993
v 0.15198677 0.89671962 -0.23019744
v 0.18456451 0.90432797 -0.01085258
v 0.17770594 0.01891551 -0.53523175
v 0.17173685 0.22401200 -0.57128970
v 0.16879015 0.23814789 -0.55824127
v 0.16815797 0.33809603 -0.57954041
v 0.18010590 0.41796910 -0.45030829
v 0.17876532 0.41840477 -0.50979515
v 0.18012298 0.44468622 -0.47004541
v 0.17114252 0.48200052 -0.59794578
v 0.17600372 0.46632173 0.51588823
v 0.17023213 0.48220434 -0.54357466
v 0.18325312 0.50421418 -0.50035641
v 0.18444066 0.48775060 0.50985397
v 0.17701750 0.53092013 0.54650217
v 0.17312108 0.53111479 0.53818961
v 0.21160203 0.59143756 0.52985780
v 0.17472665 0.63232182 -0.49706613
v 0.18415586 0.66336588 -0.49067920
v 0.17523010 0.67120776 -0.43626017
v 0.17621018 0.71658289 -0.45938460
v 0.16261985 0.77902906 -0.44102531
v 0.17364540 0.78168809 -0.24574580
v 0.17742739 0.78919417 -0.16964617
v 0.16898913 0.83214719 -0.11627499
v 0.17212113 0.87430909 0.10801610
v 0.15897328 0.87844888 0.19455913
v 0.13369417 -0.97019753 -0.40897450
v 0.19830918 -0.32587585 0.43891296
v 0.18374102 -0.13189596 -0.42556590
v 0.16175640 -0.10733556 -0.44299380
v 0.19914755 -0.09241942 -0.46496259
v 0.19532871 -0.09405947 -0.39505025
v 0.16294974 0.02259680 0.45829429
v 0.18784022 0.04796322 -0.48997246
v 0.17669890 0.06443629 -0.50716974
v 0.19108115 0.09559451 -0.51521212
v 0.15928440 0.12974532 -0.56635196
v 0.18345378 0.21512961 -0.58986545
v 0.18773651 0.24727218 -0.55974781
v 0.18564098 0.38194933 0.43458898
v 0.18075596 0.33224230 -0.53650653
v 0.18695729 0.34255202 -0.51666049
v 0.18532906 0.35012830 -0.55296849
v 0.18821151 0.52998231 0.51899774
v 0.17259854 0.59873387 0.46105145
v 0.19490522 0.67415381 0.49979073
v 0.18336280 0.62260483 -0.42408251
v 0.15897335 0.64161881 0.53606938
v 0.18939572 0.65829912 0.44063021
v 0.16624875 0.71881186 -0.41096139
v 0.18213224 0.74780865 -0.38489352
v 0.18599104 0.76302314 -0.30244040
v 0.16379544 0.81185506 -0.25010312
v 0.20149839 0.79264318 0.38368036
v 0.18620316 0.84412058 0.07686351
v 0.17925936 0.85827209 -0.18060050
v 0.18311329 0.86243232 -0.23417420
v 0.16100009 0.85954096 -0.15322662
v 0.19751799 0.87798572 -0.15586800
v 0.15054117 -0.54092705 0.29080442
v 0.18642124 -0.45693667 -0.22320844
v 0.17719180 -0.26102030 -0.37543892
v 0.18640107 0.05641133 -0.55100993
v 0.17401251 0.26510386 -0.55248816
v 0.18516540 0.27213662 -0.47492668
v 0.19690874 0.46411482 -0.57629410
v 0.18569651 0.48222780 -0.50040760
v 0.21845284 0.49727768 -0.55829227
v 0.19702370 0.56981234 -0.51297582
v 0.19054537 0.61270536 -0.38272411
v 0.18322663 0.65960962 -0.50806461
v 0.19326710 0.65243555 -0.43280994
v 0.17915595 0.67467812 -0.39999827
v 0.20115695 0.75738568 -0.26983972
v 0.18676866 0.75215968 0.33485564
v 0.20657925 0.74250156 0.06907029
v 0.19717376 0.80007287 0.36006903
v 0.20448181 0.78102816 -0.22641398
v 0.20325416 0.76875185 -0.05297036
v 0.17910295 0.79701798 -0.13905058
v 0.21697450 0.81232518 0.08141485
v 0.11715366 -0.63753475 0.26659543
v 0.17590218 0.08162697 0.47576959
v 0.21397801 0.14492896 -0.49756149
v 0.19272096 0.16639365 -0.53409006
v 0.19917238 0.21028618 -0.48514696
v 0.18605598 0.27859061 -0.56599344
v 0.19226510 0.32831466 -0.54523365
v 0.19980535 0.34678613 -0.53626143
v 0.19772349 0.34666590 -0.57689760
v 0.20687414 0.46458918 -0.52327653
v 0.18448791 0.46181466 -0.54246212
v 0.20955123 0.60548743 -0.47215827
v 0.20511774 0.64722595 -0.44892664
v 0.20185177 0.66155871 -0.44538079
v 0.22297988 0.65770692 -0.39272528
v 0.20228783 0.66842269 -0.53990990
v 0.20287248 0.70100078 -0.40887173
v 0.16591279 0.73434387 -0.21008780
v 0.19250822 0.79079048 -0.38323638
v 0.19320217 0.80022033 0.14240731
v 0.19519944 0.81161883 0.34611590
v 0.20800217 0.77935400 -0.16077961
v 0.20014230 0.83448778 -0.12964497
v 0.18498740 0.79153294 -0.02609690
v 0.19642375 0.83018496 -0.17999045
v 0.19037657 0.83482402 -0.16828212
v 0.19421347 0.88203208 0.19055563
v 0.19175524 0.83575354 0.20670832
v 0.21229850 0.88032596 0.06307709
v 0.22072251 -0.87034828 -0.44573048
v 0.23434754 -0.31330029 -0.30550001
v 0.21070954 -0.11799145 -0.42368046
v 0.18391533 0.14421906 -0.52965691
v 0.20489193 0.13763050 -0.52855478
v 0.22761266 0.19063079 -0.49779314
v 0.20386159 0.26472078 -0.51700244
v 0.21726919 0.31155058 -0.55649263
v 0.22308700 0.33303617 -0.53162226
v 0.21122335 0.36904791 -0.55487095
v 0.18409353 0.39380667 -0.55728003
v 0.21064149 0.46971112 -0.51134370
v 0.17397585 0.49512220 -0.51915214
v 0.20774657 0.52353269 -0.49379038
v 0.20276199 0.60816849 0.43497902
v 0.21864448 0.61668313 -0.49878759
v 0.20283161 0.64597310 0.41349540
v 0.19784477 0.67519655 0.35105096
v 0.21030631 0.70361673 0.40292258
v 0.19526350 0.71212781 -0.31784900
v 0.21625832 0.73432770 -0.30506616
v 0.19402927 0.75276281 0.38820263
v 0.21507849 0.77372135 -0.19166985
v 0.19773403 0.77139126 -0.33198605
v 0.21110390 0.73261141 -0.34870188
v 0.20112806 0.75539534 0.02319578
v 0.19784566 0.81973281 0.03928070
v 0.18648764 0.80043772 -0.31148020
v 0.19948194 0.84505810 -0.04555378
v 0.19350237 0.84504147 0.16440620
v 0.19554214 0.84318510 0.23524046
v 0.19141493 0.86489154 0.43340527
v 0.21092964 0.86646786 -0.10723760
v 0.23341967 -0.70517690 0.17410861
v 0.18231739 -0.52458402 0.32705353
v 0.22523013 -0.23990814 -0.35773042
v 0.17532212 0.06992886 0.45281644
v 0.22655281 0.06679186 0.42598548
v 0.21493006 0.12968871 -0.53054476
v 0.20589984 0.14636782 -0.54989920
v 0.20438684 0.17367175 -0.52504971
v 0.23131202 0.17263168 -0.52172396
v 0.20576244 0.25647049 -0.54737398
v 0.21045020 0.30792002 -0.49000547
v 0.20988197 0.44278355 -0.48450116
v 0.22668800 0.50508132 0.52743200
v 0.23264148 0.61377474 -0.40339142
v 0.22373841 0.64126281 -0.53355021
v 0.23088467 0.75885502 -0.28093290
v 0.21170965 0.76094440 0.41939805
v 0.23451788 0.79505215 0.32430022
v 0.22302558 0.82164438 0.18020934
v 0.21973400 -0.73777950 0.21905242
v 0.22866313 -0.56278729 0.18130258
v 0.23579173 -0.46653869 -0.16253638
v 0.20434683 -0.37816754 -0.28044721
v 0.20268988 -0.28506356 0.44666221
v 0.24279455 0.10628080 -0.52209675
v 0.20005944 0.21652287 -0.52741937
v 0.25191596 0.27337969 -0.54398417
v 0.23050436 0.38027234 -0.53911718
v 0.21542012 0.41613461 0.43466715
v 0.20748054 0.42881211 -0.57296813
v 0.22704000 0.45400846 -0.56715451
v 0.21975039 0.44456594 -0.54446086
v 0.21053274 0.52760700 -0.53948323
v 0.22601832 0.56160685 -0.55900542
v 0.22267204 0.56364400 -0.48669164
v 0.22777870 0.58352969 -0.41967906
v 0.21784897 0.63425349 -0.48784754
v 0.22530748 0.76172774 -0.25795244
v 0.23363018 0.73323573 0.32459941
v 0.21171174 0.77579763 0.17067492
v 0.24845748 0.72283612 0.20172091
v 0.20954298 0.75442886 0.26618762
v 0.21638965 0.77089680 0.33151448
v 0.21724069 0.79535337 -0.11115693
v 0.22489969 0.79717080 0.24280186
v 0.20426692 0.85465760 0.10850048
v 0.15973008 -0.69995363 -0.38238238
v 0.25677428 -0.08446090 -0.44197255
v 0.21108372 0.08306201 -0.51525753
v 0.22682914 0.14116327 -0.54592999
v 0.23807133 0.19517320 -0.50243020
v 0.23693344 0.27010398 -0.55604923
v 0.24061900 0.30550975 -0.54466717
v 0.23900119 0.42024642 0.39593906
v 0.23302903 0.47112333 -0.51675188
v 0.21280627 0.53204649 0.51212643
v 0.21851307 0.54587304 0.45554447
v 0.21638917 0.59663555 -0.39553052
v 0.24084567 0.70344262 -0.28070564
v 0.21993296 0.73672625 -0.43199697
v 0.22202903 0.73525657 -0.19831024
v 0.25172232 0.73258353 0.28888395
v 0.23812338 0.76393729 -0.20853333
v 0.21341552 0.79392321 -0.09033025
v 0.20785568 0.81946513 -0.28278520
v 0.24019189 0.78941416 0.01903808
v 0.21092839 0.81500235 0.26669577
v 0.21211497 0.79840391 0.30535680
v 0.23979709 0.85987227 0.14618533
v 0.23217636 0.84328260 0.07131413
v 0.21126181 0.87123630 -0.01146411
v 0.27148160 -0.46010933 -0.08269261
v 0.21154032 -0.47544071 0.34351567
v 0.27376145 -0.29633672 -0.30930342
v 0.21296579 -0.26654144 0.42055508
v 0.22483650 -0.04786905 -0.47813415
v 0.22534390 -0.00271848 -0.48497341
v 0.22426653 -0.00155902 -0.43992912
v 0.23429607 0.02174941 0.39148582
v 0.21806431 0.19927539 -0.53774886
v 0.23649789 0.22480422 -0.48042811
v 0.25226093 0.38092301 -0.56795566
v 0.22555871 0.51247273 -0.41640985
v 0.22731467 0.48367564 -0.51072243
v 0.24267280 0.53043853 -0.51023375
v 0.22503614 0.61703971 -0.44571222
v 0.26995947 0.66131152 -0.47163074
v 0.22572704 0.65684202 -0.41187059
v 0.22975110 0.65361318 -0.47276221
v 0.22630415 0.67504562 -0.29820938
v 0.24252581 0.65225669 -0.28493404
v 0.24892286 0.72347348 0.15718955
v 0.23945159 0.73891350 0.41276418
v 0.24797981 0.76646752 -0.16947092
v 0.23512116 0.76684882 0.23846330
v 0.23057320 0.80600082 0.20538450
v 0.24250221 0.81291777 -0.17581652
v 0.25226595 0.80578659 -0.05522036
v 0.24594398 0.82365886 -0.13115595
v 0.23436326 0.83133764 -0.24768304
v 0.21829078 0.82229399 0.04772486
v 0.24697481 0.84140463 0.09726387
v 0.26924248 -0.43526427 0.27926716
v 0.23589024 -0.19286485 -0.38145215
v 0.24413376 -0.20431287 -0.36206408
v 0.23200494 -0.15886168 -0.42810936
v 0.24258107 -0.13933516 -0.36470667
v 0.26396788 -0.04458220 -0.45681977
v 0.29724345 0.00609893 0.32230330
v 0.23765847 0.05020205 -0.50095400
v 0.24348030 0.02848263 -0.54144513
v 0.25899294 0.06343745 -0.47506074
v 0.23626372 0.16743327 -0.47956838
v 0.22066275 0.22007653 0.44923229
v 0.23975173 0.29325121 0.41266720
v 0.23846700 0.31211425 -0.43876399
v 0.23978658 0.42754180 0.48392974
v 0.25350397 0.50082863 -0.48802362
v 0.24641055 0.52661937 0.48441214
v 0.26473287 0.55054442 -0.47442001
v 0.25909904 0.65296988 0.43813355
v 0.25533230 0.64697502 0.38994755
v 0.24885727 0.65373040 -0.31938755
v 0.23643852 0.68946156 -0.43191047
v 0.23071076 0.69476460 0.42792798
v 0.24083227 0.69752216 0.42059602
v 0.24055038 0.72057441 -0.31123646
v 0.26263392 0.74686627 -0.30736408
v 0.25035280 0.78113705 0.29344821
v 0.23827440 0.74892004 0.36803306
v 0.21617460 0.79254290 0.12597990
v 0.25698430 0.79557409 -0.10891965
v 0.23383884 0.80092793 0.16893724
v 0.23753036 0.80687504 -0.21592916
v 0.22319749 0.87703778 0.24582956
v 0.25452539 0.86838722 -0.11822667
v 0.23149502 0.89230451 -0.13599000
v 0.23819235 -0.81307752 0.21546786
v 0.20009400 -0.55404322 -0.21950287
v 0.24984336 -0.43485694 -0.21015670
v 0.25214424 -0.16267280 -0.38759601
v 0.26049284 -0.12693735 -0.40749109
v 0.25895858 -0.13533472 -0.32658886
v 0.25561723 0.00407493 -0.42201435
v 0.26983072 0.09539254 -0.49306144
v 0.28373312 0.14061587 -0.49267287
v 0.27215842 0.13472547 0.44431238
v 0.25434964 0.25413446 -0.55272894
v 0.23094069 0.29736243 -0.50487567
v 0.25314229 0.48212853 0.47482639
v 0.23047567 0.48092894 0.50974709
v 0.24721884 0.52584291 0.50617329
v 0.25651660 0.68876625 0.35957725
v 0.24496841 0.70905934 -0.39423153
v 0.26469801 0.72119558 -0.46204770
v 0.25523812 0.78254797 -0.24491418
v 0.26887948 0.75902572 -0.08499180
v 0.26398458 0.79112060 0.16968576
v 0.25451570 0.80745362 -0.31453289
v 0.24885582 0.81505200 -0.00485935
v 0.24174999 0.78614863 0.24881706
v 0.25786667 0.81857922 0.23875022
v 0.25425223 0.88054227 0.09606166
v 0.24848752 0.90977538 0.33236735
v 0.25867027 -0.70167111 0.17847842
v 0.23766145 -0.49419226 0.19211418
v 0.28126450 -0.45298125 0.23219447
v 0.23997319 -0.37258163 -0.26794167
v 0.26389150 -0.15368081 -0.35139446
v 0.25107400 -0.08537445 -0.39821581
v 0.26351441 0.02485652 -0.48156357
v 0.24650088 0.21422739 -0.53409186
v 0.25944172 0.19340404 -0.54474496
v 0.24464015 0.36469240 0.42491326
v 0.28256048 0.44061217 0.46051869
v 0.23902989 0.43439562 -0.52244909
v 0.25995081 0.53400019 0.48977819
v 0.27070512 0.53542388 -0.54722707
v 0.26811450 0.55291724 0.44687303
v 0.24702028 0.57993306 0.46887084
v 0.25740585 0.56658668 0.49773002
v 0.28078303 0.59658126 -0.48590495
v 0.28100007 0.69526316 -0.31882328
v 0.26674536 0.66616147 0.28429788
v 0.26631755 0.70208286 0.38637674
v 0.27098150 0.68134541 0.39168680
v 0.25262222 0.78816515 0.26009644
v 0.24361449 0.76332951 -0.32918240
v 0.28671448 0.78852877 -0.02398920
v 0.27169821 0.77904050 0.29404061
v 0.27078079 0.82980630 0.05270997
v 0.27490276 0.81516607 0.32825109
v 0.26308275 0.83401160 0.06749561
v 0.26318058 0.86991130 0.32801133
v 0.27065577 0.80449603 -0.18574034
v 0.26592802 0.83814004 0.03337386
v 0.26875262 0.82067647 -0.08842331
v 0.22550694 0.83242974 -0.04926750
v 0.27106313 0.87535301 0.27178162
v 0.26513110 0.91593707 0.24328267
v 0.23954314 -0.54581441 -0.17174327
v 0.27761786 -0.48252241 0.11368007
v 0.26363584 -0.23606703 -0.32548761
v 0.24125857 -0.14134389 0.43019911
v 0.26972935 -0.12686790 -0.36767880
v 0.29547891 0.23139867 -0.53763062
v 0.24942357 0.23481389 -0.50962357
v 0.27039576 0.26660959 -0.50931882
v 0.28557571 0.28025455 -0.57000162
v 0.26781135 0.27827583 -0.47997420
v 0.25562273 0.35942857 0.39172468
v 0.26658668 0.40717648 0.42582257
v 0.27587734 0.45881447 -0.37994577
v 0.27693306 0.52546094 -0.52731011
v 0.27678487 0.54596626 -0.53687750
v 0.26280369 0.62229655 0.47590025
v 0.26938980 0.65203834 -0.35207066
v 0.26795206 0.65727510 -0.40542709
v 0.22989003 0.65352383 0.36446170
v 0.26279999 0.68669024 -0.33866393
v 0.25552446 0.70550826 0.26495252
v 0.26657511 0.71436793 0.44223794
v 0.27681629 0.75447831 0.25639117
v 0.28515873 0.77355078 -0.34714754
v 0.28158381 0.74170282 0.10447436
v 0.28132813 0.81206839 -0.27477440
v 0.23983736 0.81991029 -0.02466608
v 0.27363147 0.81313050 0.12173149
v 0.23208648 0.81838750 0.13819097
v 0.26126476 0.83679616 0.36015635
v 0.27234761 0.81264854 0.11853223
v 0.25756806 0.87635805 -0.20481689
v 0.26339300 0.91453922 0.16182561
v 0.26453065 0.92348933 0.27780687
v 0.28287040 -0.41232466 -0.18073267
v 0.29321748 -0.32984694 -0.25136265
v 0.29067702 -0.18145322 -0.34422026
v 0.29213134 -0.14211059 -0.36405944
v 0.27847122 -0.14499571 -0.35690707
v 0.28376208 -0.12857626 -0.34348546
v 0.25670002 0.04389422 0.38846360
v 0.29821359 0.07072750 -0.50916316
v 0.28649381 0.20452552 0.37988750
v 0.26904194 0.31201356 -0.50592539
v 0.25292914 0.45007674 -0.49236384
v 0.27365455 0.50343236 -0.52861642
v 0.27477915 0.56591148 0.43986335
v 0.28709971 0.58130493 0.45011096
v 0.25576565 0.61680765 -0.47676201
v 0.29480613 0.65594782 0.46744808
v 0.28708177 0.69291835 -0.42471147
v 0.26783712 0.67114009 -0.29061983
v 0.27312613 0.67822305 0.41904394
v 0.27349743 0.71336975 -0.31835291
v 0.26888675 0.69183519 -0.17124348
v 0.27778744 0.73247019 -0.21867564
v 0.28496628 0.76589391 -0.22530957
v 0.26175834 0.76562677 0.33866035
v 0.26494493 0.77759517 0.03126330
v 0.28625351 0.80280533 0.09431961
v 0.30406490 0.82209516 0.39269206
v 0.27902722 0.81350195 0.12811244
v 0.27902722 0.81409681 0.12968871
v 0.30165008 0.81015743 -0.06574503
v 0.27596877 0.84268211 0.06260990
v 0.27426094 0.84502092 -0.08693694
v 0.27612352 0.84668145 0.20559914
v 0.26443080 0.82527439 0.14638696
v 0.28780204 0.88853102 0.07670523
v 0.27344404 0.89809641 0.29917340
v 0.31179059 0.91302955 0.34229699
v 0.30319566 -0.70416505 -0.34417138
v 0.27190711 -0.65308621 0.11533079
v 0.28780814 -0.46412969 -0.02239424
v 0.27960659 -0.37704097 0.26527668
v 0.29816807 -0.35281234 -0.22111004
v 0.27335114 -0.17737500 -0.37207640
v 0.28108853 -0.12808020 -0.36559242
v 0.29054993 -0.10010122 -0.39853767
v 0.28862003 -0.02205554 -0.40467984
v 0.29189288 0.01305714 -0.46221267
v 0.28010769 0.21292776 -0.49509331
v 0.29429813 0.34032165 0.35502368
v 0.28544349 0.43723012 -0.35981650
v 0.28337548 0.44590480 -0.49888308
v 0.28952863 0.48139301 0.45306328
v 0.28875115 0.51998437 0.48218778
v 0.27632688 0.63776334 0.42432858
v 0.27872081 0.67967561 -0.40589992
v 0.29508034 0.68063511 -0.25088564
v 0.29220661 0.64947081 0.32776833
v 0.26884076 0.69500314 0.23606615
v 0.28532505 0.72412359 0.29303705
v 0.29319428 0.72948421 -0.30346373
v 0.27651368 0.70619436 -0.35733012
v 0.28055177 0.77697159 -0.18099369
v 0.29388121 0.79208359 0.04269519
v 0.28278521 0.81350195 0.12968871
v 0.29189205 0.83048179 0.13065970
v 0.28263866 0.82231016 0.04126134
v 0.29217946 0.86296127 0.04393360
v 0.28105783 0.86821603 0.18850113
v 0.29929327 0.91973167 0.17202411
v 0.28851690 -0.56415312 -0.08278491
v 0.29099095 -0.46898667 0.05032738
v 0.28832569 -0.28471873 0.31970218
v 0.29655344 -0.05888612 -0.35250924
v 0.29561766 0.06513502 -0.45610560
v 0.29923420 0.10372228 -0.46567793
v 0.30550569 0.18501135 -0.50067631
v 0.28226593 0.48325275 -0.53349938
v 0.29908713 0.57160659 0.48669671
v 0.29109592 0.63614259 -0.42246563
v 0.29656440 0.57630389 0.33496458
v 0.29850944 0.56699556 0.37519343
v 0.29539388 0.63155700 -0.32519317
v 0.30267338 0.65830291 -0.35269965
v 0.29830927 0.64927301 -0.26910344
v 0.31142640 0.66870040 -0.42566761
v 0.31617785 0.68810274 -0.38311827
v 0.31946521 0.73859488 0.25900600
v 0.29402235 0.74352268 -0.35812378
v 0.31236493 0.75068178 -0.17425976
v 0.30758088 0.84301537 0.25170271
v 0.30099926 0.80744439 -0.20026441
v 0.30411687 0.84708438 -0.15009868
v 0.30257277 0.80197761 0.13101224
v 0.28692695 0.81341469 0.12973513
v 0.27554817 0.80391434 0.15141469
v 0.29855471 0.83393924 -0.10389793
v 0.29389700 0.82007725 0.03575734
v 0.29511999 0.85580983 -0.08423967
v 0.29940302 0.87020767 -0.08005518
v 0.30062215 0.86484456 -0.08635372
v 0.29077000 0.87479202 0.24592403
v 0.25720358 -0.94467318 -0.44441821
v 0.26839394 -0.88011392 0.22079962
v 0.33289606 -0.61145726 -0.01998342
v 0.29862119 -0.60085084 0.02651770
v 0.31167832 -0.41874407 -0.09570255
v 0.30451073 -0.06970863 -0.40671119
v 0.25311506 0.05272151 -0.43009990
v 0.29963047 0.18450317 -0.42372701
v 0.31678142 0.22087358 -0.43947856
v 0.28240364 0.32220584 -0.41449374
v 0.29886956 0.37418771 -0.46124564
v 0.27674504 0.39960707 -0.51461017
v 0.29633620 0.46657229 -0.51086210
v 0.30276589 0.49386809 -0.48288844
v 0.28642368 0.54233371 0.37332951
v 0.28607522 0.55502239 0.43398032
v 0.29002277 0.55474813 -0.43389753
v 0.28505215 0.60202651 0.40020052
v 0.30403065 0.64984240 -0.39100225
v 0.31148317 0.67070164 -0.42131057
v 0.31241894 0.72865915 0.21894444
v 0.30174578 0.69959991 -0.31348290
v 0.30997467 0.67463097 0.30593007
v 0.29065175 0.70733520 0.37437764
v 0.28766042 0.74122507 0.40827066
v 0.30071601 0.75129529 0.36042813
v 0.29256231 0.74560419 0.07063496
v 0.27780015 0.78017019 0.21797163
v 0.31303675 0.78990517 0.17943262
v 0.29002812 0.84641628 -0.03736485
v 0.31412654 0.83209708 0.08955684
v 0.30199474 0.85476156 0.35280955
v 0.30262672 0.85693471 -0.09042808
v 0.30668875 0.89358906 0.15027987
v 0.29474154 -0.65106224 0.10291073
v 0.31798998 -0.44737810 -0.06030435
v 0.32253916 -0.35212891 -0.16904186
v 0.33328293 -0.17565160 -0.31076473
v 0.31423699 -0.14757868 -0.32240854
v 0.32427357 -0.04333546 -0.40316014
v 0.31276753 -0.00191533 -0.42815392
v 0.29469592 0.12823328 -0.41423922
v 0.29716034 0.10651738 0.40575133
v 0.31344389 0.15752757 -0.44106806
v 0.29958561 0.28846850 -0.51093740
v 0.31342943 0.33237430 -0.50198271
v 0.31096607 0.35258324 -0.46704304
v 0.30649686 0.35357231 -0.49950489
v 0.32227306 0.42687976 -0.51652921
v 0.31798816 0.46935406 -0.40357950
v 0.30560008 0.51980016 -0.52011478
v 0.30129910 0.51217291 -0.49313026
v 0.30378744 0.53182277 0.42817722
v 0.33039884 0.54597934 0.38046020
v 0.30500200 0.56306691 -0.49456621
v 0.32751844 0.61290320 -0.40983648
v 0.32931129 0.60711497 -0.31612202
v 0.31678641 0.59060945 -0.38469845
v 0.31556230 0.65936021 0.45989325
v 0.32690942 0.67141546 -0.42072823
v 0.32006984 0.69689160 0.25412947
v 0.33648745 0.72819095 0.31074801
v 0.30455782 0.74655768 -0.10801123
v 0.31419234 0.79042902 -0.15117466
v 0.30515418 0.74470921 -0.19660425
v 0.30325855 0.76011566 0.33010060
v 0.29153486 0.81027064 0.06947264
v 0.30725203 0.78463195 0.28713615
v 0.31111890 0.79316911 0.26206501
v 0.30210259 0.86097153 0.30947384
v 0.27910885 0.89462040 0.19673931
v 0.31142371 -0.77298357 0.15320191
v 0.32310132 -0.42469047 -0.00575177
v 0.32225676 -0.38974669 -0.05969014
v 0.31019427 -0.44619624 0.13755493
v 0.31030610 -0.43728037 0.19813463
v 0.32630471 -0.24426443 -0.25681467
v 0.33450793 -0.12021158 0.32109540
v 0.29060668 -0.19933391 -0.29747794
v 0.31206161 0.09301234 -0.38706349
v 0.30487288 0.11561464 -0.37933423
v 0.34854956 0.12020116 -0.45684633
v 0.32120975 0.29317316 -0.43778758
v 0.29102343 0.27861497 -0.37734535
v 0.31635688 0.35452837 -0.46086645
v 0.31559025 0.32826122 0.36504816
v 0.30764913 0.36940605 0.39691210
v 0.31102804 0.38853082 -0.49663986
v 0.30072955 0.39716465 -0.57423500
v 0.30507545 0.44779379 -0.44068907
v 0.31048633 0.49280153 -0.46550905
v 0.29140939 0.48089861 -0.37656444
v 0.33836701 0.52523511 -0.51366049
v 0.30487011 0.52385208 -0.44675011
v 0.31854417 0.52042166 0.47621835
v 0.29389864 0.55616548 0.42204288
v 0.32141262 0.60992866 0.41202703
v 0.32165222 0.59093692 0.37848223
v 0.31575946 0.61379364 0.38103967
v 0.31421566 0.66790111 0.26989060
v 0.31666004 0.67142535 0.35941807
v 0.32214966 0.68585568 0.40133478
v 0.30463048 0.74868698 -0.06004448
v 0.31791275 0.79176410 -0.09767772
v 0.33418245 0.77228294 0.20034479
v 0.33065468 0.77205465 0.07928178
v 0.30510138 0.79026466 0.23735740
v 0.32123454 0.80778520 -0.07354214
v 0.32718275 0.81552311 0.10299300
v 0.31726392 0.81557260 0.16593629
v 0.30679404 0.81811463 0.12310761
v 0.32604308 0.87468105 0.00804924
v 0.32610672 0.83665606 0.16575070
v 0.30928149 0.91732515 0.25398378
v 0.38856919 -0.76628634 -0.37592632
v 0.34011677 -0.67642517 0.05851428
v 0.36626734 -0.64036739 -0.21446456
v 0.31764046 -0.37774442 0.21508186
v 0.31394537 -0.38737950 -0.13490669
v 0.33174966 -0.30995953 -0.22553448
v 0.31355542 -0.29373709 0.26037362
v 0.32149698 0.11624184 -0.39886543
v 0.31209222 0.12255596 -0.40277603
v 0.31463929 0.18187117 -0.48628808
v 0.32985046 0.18657124 -0.51466061
v 0.31967008 0.19442529 -0.50260526
v 0.33126415 0.19863746 -0.47726397
v 0.30637906 0.32561669 -0.45455549
v 0.31170615 0.32899187 -0.40225337
v 0.32635946 0.41250447 -0.40517271
v 0.34180217 0.48119260 0.46333132
v 0.32896456 0.51207633 0.43437976
v 0.32603579 0.57799819 0.48059993
v 0.32777918 0.62744704 0.42349455
v 0.32204860 0.66051703 -0.07371410
v 0.33011726 0.65551359 -0.35370508
v 0.30290311 0.69557067 -0.23973337
v 0.33892472 0.72970969 -0.12041328
v 0.33394459 0.75563872 0.12995036
v 0.32124547 0.75042957 -0.22425510
v 0.34051901 0.74706143 0.28152474
v 0.31649894 0.78760697 -0.00883132
v 0.33770327 0.80201618 0.12888997
v 0.31863875 0.82747907 0.14005593
v 0.31697975 0.82341968 -0.03675223
v 0.32300112 0.82110344 0.04141715
v 0.27714948 -0.97212437 -0.41572358
v 0.33255392 -0.41912946 0.05142592
v 0.34418144 -0.39097031 -0.10327124
v 0.34776157 -0.34429221 -0.06116440
v 0.32073211 -0.33076917 0.20534977
v 0.33664078 -0.21580284 -0.29541103
v 0.32746416 -0.11674894 -0.35677819
v 0.34228517 -0.07454136 -0.35254262
v 0.32732160 0.04213380 -0.44478987
v 0.32820070 0.07257670 0.29360647
v 0.31139130 0.17197135 0.33809750
v 0.33490297 0.19583253 -0.49548835
v 0.35698043 0.17321913 -0.43068757
v 0.33404669 0.19521861 -0.51482493
v 0.34696208 0.21528816 -0.50604550
v 0.33210172 0.23819340 -0.46617625
v 0.35303851 0.23821032 0.28237750
v 0.33780824 0.30193586 -0.51240437
v 0.32367717 0.25574285 0.32114897
v 0.33503510 0.29232486 0.31320098
v 0.35483794 0.31683089 -0.44367093
v 0.33132971 0.32142931 -0.46235012
v 0.32934983 0.31544795 0.31847427
v 0.32734422 0.38578898 -0.44578810
v 0.31852380 0.41424973 0.43775348
v 0.30968370 0.43337108 0.41761282
v 0.34045264 0.44586733 -0.42002321
v 0.34178891 0.46968223 -0.50795845
v 0.34189901 0.49598889 0.40626622
v 0.31334188 0.51626395 -0.41149579
v 0.36675305 0.51479033 -0.41286421
v 0.33231777 0.52053175 0.40050959
v 0.31469243 0.55790044 0.34989581
v 0.34880652 0.60551077 0.41185061
v 0.34305289 0.58450321 -0.39597964
v 0.32724354 0.60985366 0.33911441
v 0.33213846 0.63946853 -0.36376107
v 0.33006897 0.61692361 0.45189748
v 0.32991162 0.65961042 -0.38511842
v 0.29800673 0.67729775 -0.12125549
v 0.33957943 0.68429702 0.32947487
v 0.33405473 0.69220072 -0.32110564
v 0.33471536 0.74211804 -0.33546763
v 0.30743549 0.76775674 -0.26824275
v 0.32454249 0.74330783 0.09307318
v 0.31967319 0.78667184 -0.04034169
v 0.33249674 0.79052636 0.25134040
v 0.34082996 0.77195618 -0.09100471
v 0.32405733 0.77354544 0.02929064
v 0.33692935 -0.37917575 0.06590704
v 0.33598602 -0.35806341 0.17533588
v 0.33602242 -0.28826045 -0.20342326
v 0.34032252 -0.21954445 -0.23672082
v 0.31926956 -0.12140941 -0.27162861
v 0.34203081 -0.09040827 -0.31339495
v 0.32193751 0.04576127 -0.48069892
v 0.31555099 0.09622365 -0.42507142
v 0.34165453 0.12016133 -0.40904579
v 0.34205164 0.15800234 -0.44992755
v 0.34227733 0.19215652 -0.51309517
v 0.36182983 0.27129110 0.30385451
v 0.34625926 0.29670789 0.32222603
v 0.32153526 0.31569755 -0.42650878
v 0.33576648 0.36352326 -0.49761514
v 0.34059864 0.37343551 -0.43880231
v 0.33769041 0.45632066 -0.45941543
v 0.35274144 0.46925567 0.42824985
v 0.33254951 0.45954215 -0.47351526
v 0.35423516 0.51828856 -0.47469957
v 0.34823300 0.51655026 -0.42800617
v 0.34988163 0.51997346 0.42479344
v 0.34731252 0.58207023 -0.43734019
v 0.34300766 0.58216852 -0.32524619
v 0.32387120 0.64125736 -0.19593386
v 0.33586906 0.67743079 0.27921081
v 0.32572410 0.71754370 -0.04691200
v 0.35456176 0.75769734 -0.07874154
v 0.35731552 0.76192043 -0.13155129
v 0.32931781 0.69489716 0.19632876
v 0.34136715 0.77374976 0.26938555
v 0.33404728 0.81168517 0.23737209
v 0.34373915 -0.40419274 0.12189574
v 0.35445318 -0.37261171 -0.01371206
v 0.33954777 -0.33518556 0.14965722
v 0.32943053 -0.35749078 -0.03331339
v 0.34601001 -0.32441220 -0.13142161
v 0.35776868 -0.26627353 0.15449585
v 0.34879625 -0.29132182 -0.15772466
v 0.35343996 -0.28138274 0.05623275
v 0.35454116 -0.23485824 -0.18969063
v 0.34763556 -0.08566880 -0.37654236
v 0.34553919 -0.02612254 -0.32076645
v 0.33950404 0.04410439 -0.39604313
v 0.34644596 0.06223629 -0.43353207
v 0.35865258 0.15679251 0.24484556
v 0.34935610 0.19672540 -0.51423798
v 0.35575381 0.21057794 -0.50070972
v 0.33921902 0.20000298 -0.51721568
v 0.34776822 0.21375966 -0.46918622
v 0.35069717 0.27327178 -0.45630976
v 0.35222055 0.30410086 0.31773003
v 0.35624661 0.34940320 -0.42716089
v 0.36659122 0.44716693 -0.47659689
v 0.35689638 0.43366042 -0.36896611
v 0.33342414 0.56010883 0.42122917
v 0.32937936 0.64155822 0.36495322
v 0.35577557 0.66012795 -0.21395429
v 0.34790447 0.67864476 0.07552687
v 0.35785127 0.65616685 0.10412845
v 0.37293433 0.69003937 0.31206308
v 0.35231792 0.69453749 -0.26846467
v 0.34589483 0.74556877 0.12957535
v 0.34565061 0.75135984 0.16863577
v 0.34218722 0.75272346 0.22049168
v 0.34893010 0.74302626 -0.18807154
v 0.34587932 0.80207888 -0.05056589
v 0.34546179 0.80902156 -0.20230083
v 0.36665563 0.80003238 0.07837726
v 0.39375864 0.76311044 0.16454220
v 0.34894214 -0.41405077 0.08759663
v 0.37433947 -0.28173280 -0.01346856
v 0.35270825 -0.32936969 0.07826721
v 0.35299455 -0.28321925 -0.10607833
v 0.34932377 -0.23817151 -0.16533331
v 0.35191499 -0.22028672 0.19707101
v 0.33367457 -0.15662781 -0.28430829
v 0.36267327 -0.15010419 -0.24682314
v 0.35490672 0.06484861 -0.41988591
v 0.33822535 0.14420489 -0.40858886
v 0.36693599 0.20688654 -0.39551438
v 0.36505165 0.23999655 -0.43688146
v 0.37025628 0.26139956 -0.49582859
v 0.35033338 0.32192108 0.28013276
v 0.33959827 0.31418454 0.33643244
v 0.36747866 0.35377987 -0.46569119
v 0.34498321 0.37969205 0.37537633
v 0.35348416 0.47768428 -0.39322267
v 0.35092439 0.47755665 -0.46869026
v 0.35229752 0.50783971 -0.39187202
v 0.37871700 0.59411937 -0.35517296
v 0.35159383 0.67656255 -0.18403963
v 0.35197103 0.64860167 -0.29421375
v 0.37194193 0.69643919 -0.25586821
v 0.33310048 0.70930341 0.26116766
v 0.38659341 0.71461689 0.18549227
v 0.36640037 0.71693320 0.34168209
v 0.37454425 0.73093074 -0.18024407
v 0.34827236 0.77314163 0.05128542
v 0.34583005 -0.82087759 0.15317644
v 0.36298181 -0.36595905 0.04916252
v 0.35741952 -0.30324207 0.03855460
v 0.36531796 -0.24056921 -0.16684249
v 0.36548638 -0.23463978 -0.16898833
v 0.36548638 -0.23172825 -0.16890989
v 0.36505606 -0.22901718 -0.17484837
v 0.36383915 -0.17446717 -0.21856944
v 0.36010627 -0.11948615 -0.29852360
v 0.37022763 -0.03142324 -0.38063362
v 0.35468306 -0.03328683 -0.01111239
v 0.36016578 -0.02667075 -0.24307268
v 0.38382940 0.15532907 -0.41368769
v 0.34801121 0.26569106 -0.37470002
v 0.37213153 0.45972246 0.38854170
v 0.35747904 0.47381732 -0.45306545
v 0.36172248 0.52277193 -0.41202513
v 0.35072641 0.57111871 -0.30105187
v 0.37825407 0.60296335 0.31984015
v 0.37241243 0.64278274 0.30859633
v 0.35416292 0.61939350 0.40953361
v 0.37567064 0.62208327 -0.33749592
v 0.36550588 0.64933924 -0.20215587
v 0.37212321 0.70481629 -0.07869372
v 0.36208828 0.70549183 0.09102409
v 0.35716172 0.71060937 0.36791895
v 0.37154229 0.72475960 0.24331224
v 0.36630594 0.71662003 -0.20897479
v 0.36958333 -0.28090213 -0.07956910
v 0.36535171 -0.23975161 -0.17586225
v 0.36562693 -0.23972763 -0.16898833
v 0.36979955 -0.23662128 -0.11000004
v 0.37773086 -0.14856634 0.07111305
v 0.37332258 0.12558589 -0.42278421
v 0.36880450 0.33330686 -0.33476894
v 0.36277994 0.32436877 -0.38733689
v 0.37257882 0.42726377 0.42992787
v 0.37321659 0.49506831 0.41659103
v 0.37441429 0.52825486 -0.38986862
v 0.37132704 0.58841635 0.38172338
v 0.37192658 0.62339536 0.26904795
v 0.40022306 0.64692839 0.39255136
v 0.36678108 0.65238729 -0.24947551
v 0.38116325 0.66942693 -0.33756362
v 0.39588210 0.70260139 0.07141269
v 0.36788824 0.67158855 0.24809421
v 0.38968217 0.69781333 0.28084543
v 0.37112396 0.70413032 0.37302858
v 0.37781039 0.75890494 -0.04168640
v 0.36301504 0.72448243 -0.23289646
v 0.36583893 0.73050098 0.04767620
v 0.39253609 0.76382448 0.04556982
v 0.37345934 0.78077534 -0.15799806
v 0.35231553 0.79171103 -0.00937237
v 0.36678379 0.79570601 -0.15694999
v 0.37401864 -0.22305489 -0.15177537
v 0.41401794 -0.09807222 -0.26777776
v 0.38446312 -0.04903232 -0.32687535
v 0.38704614 0.00589234 -0.00316441
v 0.37876538 0.08090252 0.18107219
v 0.40662320 0.09546560 -0.41355094
v 0.37229509 0.12292475 -0.31196166
v 0.38464953 0.09748190 0.18673632
v 0.38671180 0.21797796 -0.34214070
v 0.39192614 0.22235590 -0.44724528
v 0.37536153 0.31249969 -0.37952922
v 0.39660384 0.33941302 -0.44637962
v 0.37952643 0.43013010 -0.47509140
v 0.35732254 0.47535013 -0.42200136
v 0.37004285 0.48379034 -0.37181489
v 0.39811622 0.50359454 0.44289827
v 0.38233063 0.52825041 0.41413186
v 0.37169030 0.53762595 -0.28609670
v 0.39541295 0.56460845 0.33752117
v 0.37221429 0.57436891 -0.32870283
v 0.38041440 0.60851286 -0.22196097
v 0.37471138 0.65195582 0.34169968
v 0.38550281 0.65033509 0.15930376
v 0.37492236 0.72853681 -0.15609660
v 0.38425473 0.68795737 0.35065075
v 0.38085464 0.71285327 -0.29409265
v 0.37573498 0.73669026 0.33263406
v 0.38137096 0.73501589 -0.14129113
v 0.38497999 0.74698490 0.11454975
v 0.39916649 0.78005339 -0.00099568
v 0.37306672 0.75538496 -0.16210236
v 0.35898187 0.78220184 -0.24071829
v 0.36876699 0.75567999 -0.09635183
v 0.38626364 0.78311787 0.22898089
v 0.37488206 0.82143963 -0.02637255
v 0.36381175 0.78289346 0.02419444
v 0.34234882 -0.99011855 0.18138515
v 0.38626815 -0.18171076 -0.16783429
v 0.37217486 -0.21080680 -0.02504734
v 0.38074150 -0.18775590 0.04146424
v 0.39842870 -0.16782595 -0.23758992
v 0.39236614 -0.15013161 -0.17535895
v 0.39693816 -0.12179529 -0.23634750
v 0.38612170 -0.12740366 -0.05360172
v 0.37108113 -0.07665530 0.23479923
v 0.43519529 -0.05373550 -0.00602079
v 0.37138844 -0.02466961 -0.35765355
v 0.38386437 -0.11195779 0.14280987
v 0.37293538 0.01234500 -0.39526764
v 0.36803208 0.01605627 -0.32349920
v 0.39247598 0.05785033 -0.38220700
v 0.36297181 0.18176852 0.26381300
v 0.40060129 0.24367688 0.28171089
v 0.37025390 0.24554419 -0.46750662
v 0.39998004 0.26663715 -0.39271594
v 0.39218456 0.25522361 -0.36629111
v 0.38792616 0.29253926 0.33560047
v 0.40989032 0.31834660 -0.34643495
v 0.37691778 0.30048643 -0.42837202
v 0.39615719 0.33116407 -0.40497193
v 0.39091916 0.31343631 -0.29351755
v 0.40384587 0.35066179 -0.51049149
v 0.39037006 0.38047921 -0.29566587
v 0.37313688 0.40703313 0.36496795
v 0.40533559 0.47546124 0.37723841
v 0.38774848 0.47127418 -0.42495599
v 0.37353237 0.52502056 -0.49997316
v 0.37099857 0.55833872 -0.32751292
v 0.40778364 0.56655330 -0.38713693
v 0.37793007 0.61273547 0.35884222
v 0.37800593 0.60387050 0.22626342
v 0.38476863 0.64944366 0.34855152
v 0.38143431 0.66050915 0.35740086
v 0.40239064 0.65184893 0.31699027
v 0.38782090 0.69121409 0.36534014
v 0.37232558 0.67742233 0.22206544
v 0.38906616 0.70346302 0.36262023
v 0.39605422 0.70647013 0.37479121
v 0.38743484 0.72871403 -0.11753200
v 0.39623052 0.74739011 0.01801546
v 0.38916783 0.75675480 -0.13528573
v 0.38515632 0.76207985 -0.16422324
v 0.39475783 0.77762077 -0.14926425
v 0.38649219 0.77696170 -0.16893270
v 0.39118997 -0.17391028 -0.08193731
v 0.39483140 -0.15781654 0.04139348
v 0.38266064 -0.08669757 0.04399275
v 0.42698357 -0.04496206 -0.25942610
v 0.40449780 0.14979976 -0.37327275
v 0.40013138 0.17234302 -0.39751616
v 0.42371256 0.21400365 0.23220217
v 0.37957364 0.25001518 -0.39132034
v 0.39555953 0.24340468 -0.41985320
v 0.36181530 0.38682577 0.40810629
v 0.38225651 0.39868628 -0.42382886
v 0.39256913 0.41196687 0.34786504
v 0.37700012 0.44497569 -0.41910854
v 0.39733206 0.44148696 0.35444276
v 0.39614041 0.46485224 -0.44727430
v 0.37214082 0.50130929 0.37030382
v 0.38623492 0.50354144 0.31928120
v 0.40514121 0.51421090 -0.47603461
v 0.41502151 0.55128344 0.33388138
v 0.39562934 0.55313361 0.27876949
v 0.39362371 0.58045678 -0.34830112
v 0.39802754 0.56485739 -0.30985668
v 0.39728713 0.57850859 0.25201110
v 0.40210249 0.63580139 0.37043468
v 0.38765377 0.64443294 -0.31752872
v 0.39576323 0.65303332 0.38317615
v 0.39609433 0.66754725 -0.23326893
v 0.38793626 0.69612016 0.35003185
v 0.40092879 0.75318142 0.03801602
v 0.40080424 -0.16290512 -0.12343200
v 0.41448614 -0.10869129 -0.22745501
v 0.39076907 -0.12485950 -0.14579973
v 0.40062520 -0.06620692 -0.21150268
v 0.40533377 -0.07764708 -0.31022671
v 0.40309733 -0.03855743 -0.28081479
v 0.39544208 0.02567846 0.08594746
v 0.40452320 0.10785002 -0.38717303
v 0.40863036 0.09137893 0.11863729
v 0.42102507 0.13242426 0.12051605
v 0.40615278 0.12407605 -0.35401510
v 0.40658441 0.16577253 0.24223218
v 0.41345763 0.29369883 0.31033582
v 0.39918208 0.34777785 0.35279731
v 0.39784227 0.40417821 -0.30787031
v 0.39790534 0.41796558 0.23806357
v 0.40158402 0.41225226 0.38295735
v 0.43817819 0.43312961 -0.39818717
v 0.40686717 0.51440958 0.38083430
v 0.42524775 0.57571338 0.30861468
v 0.42002513 0.56267446 0.31393668
v 0.40068436 0.67486639 0.16511427
v 0.40092765 0.68420424 0.36611565
v 0.41397244 0.70493067 -0.22710681
v 0.40402461 0.81635701 0.06002682
v 0.36383300 -0.96667595 0.23033071
v 0.34689501 -0.86920883 -0.43698904
v 0.41416455 -0.12075807 -0.07787194
v 0.41318877 -0.12838125 -0.02527385
v 0.38882293 -0.08286101 -0.20529469
v 0.41211202 0.01652779 -0.29726711
v 0.41002544 0.03557164 0.03905240
v 0.41262212 0.05831997 -0.34574740
v 0.43068657 0.21390046 0.25150150
v 0.41923774 0.23856739 -0.34980274
v 0.40369076 0.32496020 0.29994036
v 0.41151122 0.38773244 0.35434730
v 0.41311424 0.42680010 0.36648656
v 0.43292783 0.45424331 0.40249559
v 0.42006657 0.46517465 -0.35874429
v 0.41535849 0.50665700 -0.41555905
v 0.40281724 0.52454352 -0.34307280
v 0.41556683 0.50204824 -0.28963763
v 0.40043186 0.52337399 0.29441675
v 0.43365232 0.58699076 -0.30711733
v 0.40808723 0.56297956 0.22018476
v 0.39462003 0.60261258 -0.30993488
v 0.39941455 0.63244833 -0.38904793
v 0.40567616 0.59919497 -0.25828264
v 0.42395677 0.59735369 0.39133227
v 0.40782139 0.66084576 -0.16789578
v 0.40025336 0.68655723 0.05836995
v 0.41470366 0.69868666 -0.27789064
v 0.40951810 0.71444799 0.03497919
v 0.39012608 0.69125940 -0.12729361
v 0.37719169 0.69775408 -0.00847559
v 0.57884351 -0.97306340 -0.33049076
v 0.41603943 -0.09683908 -0.20302003
v 0.42050582 -0.09824903 -0.19572443
v 0.42653737 -0.02335720 -0.12598086
v 0.40660437 -0.04147861 -0.08953262
v 0.41772078 0.00546197 -0.02026309
v 0.38589281 -0.01110464 -0.33665297
v 0.41867110 -0.02041622 -0.31781913
v 0.41657130 0.02311559 -0.38049225
v 0.41896665 0.08597377 -0.34858470
v 0.40839232 0.10338297 0.15543986
v 0.43419122 0.12467335 -0.32515841
v 0.39275570 0.14517174 -0.32450842
v 0.42575559 0.29040176 -0.42699155
v 0.45119508 0.27284687 0.26234760
v 0.39877881 0.26677317 -0.36086253
v 0.43057586 0.32636991 0.32871672
v 0.39820625 0.37898736 -0.31771971
v 0.43663563 0.38049481 -0.37346923
v 0.43219224 0.40382646 0.37116437
v 0.42510617 0.48223520 -0.30504999
v 0.41016201 0.49969154 -0.35683485
v 0.43355399 0.48955347 -0.23867142
v 0.44743705 0.53897292 0.22742300
v 0.41944661 0.57595495 0.33288347
v 0.41144036 0.63923763 -0.36049164
v 0.41655839 0.60893074 0.34318658
v 0.41852761 0.61705173 0.23030598
v 0.41315114 0.66713457 0.26482318
v 0.39659378 0.65766956 -0.29984736
v 0.43109292 0.68962322 0.25677572
v 0.42671996 0.70039950 0.00100534
v 0.43109455 0.70141895 0.06807960
v 0.40734772 0.70645485 0.09379535
v 0.40059057 0.72011055 0.15833313
v 0.39280690 0.72068101 -0.17690501
v 0.41780729 0.77099879 0.06629108
v 0.42950176 0.78243389 0.04770534
v 0.39842996 -0.10672396 -0.17771822
v 0.45489864 -0.07479656 -0.01272912
v 0.42140023 -0.10280295 -0.14104572
v 0.42647625 -0.06366096 -0.19336383
v 0.42229502 0.00253494 -0.10701732
v 0.42543906 0.00197647 -0.30593766
v 0.41047371 -0.00030033 -0.27052860
v 0.42972881 0.03214658 -0.33564496
v 0.42285023 0.08275795 -0.29827279
v 0.42339996 0.10225185 0.15628917
v 0.41397691 0.19792246 -0.36689515
v 0.44610028 0.25257724 -0.36637186
v 0.42045136 0.23447113 -0.38975917
v 0.42764791 0.23962711 -0.32259731
v 0.46676075 0.34790722 -0.31813542
v 0.45081799 0.35396575 -0.33690852
v 0.42484997 0.37715017 -0.41445919
v 0.40645234 0.38065117 0.25054888
v 0.42621094 0.44658714 -0.37404215
v 0.43631596 0.47767357 -0.42405712
v 0.42193707 0.50526150 0.34189803
v 0.43024536 0.58299447 0.20926832
v 0.41958710 0.58886947 -0.36292884
v 0.42466318 0.64055519 -0.25304522
v 0.41954419 0.66986302 -0.00534511
v 0.41608563 0.68439852 0.21021376
v 0.42858072 0.68250781 -0.20783652
v 0.43232342 0.69330521 -0.01163603
v 0.41893682 0.66406086 0.13573471
v 0.43344751 0.68651752 0.18407983
v 0.42185508 0.69222152 0.22926402
v 0.44108349 0.69610908 -0.16401751
v 0.43498821 0.71841052 -0.06606023
v 0.45889859 0.72289625 0.14039892
v 0.39198985 0.69499453 0.24459443
v 0.41933309 0.72062487 -0.08757923
v 0.41244334 0.75327834 0.04452184
v 0.40991009 0.74852021 -0.05675925
v 0.43688534 0.79115003 0.09446165
v 0.51995280 -0.86819682 0.16486155
v 0.43150742 -0.08709347 -0.19869530
v 0.42905048 -0.08606173 -0.05819452
v 0.40071245 -0.07739755 -0.25067381
v 0.44480663 -0.03352964 -0.15258543
v 0.43362381 0.03109891 -0.04414197
v 0.41869536 0.07289838 0.13665151
v 0.47018372 0.11827764 -0.29118917
v 0.42501652 0.14844746 -0.31526280
v 0.43918524 0.29129584 -0.42968530
v 0.42937563 0.31824762 -0.17674381
v 0.44167932 0.37258597 0.32615745
v 0.44798266 0.35206047 0.30020659
v 0.42829141 0.37903114 0.28599906
v 0.42055621 0.43298813 0.32774839
v 0.40784966 0.40462945 -0.47555416
v 0.43422756 0.41615357 -0.46392599
v 0.43141728 0.45602372 0.34462676
v 0.43213356 0.46673989 -0.38435717
v 0.42671661 0.48473716 0.29965473
v 0.43824972 0.51801697 -0.36284445
v 0.44383178 0.52993097 0.29603099
v 0.44115306 0.52362525 -0.33155772
v 0.41945655 0.55335493 -0.32381583
v 0.42449195 0.56659882 -0.26452726
v 0.43560620 0.54149486 0.35535512
v 0.46819303 0.57680899 -0.25314862
v 0.44012501 0.59868109 -0.01948898
v 0.43440054 0.60439835 0.31349537
v 0.44784632 0.64660403 -0.05478555
v 0.41461544 0.65464651 -0.23200627
v 0.43447338 0.67278974 -0.33688001
v 0.43123641 0.65968214 0.03347477
v 0.40345209 0.67209774 -0.04204881
v 0.47174411 0.66375435 -0.23029584
v 0.43690665 0.67324175 -0.09330917
v 0.44171196 0.67742843 0.16248359
v 0.43953435 0.72109518 -0.25207075
v 0.43119160 0.72564319 0.02051569
v 0.43160195 0.71272534 -0.03303596
v 0.41647740 0.73404749 -0.12820744
v 0.39914173 0.75304275 0.09608900
v 0.43383407 0.75431060 0.08196354
v 0.43658620 -0.08275868 -0.17446989
v 0.44890356 -0.05650785 -0.12082251
v 0.44395452 -0.02377213 -0.10515119
v 0.43946839 -0.01084710 -0.25621933
v 0.43132942 0.02169701 -0.13571649
v 0.44955486 -0.01056208 -0.28304352
v 0.48518173 0.08373441 -0.00506674
v 0.41789556 0.07432453 -0.00576431
v 0.45090145 0.08313162 -0.26284215
v 0.43314550 0.13511986 -0.25088425
v 0.45439691 0.14433488 -0.36490587
v 0.44163630 0.22972616 0.25902482
v 0.44529245 0.26522531 -0.41604541
v 0.46282302 0.26439002 -0.29930886
v 0.42493748 0.25179439 -0.44848988
v 0.43109561 0.29495219 -0.25866662
v 0.44657221 0.32524616 0.27093701
v 0.45750156 0.37681691 0.28989022
v 0.44310122 0.39761693 -0.29186195
v 0.43163725 0.39347219 -0.47257965
v 0.43780394 0.45606968 0.27728714
v 0.45873944 0.48668896 -0.39637565
v 0.44054228 0.52030579 -0.28240435
v 0.43899325 0.54267142 -0.23811696
v 0.42558401 0.56394606 -0.20170542
v 0.47318950 0.57935387 0.30592906
v 0.42608093 0.58657016 -0.05818395
v 0.45006326 0.60429483 -0.29685319
v 0.43046303 0.59524114 0.08687055
v 0.43532487 0.61435154 -0.16745196
v 0.42864660 0.63837892 0.19965900
v 0.44669710 0.64913652 0.26910476
v 0.45518747 0.64745742 -0.14612150
v 0.45098409 0.67309928 0.06455729
v 0.42601567 0.72080352 0.22984584
v 0.42905366 0.71349839 -0.20602488
v 0.45162148 0.73513002 -0.01613929
v 0.45119193 0.76553590 -0.09109317
v 0.39925254 -0.63083991 -0.12252603
v 0.46980207 -0.03616659 -0.18463376
v 0.46030670 0.02784489 0.01375586
v 0.44021185 0.04527089 -0.30034520
v 0.45772077 0.07602335 -0.24085883
v 0.45340938 0.09941325 -0.24413215
v 0.44142938 0.13438448 0.11852149
v 0.44922656 0.13586007 0.17820262
v 0.44910052 0.20871293 0.19409085
v 0.42792187 0.21231878 -0.24169662
v 0.50254189 0.27864838 -0.24269756
v 0.47113881 0.26941389 -0.32872124
v 0.43462511 0.29425080 -0.38134342
v 0.45594127 0.36077773 -0.20907197
v 0.45021147 0.34921393 0.20700509
v 0.43525430 0.40127099 -0.21206555
v 0.46008856 0.42299710 -0.33098359
v 0.47123447 0.44580675 0.31268854
v 0.46908916 0.52638170 -0.25217169
v 0.45432846 0.54215982 0.25056554
v 0.46467365 0.57949864 0.18392206
v 0.46289197 0.61334302 -0.22557127
v 0.47550763 0.63042287 0.08938420
v 0.47640560 0.67397976 0.18381459
v 0.46131211 0.67287806 -0.19657945
v 0.46533645 0.70337147 0.25449782
v 0.44377731 0.70491615 -0.04693645
v 0.44091397 0.75971844 0.21219221
v 0.45165858 0.73356331 0.04351184
v 0.45210701 0.74288929 -0.05099840
v 0.45068190 0.75503753 -0.06200614
v 0.45022424 0.76425410 0.10654516
v 0.47157395 0.77270685 0.10495475
v 0.34989901 -0.94326632 0.23776568
v 0.46042620 -0.02898189 -0.23878795
v 0.46497655 0.03715839 0.05377466
v 0.48175091 0.06738301 -0.16476698
v 0.48253921 0.12819822 -0.11715142
v 0.46756171 0.24312892 0.19602031
v 0.45732909 0.30229339 0.21632601
v 0.47166138 0.35624072 -0.22646488
v 0.44014020 0.36725222 0.17328871
v 0.48972923 0.36963129 0.21695643
v 0.43028646 0.38086280 0.21018015
v 0.47309249 0.42720977 0.32650651
v 0.45442608 0.44290224 -0.30058981
v 0.44072092 0.50707234 0.37167789
v 0.49892483 0.53617580 -0.22805869
v 0.48584232 0.56889051 -0.31160594
v 0.46294860 0.58143063 0.24041850
v 0.46717992 0.59543673 0.26107796
v 0.47692235 0.61173039 -0.05494923
v 0.43753210 0.63199692 0.06544225
v 0.45920604 0.65854481 0.07248321
v 0.45369762 0.69733690 0.10786401
v 0.46886562 0.70375149 0.20543287
v 0.46896871 0.72303742 0.07649815
v 0.45379359 0.71151898 -0.10780570
v 0.46088067 0.72704990 0.18207518
v 0.47421752 -0.02447450 -0.12304598
v 0.47362723 -0.01547369 -0.13727650
v 0.44994124 0.01176039 -0.29841934
v 0.42728653 0.04406306 -0.15982442
v 0.45969328 0.06628563 -0.18311112
v 0.45437787 0.06378369 -0.31598861
v 0.45559408 0.08474368 0.14047779
v 0.47457927 0.14518104 0.08147770
v 0.50831663 0.20222048 -0.24079389
v 0.46917331 0.21633799 -0.34081156
v 0.45719122 0.19856616 0.06794837
v 0.44840548 0.21726657 -0.19094644
v 0.46548424 0.31715288 0.28673265
v 0.46379074 0.30938562 -0.33799629
v 0.48225999 0.33757809 -0.33818257
v 0.48110490 0.39597300 -0.35888047
v 0.45634723 0.37074898 -0.32520774
v 0.47067926 0.41837599 -0.39620724
v 0.48252481 0.41864206 -0.32741119
v 0.49215793 0.42543561 0.13280257
v 0.46381674 0.40509146 0.30460608
v 0.44257147 0.46520628 -0.36194993
v 0.46428409 0.45384062 -0.29209347
v 0.45397920 0.46920947 0.06798545
v 0.48058100 0.46760969 -0.31028894
v 0.46808242 0.47292175 0.33850692
v 0.46472274 0.48909776 -0.37550072
v 0.47545649 0.51253240 0.29273046
v 0.47024897 0.54971209 0.28727851
v 0.47837028 0.53295618 -0.15620891
v 0.48300159 0.55345457 0.33711875
v 0.44999561 0.60191670 0.13025861
v 0.47595636 0.59981509 -0.03246484
v 0.47548296 0.63271821 0.22735163
v 0.48868636 0.63237871 0.09444918
v 0.45348967 0.65320661 0.09764980
v 0.46236365 0.66678593 0.08538885
v 0.46240193 0.67407165 0.28990733
v 0.43717191 0.69625491 -0.12744831
v 0.46766537 0.70346302 -0.11141952
v 0.46702302 0.71132296 -0.10610895
v 0.46502670 0.74309784 -0.12396849
v 0.46088465 0.73849279 -0.07034608
v 0.45449677 0.74858661 0.12110600
v 0.46632971 0.75422892 -0.06393390
v 0.42711070 -0.66717935 -0.03083701
v 0.44044722 -0.08605182 -0.08308962
v 0.47350230 0.00881858 -0.11896796
v 0.45456580 0.00291248 -0.23054289
v 0.48252463 0.02920589 -0.13616413
v 0.48902470 0.05073725 -0.26039217
v 0.45208771 0.10631079 -0.14804594
v 0.47468564 0.11626807 -0.02024165
v 0.43927428 0.18081834 -0.37016390
v 0.47166064 0.18470698 -0.32556276
v 0.49072368 0.24638569 -0.28427237
v 0.47385234 0.21212921 0.21838371
v 0.47801605 0.31332306 -0.05658621
v 0.49577443 0.28886280 0.17785098
v 0.49260849 0.34152802 -0.19184672
v 0.49189844 0.36821279 0.25293172
v 0.46210482 0.37328596 -0.08614804
v 0.46020949 0.38161572 0.33041920
v 0.46801645 0.41463051 -0.32295645
v 0.46764685 0.41343771 0.25730971
v 0.51079069 0.38484172 0.16899575
v 0.47138434 0.42485066 -0.27819445
v 0.49892079 0.43336884 -0.20059653
v 0.48727816 0.49951605 -0.35471774
v 0.48585690 0.51449639 0.24519391
v 0.48292628 0.51003451 0.01120509
v 0.45898101 0.63225186 -0.04420843
v 0.47689016 0.62410757 0.02047526
v 0.47307771 0.63895037 0.06514927
v 0.46486486 0.63764241 -0.01147629
v 0.46762637 0.75131212 0.20082010
v 0.47269828 0.71190332 -0.11394618
v 0.47640077 0.71317891 -0.10867995
v 0.48531607 -0.05088993 -0.08726071
v 0.48061061 -0.06011719 -0.05283667
v 0.50061975 0.00128876 -0.08375896
v 0.48905019 0.00946098 -0.25524323
v 0.47349487 0.02714652 -0.17323349
v 0.48139309 0.04585802 -0.04102560
v 0.49733007 0.13851663 0.11939519
v 0.48327416 0.11262319 0.09251124
v 0.45891300 0.20672602 -0.27782573
v 0.48779806 0.22601818 0.05439367
v 0.51426687 0.19950713 0.08190076
v 0.47204121 0.24014563 -0.15232552
v 0.48336963 0.28157495 0.21735448
v 0.48114438 0.28000811 -0.03976192
v 0.48003939 0.30573014 -0.21212565
v 0.47900524 0.33337986 0.23742978
v 0.46951419 0.34014794 0.20158075
v 0.47821782 0.44406508 -0.26272404
v 0.47359202 0.41791679 -0.31281079
v 0.47134326 0.48579730 -0.34303960
v 0.47753013 0.45991594 -0.01712187
v 0.48647073 0.49810117 -0.37278261
v 0.52151893 0.55922204 -0.18913002
v 0.47133935 0.51651880 0.34649482
v 0.48574844 0.55669181 0.01071290
v 0.47445586 0.57464803 0.01204586
v 0.47905892 0.59302402 -0.21318557
v 0.50603784 0.61639356 0.10370286
v 0.49322811 0.62883841 -0.25703419
v 0.50642153 0.64228530 0.11698740
v 0.46832827 0.62075620 -0.11696376
v 0.49562349 0.63992296 -0.07975540
v 0.50310544 0.64007537 0.16584800
v 0.50219786 0.66750210 0.05227020
v 0.46490683 0.68808923 0.11898457
v 0.48364572 0.68808001 -0.02102231
v 0.49323037 0.74278353 0.13069673
v 0.49105345 0.04692888 -0.19327666
v 0.49903654 0.08740456 0.04346846
v 0.48071745 0.12577479 -0.26282036
v 0.48397048 0.16539475 -0.24744676
v 0.48312164 0.26960132 0.08062505
v 0.49855172 0.22726054 0.09832308
v 0.49900321 0.27970616 -0.29344548
v 0.50576954 0.32055699 0.20107057
v 0.45409762 0.40132188 -0.29251651
v 0.49388834 0.36254863 0.28313606
v 0.49388372 0.37467388 -0.37931322
v 0.46583486 0.37027937 -0.21634353
v 0.49343534 0.41392288 -0.18568760
v 0.47507924 0.44215752 -0.15075322
v 0.52670355 0.42993931 0.16960758
v 0.48799758 0.45418433 -0.32917755
v 0.47684801 0.51086459 -0.32232605
v 0.48558544 0.48455686 0.27868531
v 0.51437559 0.54366654 0.04906006
v 0.46146678 0.59469224 0.25376036
v 0.49141175 0.64094092 0.28960503
v 0.49377607 0.68423806 -0.11311298
v 0.48684379 0.66557435 0.00284529
v 0.51389690 -0.01459300 -0.04859144
v 0.48182580 0.07698051 -0.09331874
v 0.49759918 0.10393603 -0.24697238
v 0.49152635 0.18556505 -0.13805231
v 0.49954785 0.21420304 0.19258644
v 0.46364706 0.25499526 -0.18250489
v 0.51449728 0.24428778 -0.22035181
v 0.49448999 0.41473591 -0.22719498
v 0.49401964 0.41064419 -0.31233755
v 0.48852951 0.44832764 0.04832734
v 0.49801995 0.47544442 -0.29716421
v 0.49222691 0.46744102 -0.22817103
v 0.49788716 0.49292889 -0.33320825
v 0.47170513 0.48087810 -0.19732632
v 0.49585550 0.55873094 0.07626207
v 0.49623391 0.54060701 0.17945208
v 0.52108806 0.57338800 -0.14879134
v 0.50438349 0.57693287 0.24312333
v 0.49182099 0.61635056 -0.29292581
v 0.48988791 0.63974255 0.18390144
v 0.51170336 0.64106379 -0.04538813
v 0.48142160 0.64103698 0.01443577
v 0.47777502 0.65782159 -0.00591708
v 0.51382138 0.66038074 0.07956249
v 0.48587029 0.66820270 0.15208239
v 0.49463524 -0.01921299 -0.17391598
v 0.51980270 0.04277133 -0.07485520
v 0.50638854 0.05277273 -0.14058846
v 0.48200434 0.05458984 -0.00185132
v 0.50819873 0.07858798 -0.21658122
v 0.49369927 0.15407437 -0.28428424
v 0.50223042 0.23808551 -0.23809906
v 0.49912622 0.29835509 -0.23436629
v 0.49978890 0.30648537 -0.01014307
v 0.50329535 0.34626575 -0.29232750
v 0.48940197 0.35367874 0.14543922
v 0.49635889 0.42511735 -0.28354981
v 0.50276591 0.41924414 0.18695560
v 0.52303502 0.41049137 0.28144255
v 0.51281132 0.42595156 -0.26817480
v 0.53229845 0.40057320 -0.10842628
v 0.51563625 0.44784999 -0.27125658
v 0.49584154 0.43287001 -0.24400118
v 0.52035418 0.44468737 -0.03321986
v 0.50591159 0.51365387 -0.27245055
v 0.46853112 0.50612778 0.15476250
v 0.53808166 0.50351806 0.17006664
v 0.49911288 0.50197663 -0.35074345
v 0.52058837 0.51036522 -0.17197506
v 0.51590274 0.52818939 -0.12783983
v 0.51231036 0.55114442 0.31774428
v 0.52445466 0.53903492 -0.03059980
v 0.50340856 0.55425527 -0.09145724
v 0.50406540 0.62481156 0.10905430
v 0.49592038 0.68098423 0.02694363
v 0.41342410 -0.71960295 0.04524680
v 0.51718389 0.01029539 -0.20700203
v 0.49970574 0.09429222 -0.17292086
v 0.51395003 0.19235146 0.01702500
v 0.49685639 0.18377654 0.16192965
v 0.51651936 0.22154055 -0.20084171
v 0.51548548 0.22952481 0.02798863
v 0.50232175 0.23482494 -0.17362231
v 0.52153636 0.28668467 -0.05788881
v 0.51733205 0.35459418 -0.22852604
v 0.50053583 0.36528750 -0.19695601
v 0.49272802 0.43268779 0.24510571
v 0.49472707 0.47464916 0.32734796
v 0.51963841 0.45834466 -0.14984484
v 0.50725860 0.46802116 0.11656308
v 0.49418722 0.48236477 -0.35257272
v 0.54494994 0.50915590 -0.06313696
v 0.52994556 0.47794961 -0.19638513
v 0.51641164 0.51710460 0.21156738
v 0.51716664 0.52471134 -0.33999717
v 0.51118006 0.52121191 0.18502782
v 0.50526668 0.58578238 0.09823779
v 0.50413319 0.58257191 0.19127565
v 0.51207219 0.55186192 0.22535314
v 0.49704344 0.57022596 0.20309873
v 0.51770701 0.60328403 0.22924809
v 0.50485413 0.60884235 -0.14224478
v 0.51920460 0.58815696 -0.20261688
v 0.50455103 0.61569650 0.01759871
v 0.51155055 0.62392785 0.15191335
v 0.54229202 0.65414726 -0.06891555
v 0.51804676 0.65548387 -0.14412075
v 0.51245714 0.67317331 -0.00094053
v 0.52229675 0.63101276 0.10503505
v 0.52176775 0.10917837 -0.10614298
v 0.50640899 0.08676984 -0.04956433
v 0.51445368 0.07525594 -0.00341836
v 0.50822682 0.15593290 -0.08716693
v 0.48639472 0.14742847 -0.21115766
v 0.51638270 0.22437357 -0.10050249
v 0.55893346 0.26588232 -0.18581155
v 0.51643649 0.25603697 -0.05941416
v 0.54127831 0.28503927 -0.21174019
v 0.49787848 0.24571059 0.12403674
v 0.53812173 0.26768821 -0.05146646
v 0.51045448 0.30041655 0.10542021
v 0.53372322 0.29734833 0.15151000
v 0.51966987 0.32365943 0.17481073
v 0.51096121 0.34363372 -0.08449544
v 0.51517913 0.37466749 -0.25352728
v 0.52266749 0.41475268 -0.30391403
v 0.51978839 0.38888193 0.20603851
v 0.50857316 0.45302580 -0.30206813
v 0.51149238 0.45948335 0.21335518
v 0.54108791 0.46443631 0.27112250
v 0.48996871 0.49030292 -0.04400944
v 0.55315117 0.47401798 0.11382356
v 0.51155621 0.50029236 0.08414622
v 0.52249068 0.50503031 -0.35781438
v 0.52611569 0.49073957 0.06674737
v 0.51745197 0.54228027 -0.16667541
v 0.53534920 0.54865248 0.04081467
v 0.51894306 0.56994961 -0.11943924
v 0.51984409 0.62353198 -0.09692790
v 0.50758107 0.60292457 0.18994337
v 0.51372834 0.68600199 0.14341690
v 0.52803935 0.68871574 0.14579120
v 0.54528087 0.11789250 -0.04146883
v 0.53614462 0.12958572 0.07085012
v 0.51473203 0.14329837 -0.03281792
v 0.52912752 0.20058556 0.04691736
v 0.54339090 0.20054297 -0.00763186
v 0.50644334 0.23540081 0.00003816
v 0.53371100 0.23757001 -0.25576684
v 0.53736901 0.24712342 -0.01499256
v 0.54393815 0.27675528 -0.07732189
v 0.51074408 0.26933340 -0.08996119
v 0.52319644 0.29755508 -0.17314921
v 0.53024356 0.28323677 0.06958547
v 0.52240456 0.31469253 0.08969973
v 0.51961978 0.31512587 0.12319540
v 0.53119877 0.30791862 -0.31946829
v 0.50286605 0.29741756 -0.25639677
v 0.52809713 0.34646977 -0.26883077
v 0.53122063 0.34879788 0.22132511
v 0.52966906 0.37607522 0.17805570
v 0.52849956 0.40570620 0.18659254
v 0.52102237 0.46089667 0.07355040
v 0.51873523 0.44718339 -0.17702708
v 0.52669396 0.49113194 -0.10899671
v 0.54181251 0.44675377 0.20106561
v 0.52433093 0.49245063 0.20575677
v 0.52721706 0.46072280 0.27543895
v 0.52432078 0.50194891 -0.23678854
v 0.51595859 0.56522600 0.14077520
v 0.52711628 0.57561049 0.17143470
v 0.53742900 0.61156612 -0.07819469
v 0.55553265 0.64041841 0.13076687
v 0.52202025 0.70086794 0.14446735
v 0.53675719 0.12241411 0.02591746
v 0.53876329 0.16239312 -0.00665377
v 0.53513266 0.14585854 -0.11952065
v 0.52395063 0.12810799 -0.17799784
v 0.53499743 0.16565880 0.02456203
v 0.52403662 0.20000306 -0.04331552
v 0.54366854 0.32157392 -0.12683785
v 0.53784719 0.38266767 -0.05071524
v 0.50627547 0.36992648 0.03188155
v 0.54138343 0.40202500 0.20025395
v 0.53951776 0.39321438 0.13748651
v 0.54002317 0.44625439 0.28656915
v 0.51184766 0.47375979 -0.13083908
v 0.53992098 0.51580865 -0.24205268
v 0.53911540 0.54322331 0.14517622
v 0.54760263 0.53603553 -0.20467953
v 0.54940838 0.55601956 -0.25748810
v 0.53864415 0.58657576 -0.03957693
v 0.54341375 0.57225101 -0.17711487
v 0.49617012 0.58897897 0.12911015
v 0.51616502 0.62776152 -0.18387836
v 0.52250228 0.61426144 0.13484728
v 0.54668035 0.66838003 0.02768764
v 0.54808095 0.67648049 0.16534624
v 0.55779961 0.70151546 0.15079897
v 0.54406575 0.10639275 -0.14346704
v 0.54184043 0.17383652 -0.17023899
v 0.53372707 0.22035324 -0.05950019
v 0.53876882 0.22132446 -0.12118187
v 0.53634980 0.24255279 -0.12430659
v 0.54940463 0.27706072 -0.07405621
v 0.54751028 0.27173716 -0.06464913
v 0.54448944 0.29425137 -0.11007878
v 0.55566990 0.31205420 0.10996335
v 0.54035355 0.32763273 -0.08674993
v 0.56645885 0.41050149 -0.01070543
v 0.52284063 0.40242482 0.09601258
v 0.55030615 0.40954009 -0.05222888
v 0.51846386 0.40237188 -0.18716371
v 0.53930792 0.43542130 0.10693191
v 0.55536508 0.43896697 0.17481813
v 0.53667573 0.44552052 -0.01194666
v 0.53627409 0.44003861 -0.09032050
v 0.54513278 0.48277428 -0.05563855
v 0.55401799 0.46917398 0.20403269
v 0.53349267 0.47611962 0.24206645
v 0.55766302 0.48186788 -0.02981588
v 0.55605187 0.50246934 0.00290654
v 0.55050326 0.51457578 0.14559182
v 0.55724961 0.50427896 0.02749613
v 0.53478309 0.53656457 -0.23261575
v 0.54471662 0.55568320 -0.22881676
v 0.51932598 0.56515337 -0.06658790
v 0.55061381 0.61685563 0.07561818
v 0.53660034 0.69625324 0.14288811
v 0.54042657 0.16254449 -0.06991874
v 0.56154652 0.19143404 -0.05541372
v 0.54527895 0.18293775 -0.13279487
v 0.56509906 0.21041297 -0.16428633
v 0.54776161 0.24363189 -0.04952334
v 0.54635515 0.24536199 0.04649253
v 0.55390543 0.26005897 0.06468789
v 0.55853324 0.30117254 0.01318843
v 0.55743092 0.30628594 -0.08490881
v 0.54890987 0.33437418 0.04252871
v 0.55675331 0.35822973 -0.18622027
v 0.54551456 0.34849353 0.08702850
v 0.56587706 0.34237464 0.06026830
v 0.54350740 0.37465667 -0.09386918
v 0.56319675 0.39486530 -0.23500114
v 0.55242425 0.38375081 0.01635653
v 0.55552341 0.40263113 0.05194534
v 0.54450880 0.44471013 0.04025710
v 0.55069653 0.44102492 0.24384747
v 0.54089727 0.50117780 0.16126046
v 0.56077545 0.49536588 0.18964600
v 0.55099668 0.53633102 -0.07478689
v 0.54010683 0.51979576 0.11237280
v 0.56316918 0.56416896 0.20539042
v 0.56334050 0.55559732 -0.03815001
v 0.55862407 0.57149038 0.14818870
v 0.55539427 0.62497492 -0.22805788
v 0.50450091 -0.70888514 -0.25774000
v 0.56433940 0.20739142 -0.10361684
v 0.58649439 0.28621939 -0.22847486
v 0.55217534 0.31239835 -0.00359726
v 0.58343876 0.36840536 -0.10127875
v 0.55356782 0.34908975 -0.21860185
v 0.57330909 0.39220344 0.06999849
v 0.56379836 0.39685993 0.16048728
v 0.54745342 0.44490185 0.21098278
v 0.57724715 0.48741319 -0.07182623
v 0.58547394 0.48029693 0.08720879
v 0.52671118 0.48990087 0.13240719
v 0.54227136 0.53998203 0.08003594
v 0.57185250 0.53455318 -0.11814729
v 0.55051000 0.56295405 0.01305279
v 0.52438603 0.62719903 0.05507324
v 0.55521592 0.63771099 -0.01111795
v 0.54621498 -0.93383950 -0.39083029
v 0.54614124 0.40270633 -0.14732607
v 0.56171172 0.43578912 0.01719776
v 0.58443897 0.45545586 0.21946355
v 0.56127114 0.47471502 0.26000533
v 0.56206873 0.51137005 -0.07834309
v 0.57157433 0.51826239 -0.24752666
v 0.55848345 0.52653462 -0.25435072
v 0.55736563 0.51444488 -0.23043935
v 0.56066481 0.56066524 0.07962798
v 0.59009285 0.66833817 0.06587107
v 0.57233553 0.66041816 0.14917929
v 0.59471843 0.25315536 -0.14600969
v 0.58380170 0.26395447 -0.10578808
v 0.57018427 0.26751647 -0.00859372
v 0.57824013 0.25741927 0.04771299
v 0.60742400 0.27379208 0.04706930
v 0.56945234 0.37797174 0.11386641
v 0.55186558 0.40148435 -0.07111371
v 0.57846793 0.41286641 0.09171623
v 0.59970822 0.48886435 0.13225084
v 0.58725411 0.49258544 0.04511327
v 0.58227838 0.52049508 0.14689161
v 0.57883056 0.52538959 -0.06828041
v 0.57491853 0.55290596 -0.15142818
v 0.58232185 0.54748508 0.13324279
v 0.59866578 0.55398699 0.07289242
v 0.54963157 0.63338124 0.05147356
v 0.58768348 0.24479715 -0.05483155
v 0.58811295 0.26280403 0.05894150
v 0.57961328 0.29749996 -0.04975943
v 0.59353314 0.34069638 -0.03360442
v 0.59845992 0.38708257 0.06326227
v 0.57884848 0.45469622 -0.15670022
v 0.58094064 0.48253040 -0.22407228
v 0.57817472 0.48403998 -0.12459865
v 0.59146674 0.49959747 0.14316580
v 0.59687173 0.50329869 0.21504217
v 0.60110626 0.51687588 -0.12943508
v 0.59756090 0.51047021 0.09435363
v 0.59437049 0.54182156 0.17575502
v 0.58767426 0.25419220 0.04767628
v 0.60827337 0.39672452 -0.14307121
v 0.59279283 0.46790776 -0.19458377
v 0.60243592 0.48773182 -0.03959134
v 0.58272253 0.47109342 0.15930445
v 0.54148414 0.50906284 -0.14114622
v 0.59945279 0.52019276 0.06358416
v 0.59750674 0.52448479 0.17677648
v 0.61794829 0.53875600 -0.12181679
v 0.56738068 0.22563466 -0.12807434
v 0.58459110 0.25261399 0.06070412
v 0.58761418 0.43944683 -0.07298705
v 0.59226786 0.47120245 0.01841476
v 0.58481282 0.47210772 0.22768112
v 0.59388503 0.49653889 -0.09732788
v 0.60879233 0.51661535 -0.06632727
v 0.60616820 0.51521229 -0.11786429
v 0.60285162 0.51653709 0.21416331
v 0.61730552 0.53606549 0.17990417
v 0.62274788 0.32462932 -0.05997647
v 0.59380788 0.43141160 0.04073066
v 0.59796446 0.44301596 -0.14470364
v 0.55544288 0.44478311 -0.23463279
v 0.59983543 0.46186737 -0.02558052
v 0.60749722 0.49268588 0.16894349
v 0.58621083 0.48750659 0.18574592
v 0.61976249 0.49349723 0.22936952
v 0.61544906 0.51348297 -0.12202917
v 0.61880619 0.45848185 0.01016105
v 0.61005827 0.47044802 0.17446068
v 0.61847074 0.49650259 0.15534731
v 0.62017235 0.47533255 0.19674254
v 0.48685018 -0.99096634 -0.27208298
v 0.55705236 -0.72187229 0.01726062
v 0.62953525 0.44957673 0.02942151
v 0.62036648 0.47125511 0.00274747
v 0.67414293 -0.90030001 0.18034979
v 0.63470314 0.45897539 -0.00930297
v 0.63401840 0.46057269 0.01753848
v 0.62596809 0.45444214 0.03356286
v 0.62675731 0.49525757 -0.01189031
v 0.63124116 0.50498415 0.11855357
v 0.63929408 0.51413553 0.09875521
v 0.63272142 0.53051194 0.08654627
v 0.63474121 0.53853586 0.08188249
v 0.63272005 0.53838649 0.09039441
v 0.59758772 -0.87660527 -0.38157089
v 0.66709691 -0.72172762 -0.05683583
v 0.63991172 0.46885776 0.01869726
v 0.64362357 0.48726586 0.00946238
v 0.63782782 0.51949002 0.11092315
v 0.64129497 0.54006207 0.08903789
v 0.64118876 0.53387409 0.10355245
v 0.63021231 0.54413272 0.08739273
v 0.67475576 -0.74377005 0.04471839
v 0.64657057 0.49631846 0.08687051
v 0.61822177 0.50530410 0.13647415
v 0.65062360 0.53179968 0.10487903
v 0.63928686 0.52534483 0.07707556
v 0.60175708 -0.81454925 -0.33227435
v 0.59241319 -0.95096159 0.20516904
v 0.76497703 -0.87522470 -0.28841974
v 0.71896044 -0.79331236 0.10635347
v 0.60935789 -0.98182578 0.17542692
v 0.71263981 -0.93084662 -0.33493043
v 0.74459911 -0.75543961 0.02024006
v 0.68912773 -0.99463712 0.01687642
v 0.81980320 -0.93117689 -0.27111638
v 0.70715755 -0.95901644 -0.31310577
v 0.72640043 -0.79878545 -0.21814261
v 0.85034483 -0.87102724 -0.19339213
v 0.92077768 -0.97836053 0.12852383
v 0.80664704 -0.79282601 -0.06800044
v 0.84285629 -0.98504016 -0.19206429
v 0.94400839 -0.84020071 0.03078034
v 0.79260770 -0.95407456 0.17517040
v 0.90838779 -0.96398529 0.15981932
v 0.92811497 -0.89274263 0.12115800
v 0.92553378 -0.98487243 -0.12788556
v 0.95939471 -0.95685683 -0.06504406
v 0.91345694 -0.91459596 -0.16418309
v 0.93149007 -0.85329173 0.08639483
v 0.95562064 -0.85390914 0.05187736
v 0.95912151 -0.88049513 -0.04560353
f 7 1 2
f 12 2 3
f 2 5 6
f 2 1 3
f 6 7 2
f 4 7 6
f 5 2 12
f 11 4 6
f 6 5 14
f 11 6 10
f 11 8 4
f 10 6 14
f 15 3 9
f 7 18 1
f 4 8 7
f 1 9 3
f 10 22 11
f 15 12 3
f 30 18 7
f 11 19 8
f 7 8 30
f 1 17 9
f 17 1 18
f 15 13 12
f 9 27 15
f 5 20 14
f 10 14 26
f 10 26 22
f 5 12 20
f 17 18 28
f 27 9 17
f 15 21 13
f 16 14 20
f 16 26 14
f 23 11 22
f 23 19 11
f 21 15 27
f 12 13 859
f 20 12 859
f 24 26 16
f 21 27 94
f 17 41 27
f 41 17 28
f 18 30 28
f 13 21 535
f 22 26 25
f 23 22 25
f 30 124 28
f 16 20 879
f 16 879 24
f 41 28 35
f 25 19 23
f 8 19 67
f 20 561 879
f 29 25 26
f 41 431 27
f 8 67 30
f 27 431 94
f 13 535 859
f 535 21 94
f 24 29 26
f 35 28 124
f 37 33 76
f 33 102 76
f 60 32 31
f 19 36 67
f 42 50 52
f 43 52 50
f 33 74 102
f 71 37 53
f 53 37 76
f 76 74 53
f 57 40 92
f 57 31 40
f 36 19 25
f 50 86 43
f 51 52 43
f 37 128 70
f 53 33 70
f 33 37 70
f 53 74 33
f 37 71 128
f 44 154 71
f 44 76 154
f 104 90 55
f 45 77 105
f 38 46 78
f 56 34 80
f 78 57 92
f 59 106 38
f 58 56 82
f 58 34 56
f 34 58 39
f 39 83 34
f 66 121 48
f 25 29 755
f 30 270 124
f 49 50 42
f 86 69 43
f 53 70 71
f 44 71 54
f 72 154 54
f 71 72 54
f 76 44 74
f 44 54 74
f 154 76 54
f 56 45 105
f 45 56 80
f 39 107 79
f 39 58 107
f 80 34 60
f 82 60 34
f 47 82 34
f 32 131 31
f 32 60 132
f 61 63 108
f 108 63 64
f 85 64 65
f 63 122 64
f 84 66 119
f 84 121 66
f 561 20 859
f 50 49 69
f 50 69 95
f 50 95 86
f 49 68 96
f 51 96 68
f 96 51 42
f 43 42 51
f 42 43 49
f 68 49 43
f 43 69 68
f 70 101 102
f 102 74 70
f 154 74 73
f 154 72 74
f 54 75 74
f 54 279 75
f 77 54 76
f 77 45 54
f 45 57 54
f 56 105 152
f 78 46 154
f 107 56 129
f 57 45 80
f 46 38 106
f 31 160 80
f 82 56 107
f 160 31 57
f 79 181 39
f 38 134 59
f 31 80 60
f 81 60 82
f 31 131 40
f 214 82 47
f 83 39 181
f 83 82 214
f 108 112 38
f 131 32 109
f 34 83 47
f 179 113 62
f 108 257 112
f 108 64 140
f 117 137 119
f 63 140 116
f 122 63 116
f 65 122 85
f 64 122 65
f 121 84 191
f 41 35 460
f 67 270 30
f 49 96 144
f 69 49 144
f 97 51 68
f 97 68 144
f 144 68 69
f 42 52 145
f 101 70 128
f 279 70 74
f 128 71 90
f 70 89 71
f 71 154 90
f 73 89 72
f 89 73 71
f 89 103 72
f 103 279 74
f 103 74 72
f 77 76 102
f 105 88 152
f 71 75 72
f 71 73 75
f 73 74 75
f 56 250 129
f 57 78 54
f 244 79 107
f 58 181 107
f 181 58 82
f 79 179 181
f 82 107 81
f 92 40 131
f 82 83 181
f 38 135 108
f 32 132 109
f 214 47 81
f 184 137 81
f 47 184 81
f 47 83 184
f 62 182 179
f 140 257 108
f 63 61 140
f 137 117 109
f 119 137 165
f 140 64 85
f 140 85 116
f 115 93 218
f 116 117 166
f 168 24 879
f 97 96 42
f 86 171 69
f 42 145 97
f 97 52 51
f 98 207 99
f 99 207 101
f 211 104 98
f 151 102 100
f 88 151 100
f 89 279 128
f 89 70 279
f 102 127 77
f 88 105 151
f 104 128 90
f 72 128 73
f 72 75 128
f 75 89 128
f 89 75 103
f 151 105 77
f 91 174 104
f 104 55 91
f 55 59 91
f 57 80 161
f 59 163 91
f 161 80 160
f 78 135 38
f 92 131 61
f 38 136 134
f 92 61 108
f 214 184 83
f 112 257 38
f 257 136 38
f 137 184 165
f 139 116 85
f 85 120 139
f 84 119 188
f 188 258 84
f 191 84 258
f 85 122 120
f 122 116 166
f 167 123 195
f 859 535 302
f 756 755 29
f 95 171 86
f 274 144 96
f 95 69 274
f 274 69 171
f 207 171 125
f 145 52 207
f 125 101 207
f 147 237 126
f 125 147 100
f 207 98 172
f 150 125 100
f 149 100 147
f 126 149 147
f 88 100 176
f 104 174 98
f 88 149 152
f 104 211 153
f 104 153 128
f 127 151 77
f 174 91 249
f 128 153 73
f 103 75 279
f 152 250 56
f 78 279 54
f 46 90 154
f 244 107 129
f 59 55 90
f 90 46 106
f 160 156 155
f 160 57 156
f 57 161 156
f 163 178 91
f 163 59 134
f 92 135 78
f 81 107 181
f 213 133 157
f 252 60 81
f 181 214 81
f 92 108 135
f 137 252 81
f 132 137 109
f 138 113 130
f 111 114 162
f 182 62 113
f 131 109 116
f 61 139 140
f 120 93 115
f 121 188 119
f 189 93 120
f 119 66 190
f 121 191 188
f 167 122 166
f 48 141 66
f 121 141 48
f 167 295 123
f 431 41 460
f 205 96 97
f 274 171 144
f 145 235 97
f 97 207 52
f 146 172 87
f 149 148 100
f 100 102 150
f 172 98 175
f 100 210 176
f 152 149 208
f 175 98 153
f 211 101 128
f 102 151 210
f 176 149 88
f 153 98 174
f 211 128 279
f 102 210 127
f 151 127 176
f 174 242 153
f 242 73 153
f 154 73 279
f 154 155 78
f 78 155 279
f 59 90 106
f 160 155 159
f 159 161 160
f 130 79 158
f 79 284 179
f 79 130 284
f 180 157 133
f 163 162 178
f 134 162 163
f 179 182 212
f 213 351 133
f 110 285 283
f 115 134 136
f 115 111 162
f 187 162 114
f 133 324 110
f 131 116 61
f 113 186 182
f 116 139 61
f 109 117 116
f 182 118 164
f 139 255 140
f 218 187 111
f 117 119 190
f 263 220 216
f 93 189 218
f 117 217 166
f 122 167 120
f 190 66 141
f 166 219 167
f 195 418 167
f 142 191 386
f 167 190 295
f 202 198 169
f 170 171 95
f 146 234 143
f 97 144 205
f 171 207 144
f 276 125 171
f 145 172 146
f 310 237 147
f 207 172 145
f 316 146 87
f 312 208 237
f 172 316 87
f 210 148 126
f 210 100 148
f 125 150 101
f 126 148 209
f 149 126 209
f 174 316 241
f 150 102 101
f 176 210 151
f 153 211 175
f 250 248 129
f 279 155 156
f 156 159 279
f 159 156 161
f 158 79 251
f 181 179 323
f 60 252 132
f 158 347 130
f 178 162 213
f 138 130 347
f 133 110 180
f 162 134 115
f 133 351 324
f 114 111 187
f 218 111 115
f 113 352 186
f 352 113 138
f 183 352 138
f 287 120 115
f 140 255 257
f 165 184 258
f 164 118 256
f 215 255 139
f 182 259 118
f 217 215 139
f 139 120 260
f 259 191 258
f 165 141 119
f 117 190 217
f 141 121 119
f 217 190 219
f 167 219 190
f 196 224 193
f 225 299 227
f 301 229 228
f 36 25 755
f 197 304 169
f 198 338 199
f 197 198 199
f 169 198 197
f 198 230 338
f 200 230 198
f 200 198 202
f 202 203 201
f 203 202 169
f 274 96 273
f 96 205 273
f 143 234 204
f 205 144 206
f 206 144 207
f 170 276 171
f 143 145 146
f 235 145 143
f 97 235 376
f 207 97 376
f 314 312 238
f 209 148 240
f 209 240 210
f 208 149 209
f 98 99 211
f 101 211 99
f 149 240 148
f 241 242 174
f 240 149 176
f 208 321 152
f 319 249 177
f 152 321 250
f 279 73 211
f 73 242 246
f 177 249 178
f 247 154 279
f 280 79 244
f 178 157 177
f 91 281 249
f 178 281 91
f 155 154 247
f 213 157 178
f 155 247 159
f 181 323 212
f 179 212 323
f 347 158 346
f 349 181 212
f 283 180 110
f 350 137 132
f 179 284 130
f 179 130 113
f 213 162 351
f 350 252 137
f 214 181 286
f 110 324 285
f 162 187 351
f 286 164 214
f 214 256 184
f 136 257 287
f 255 215 253
f 183 216 352
f 186 259 182
f 257 255 260
f 258 184 185
f 139 260 217
f 258 256 259
f 118 259 256
f 220 221 386
f 166 217 291
f 219 166 292
f 142 188 191
f 167 418 120
f 141 295 190
f 142 361 188
f 194 264 290
f 193 194 290
f 264 194 394
f 196 193 294
f 222 265 390
f 194 193 368
f 331 123 295
f 223 395 297
f 267 142 296
f 296 142 420
f 269 268 298
f 24 168 29
f 124 907 35
f 303 304 197
f 199 338 303
f 197 202 303
f 230 303 202
f 303 230 199
f 200 199 230
f 199 200 197
f 202 197 200
f 304 231 169
f 304 202 231
f 202 339 271
f 201 339 202
f 231 201 203
f 232 274 273
f 205 204 273
f 274 170 95
f 235 204 205
f 206 235 205
f 276 170 310
f 341 377 237
f 440 314 238
f 237 208 239
f 173 315 313
f 239 210 126
f 239 209 210
f 208 209 239
f 241 316 172
f 241 172 175
f 242 241 175
f 473 245 208
f 174 249 316
f 176 127 240
f 321 208 248
f 245 248 208
f 280 244 245
f 282 278 320
f 320 319 177
f 249 281 178
f 280 251 79
f 180 283 282
f 182 164 212
f 138 326 183
f 115 136 287
f 351 187 383
f 164 256 214
f 259 186 220
f 216 220 352
f 254 385 216
f 254 216 183
f 120 287 257
f 215 217 357
f 288 187 218
f 120 358 189
f 260 291 217
f 165 188 141
f 188 165 258
f 357 217 262
f 259 220 386
f 217 219 262
f 259 386 191
f 216 261 263
f 290 288 218
f 219 292 262
f 263 221 220
f 358 120 193
f 263 223 221
f 120 294 193
f 294 120 418
f 195 123 330
f 480 223 297
f 194 368 394
f 294 367 196
f 361 142 393
f 386 420 142
f 196 367 419
f 222 266 265
f 266 393 142
f 266 142 267
f 227 395 225
f 397 299 225
f 228 229 365
f 338 230 202
f 169 231 337
f 231 202 271
f 231 271 201
f 273 305 272
f 232 273 272
f 274 232 306
f 233 374 372
f 274 308 170
f 146 236 234
f 143 204 235
f 207 376 206
f 310 341 237
f 276 147 125
f 310 147 276
f 312 342 238
f 237 239 126
f 173 317 315
f 316 173 313
f 173 316 317
f 314 473 312
f 316 249 317
f 314 245 473
f 210 240 127
f 243 278 322
f 175 246 242
f 211 73 246
f 248 318 129
f 280 245 443
f 244 129 318
f 321 248 250
f 177 157 320
f 251 380 158
f 158 380 346
f 283 345 282
f 350 132 252
f 286 181 349
f 164 286 212
f 185 184 286
f 138 325 326
f 183 326 327
f 183 327 254
f 187 192 383
f 260 255 357
f 253 357 255
f 357 253 215
f 216 385 261
f 383 192 328
f 187 288 192
f 260 120 257
f 414 328 192
f 290 218 189
f 358 290 189
f 141 188 390
f 479 221 223
f 292 166 291
f 294 418 362
f 123 291 330
f 123 292 291
f 390 361 222
f 331 292 123
f 141 329 295
f 295 329 293
f 390 265 293
f 361 392 222
f 295 293 265
f 332 295 485
f 265 485 295
f 222 392 266
f 196 419 224
f 366 266 267
f 366 267 296
f 333 419 369
f 298 268 297
f 268 269 422
f 304 338 202
f 231 433 337
f 399 201 271
f 203 399 231
f 201 340 339
f 399 340 201
f 274 306 308
f 309 170 308
f 373 309 310
f 373 170 309
f 341 310 309
f 206 401 235
f 377 341 469
f 343 275 311
f 236 311 275
f 311 236 313
f 342 312 377
f 311 402 343
f 237 377 312
f 316 541 146
f 146 541 313
f 314 440 403
f 402 313 315
f 277 314 403
f 277 245 314
f 245 277 344
f 319 317 249
f 379 278 243
f 211 246 175
f 245 318 248
f 244 318 245
f 443 380 280
f 280 380 251
f 282 320 180
f 345 322 282
f 157 180 320
f 324 283 285
f 325 138 347
f 351 410 324
f 286 184 256
f 478 254 325
f 254 326 325
f 478 348 254
f 354 254 327
f 254 354 326
f 258 185 355
f 356 383 328
f 254 548 385
f 385 548 411
f 328 412 384
f 384 356 328
f 291 260 357
f 291 357 262
f 579 289 385
f 261 223 263
f 387 223 261
f 385 289 261
f 389 414 192
f 221 479 386
f 358 193 290
f 264 363 290
f 329 141 390
f 359 188 361
f 391 360 389
f 292 331 330
f 331 418 330
f 330 418 195
f 193 482 368
f 294 483 367
f 418 367 483
f 418 295 367
f 331 295 418
f 223 364 395
f 485 527 332
f 394 396 264
f 485 265 365
f 393 266 296
f 296 420 393
f 295 332 367
f 265 491 365
f 491 266 366
f 332 335 367
f 421 335 332
f 228 365 491
f 421 332 226
f 268 420 297
f 297 488 298
f 333 334 368
f 226 300 421
f 421 300 457
f 269 298 528
f 229 301 425
f 336 370 426
f 94 431 430
f 461 270 67
f 303 503 304
f 399 433 231
f 340 436 339
f 399 203 272
f 272 340 399
f 272 305 340
f 272 203 628
f 628 232 272
f 507 308 306
f 375 233 234
f 273 204 233
f 400 309 308
f 233 204 234
f 374 233 375
f 310 308 373
f 170 373 400
f 310 170 400
f 236 375 234
f 236 275 374
f 401 206 376
f 342 377 469
f 401 376 235
f 146 313 236
f 402 311 313
f 600 313 541
f 600 442 313
f 313 442 316
f 442 541 316
f 277 403 378
f 277 378 344
f 243 322 404
f 514 245 344
f 514 443 245
f 247 279 159
f 322 278 282
f 345 515 322
f 410 283 324
f 286 349 185
f 256 355 286
f 327 326 382
f 326 354 382
f 382 348 478
f 348 382 325
f 354 325 382
f 325 354 478
f 348 548 254
f 356 384 608
f 220 186 353
f 353 352 220
f 327 382 478
f 327 478 354
f 256 258 355
f 356 410 383
f 363 192 288
f 291 262 330
f 262 292 330
f 224 388 193
f 294 362 483
f 386 480 420
f 264 389 363
f 482 224 368
f 293 485 365
f 395 364 225
f 364 397 225
f 224 419 368
f 527 226 332
f 266 491 265
f 419 333 368
f 335 369 367
f 365 229 527
f 228 491 301
f 427 369 335
f 528 298 488
f 458 227 299
f 425 301 491
f 168 943 29
f 36 461 67
f 124 270 907
f 338 271 303
f 304 271 338
f 432 271 339
f 596 203 337
f 337 203 169
f 505 432 339
f 340 305 436
f 371 233 372
f 305 233 371
f 273 307 305
f 507 373 308
f 309 400 438
f 308 310 400
f 374 275 468
f 236 374 375
f 469 341 439
f 471 275 343
f 404 405 441
f 312 473 208
f 315 317 379
f 404 379 243
f 378 443 344
f 319 406 317
f 379 406 278
f 278 406 320
f 445 319 320
f 443 378 380
f 348 346 407
f 212 286 355
f 212 355 349
f 349 355 185
f 352 353 186
f 384 412 447
f 328 414 412
f 288 290 363
f 289 484 261
f 360 415 414
f 360 414 389
f 389 192 363
f 415 360 481
f 360 391 481
f 293 329 485
f 361 393 392
f 264 396 389
f 266 392 296
f 480 297 420
f 395 454 297
f 296 392 366
f 555 394 368
f 366 392 491
f 300 226 527
f 268 422 420
f 368 334 555
f 421 530 335
f 333 427 334
f 369 427 333
f 424 555 398
f 229 425 527
f 269 528 422
f 335 496 427
f 335 530 496
f 303 271 503
f 304 337 433
f 271 304 433
f 433 434 271
f 399 271 434
f 339 436 505
f 464 399 434
f 596 628 203
f 506 435 371
f 436 305 371
f 371 372 506
f 233 305 307
f 232 628 507
f 232 507 437
f 507 306 437
f 400 467 438
f 373 507 508
f 470 440 342
f 342 440 238
f 471 343 441
f 404 441 343
f 315 379 402
f 317 406 379
f 444 544 404
f 444 404 475
f 406 319 445
f 320 406 445
f 380 474 407
f 380 407 346
f 345 516 547
f 407 574 348
f 283 516 345
f 477 608 381
f 348 574 548
f 283 410 516
f 348 325 409
f 413 385 411
f 416 387 261
f 412 581 518
f 415 451 414
f 579 484 289
f 416 417 387
f 390 359 361
f 452 417 416
f 416 484 452
f 364 223 387
f 396 391 389
f 522 419 367
f 584 396 521
f 521 396 394
f 584 391 396
f 491 392 455
f 395 227 458
f 457 300 527
f 555 652 398
f 492 299 397
f 304 503 504
f 463 596 462
f 462 337 304
f 596 337 462
f 399 464 433
f 505 371 435
f 371 465 436
f 437 306 232
f 539 372 374
f 466 438 467
f 508 467 373
f 400 373 467
f 374 468 539
f 439 309 438
f 571 309 439
f 309 571 341
f 341 631 439
f 471 468 275
f 342 469 470
f 512 343 402
f 404 343 512
f 403 542 378
f 513 344 443
f 513 514 344
f 378 446 380
f 515 475 322
f 348 409 346
f 347 409 325
f 410 356 516
f 383 410 351
f 608 384 447
f 447 412 578
f 518 578 412
f 261 448 416
f 551 412 414
f 261 484 448
f 551 581 412
f 551 414 451
f 188 359 390
f 193 388 482
f 583 551 481
f 551 415 481
f 415 551 450
f 451 415 450
f 481 451 450
f 483 362 418
f 482 388 224
f 452 484 453
f 481 391 520
f 390 293 614
f 487 520 391
f 614 293 365
f 394 524 521
f 522 369 419
f 454 488 297
f 454 486 488
f 393 455 392
f 487 683 647
f 394 555 524
f 395 458 454
f 524 555 456
f 527 557 457
f 420 422 393
f 393 422 528
f 421 457 530
f 529 528 488
f 427 525 334
f 397 558 492
f 491 489 425
f 425 459 493
f 424 398 617
f 426 428 336
f 370 650 426
f 497 591 495
f 498 429 494
f 535 1189 302
f 29 943 756
f 596 463 567
f 503 271 432
f 464 434 433
f 506 372 539
f 307 273 233
f 341 571 631
f 470 472 440
f 403 440 472
f 441 405 471
f 404 512 379
f 542 603 378
f 404 544 405
f 446 603 474
f 603 446 378
f 404 322 475
f 380 446 474
f 515 345 547
f 477 381 408
f 381 608 408
f 408 608 447
f 579 385 449
f 449 413 579
f 484 416 448
f 386 479 480
f 450 551 519
f 451 519 551
f 450 519 481
f 451 481 520
f 451 520 519
f 417 364 387
f 520 647 583
f 487 647 520
f 615 486 454
f 614 365 527
f 492 364 458
f 369 522 367
f 492 458 299
f 334 525 555
f 490 526 423
f 456 555 424
f 527 425 493
f 650 529 426
f 530 457 493
f 425 489 589
f 398 652 617
f 530 531 496
f 494 532 498
f 336 428 370
f 429 498 499
f 431 1415 430
f 907 860 35
f 500 502 536
f 501 502 500
f 537 502 501
f 504 462 304
f 507 628 696
f 508 507 696
f 506 540 509
f 539 540 506
f 508 665 467
f 439 438 469
f 540 570 468
f 510 468 471
f 379 511 402
f 600 541 572
f 511 379 512
f 513 443 514
f 573 545 636
f 474 574 407
f 640 545 476
f 640 476 546
f 408 640 546
f 408 671 640
f 346 409 347
f 408 674 671
f 408 447 607
f 607 577 674
f 517 608 516
f 517 516 356
f 607 447 605
f 578 605 447
f 413 550 385
f 550 413 449
f 479 223 480
f 453 484 579
f 519 583 481
f 329 614 485
f 452 646 417
f 452 453 553
f 527 485 523
f 391 584 586
f 524 648 521
f 423 553 490
f 391 586 487
f 527 523 614
f 615 529 488
f 454 458 615
f 364 585 458
f 364 556 397
f 489 491 455
f 556 364 492
f 584 524 456
f 393 528 455
f 586 683 487
f 528 532 589
f 588 527 493
f 497 427 496
f 531 530 557
f 560 557 530
f 457 557 560
f 656 492 558
f 560 588 457
f 493 457 588
f 494 425 589
f 494 589 532
f 532 528 650
f 529 428 426
f 492 559 529
f 656 559 492
f 459 560 493
f 496 622 497
f 531 622 496
f 530 493 560
f 425 494 620
f 748 370 428
f 494 429 499
f 500 536 563
f 562 501 563
f 563 501 500
f 501 562 537
f 537 562 626
f 536 502 564
f 502 563 564
f 502 537 563
f 463 565 662
f 565 538 504
f 462 538 565
f 463 462 565
f 504 564 565
f 567 463 662
f 664 564 503
f 503 564 504
f 462 504 627
f 505 568 432
f 432 664 503
f 436 465 505
f 465 371 505
f 509 569 506
f 569 435 506
f 665 508 466
f 570 540 539
f 469 438 597
f 571 439 631
f 597 470 469
f 402 599 512
f 599 402 511
f 602 572 541
f 541 442 602
f 444 475 544
f 475 515 604
f 547 546 515
f 546 547 477
f 547 516 575
f 408 546 477
f 408 607 674
f 329 390 614
f 583 519 520
f 417 585 364
f 423 646 452
f 423 452 553
f 556 585 417
f 706 556 417
f 648 524 554
f 584 554 524
f 615 488 486
f 585 615 458
f 489 455 681
f 556 558 397
f 555 525 652
f 557 527 588
f 455 528 589
f 529 615 556
f 528 529 650
f 492 529 556
f 456 424 617
f 619 427 497
f 529 534 533
f 559 534 529
f 619 497 495
f 715 560 459
f 534 559 618
f 425 620 459
f 591 497 622
f 534 618 621
f 499 620 494
f 94 726 535
f 660 563 536
f 563 594 562
f 563 660 564
f 594 563 537
f 537 565 594
f 565 537 626
f 567 797 596
f 568 505 435
f 432 568 664
f 466 508 696
f 540 630 509
f 510 540 468
f 510 630 540
f 598 633 405
f 403 472 542
f 599 601 512
f 405 698 598
f 511 512 601
f 602 442 600
f 543 698 405
f 405 634 543
f 474 603 832
f 669 574 474
f 604 546 476
f 638 575 477
f 575 516 477
f 516 608 477
f 577 736 674
f 609 411 548
f 413 411 609
f 642 676 577
f 578 607 605
f 609 611 413
f 549 611 609
f 385 610 449
f 385 550 610
f 578 518 580
f 581 644 580
f 579 680 582
f 581 580 518
f 582 453 579
f 551 583 678
f 583 647 678
f 648 584 521
f 646 553 582
f 582 553 453
f 523 485 614
f 745 553 646
f 743 647 683
f 490 553 745
f 556 706 558
f 587 584 456
f 587 586 584
f 427 619 525
f 529 533 618
f 560 624 588
f 619 495 590
f 650 370 748
f 623 495 591
f 687 533 534
f 534 621 687
f 499 498 654
f 94 430 726
f 594 626 562
f 594 565 564
f 662 565 661
f 564 664 663
f 504 538 627
f 566 568 595
f 435 595 568
f 695 595 435
f 509 629 569
f 630 629 509
f 466 467 665
f 510 633 666
f 766 472 470
f 633 510 471
f 697 632 667
f 598 697 667
f 668 542 472
f 697 598 698
f 599 511 601
f 634 405 544
f 635 636 634
f 475 734 544
f 636 635 573
f 545 573 604
f 604 573 635
f 546 604 515
f 545 604 476
f 517 356 608
f 413 611 579
f 449 610 645
f 550 449 645
f 644 581 612
f 612 581 551
f 551 678 612
f 552 704 612
f 417 646 679
f 417 679 706
f 773 707 552
f 646 423 526
f 706 646 526
f 526 490 745
f 586 649 777
f 809 558 706
f 587 649 586
f 586 777 683
f 809 775 558
f 775 616 558
f 558 616 656
f 531 708 717
f 588 711 557
f 529 618 651
f 624 711 588
f 715 459 785
f 591 619 590
f 622 531 653
f 689 656 616
f 619 591 622
f 717 619 622
f 533 621 618
f 591 590 720
f 459 620 785
f 620 499 654
f 591 720 623
f 624 592 653
f 498 655 654
f 660 536 593
f 594 564 626
f 661 565 626
f 663 536 564
f 538 462 661
f 661 462 693
f 593 663 568
f 593 568 566
f 693 462 627
f 596 797 628
f 569 695 435
f 466 730 438
f 597 438 730
f 630 510 666
f 539 468 570
f 765 470 597
f 767 470 765
f 405 633 471
f 732 698 543
f 602 600 572
f 542 668 603
f 634 732 543
f 474 832 699
f 699 669 474
f 544 635 634
f 574 669 637
f 545 670 636
f 477 547 638
f 574 637 548
f 637 576 548
f 673 639 672
f 576 675 548
f 609 548 675
f 676 702 577
f 577 702 736
f 606 641 609
f 577 607 703
f 549 609 641
f 770 676 643
f 643 676 642
f 642 577 703
f 578 703 607
f 578 580 703
f 680 613 705
f 582 679 646
f 612 647 743
f 646 706 745
f 585 556 615
f 587 777 649
f 587 456 617
f 557 708 531
f 747 619 708
f 708 619 717
f 711 624 531
f 655 532 650
f 684 617 714
f 428 529 651
f 531 624 653
f 428 651 748
f 495 784 590
f 715 624 560
f 785 620 685
f 532 655 498
f 495 623 784
f 753 685 625
f 654 625 620
f 625 685 620
f 624 688 592
f 625 657 753
f 659 724 658
f 535 726 1189
f 1080 461 36
f 757 660 593
f 538 758 662
f 536 663 593
f 626 564 660
f 662 661 693
f 662 693 538
f 627 538 693
f 694 695 798
f 696 628 797
f 728 730 466
f 630 764 629
f 802 666 632
f 766 470 767
f 666 667 632
f 667 633 598
f 698 731 697
f 731 915 697
f 668 832 603
f 475 604 635
f 545 640 700
f 670 545 700
f 700 640 639
f 701 639 673
f 640 672 639
f 671 672 640
f 671 674 672
f 606 576 641
f 606 609 675
f 676 770 702
f 737 645 610
f 550 645 611
f 645 579 611
f 644 704 580
f 579 645 680
f 644 612 704
f 678 647 612
f 741 704 552
f 648 554 584
f 707 741 552
f 681 589 489
f 681 455 589
f 526 745 616
f 526 616 775
f 682 557 711
f 557 682 708
f 617 684 587
f 525 781 652
f 814 652 710
f 650 748 655
f 652 781 710
f 781 851 710
f 559 656 716
f 818 747 717
f 616 716 689
f 818 720 590
f 686 651 533
f 689 716 786
f 751 624 715
f 748 787 848
f 748 722 787
f 686 722 748
f 716 656 786
f 686 533 687
f 685 753 752
f 752 654 685
f 820 623 720
f 721 717 720
f 622 720 717
f 720 622 788
f 788 622 653
f 654 752 625
f 752 657 625
f 787 654 655
f 659 658 823
f 658 724 823
f 725 659 823
f 725 724 659
f 755 1080 36
f 593 760 757
f 538 661 758
f 566 692 593
f 567 662 795
f 663 664 568
f 695 629 798
f 695 569 629
f 696 728 466
f 697 980 632
f 667 666 633
f 804 731 698
f 732 831 891
f 544 734 635
f 475 635 734
f 669 735 834
f 547 575 638
f 672 736 701
f 672 701 673
f 606 805 576
f 606 675 805
f 867 549 641
f 642 702 770
f 642 703 702
f 839 642 770
f 839 643 642
f 771 737 610
f 771 610 550
f 611 549 841
f 550 611 771
f 580 840 703
f 611 680 771
f 611 841 680
f 771 645 737
f 771 680 645
f 739 738 677
f 739 679 772
f 679 582 772
f 680 772 582
f 552 612 843
f 706 679 705
f 552 843 773
f 745 706 705
f 775 872 526
f 809 873 775
f 745 778 616
f 743 683 777
f 684 714 587
f 531 682 711
f 559 749 618
f 619 781 525
f 619 747 818
f 618 713 651
f 617 652 814
f 619 818 781
f 818 590 781
f 651 713 533
f 590 784 781
f 621 533 713
f 719 714 617
f 617 814 719
f 751 815 718
f 848 787 655
f 685 654 785
f 687 621 686
f 751 688 624
f 717 721 788
f 788 653 717
f 653 723 717
f 653 592 718
f 592 688 718
f 686 782 722
f 786 656 689
f 720 788 820
f 691 723 819
f 722 789 690
f 857 722 690
f 431 460 1415
f 460 35 860
f 757 727 660
f 593 828 760
f 660 727 758
f 758 626 660
f 661 626 758
f 567 795 797
f 829 696 797
f 728 696 762
f 764 763 629
f 801 800 729
f 729 802 801
f 766 765 730
f 802 632 801
f 802 803 666
f 765 597 730
f 666 803 630
f 804 698 830
f 833 634 733
f 636 733 634
f 699 735 669
f 834 637 669
f 576 637 768
f 700 736 672
f 736 700 639
f 700 672 674
f 674 736 639
f 839 703 643
f 867 841 549
f 840 580 704
f 739 677 679
f 677 738 679
f 745 705 774
f 847 612 743
f 705 742 774
f 809 706 872
f 709 745 742
f 705 709 742
f 705 613 740
f 705 740 709
f 872 706 526
f 707 773 744
f 993 745 709
f 745 993 778
f 851 814 710
f 616 778 716
f 587 714 777
f 531 717 682
f 717 747 682
f 559 716 749
f 748 780 655
f 776 783 999
f 785 751 715
f 717 750 818
f 748 651 686
f 686 621 713
f 718 688 751
f 714 719 853
f 721 720 750
f 753 657 754
f 750 788 721
f 820 788 750
f 790 657 752
f 782 789 722
f 819 905 691
f 790 754 657
f 561 1079 879
f 727 757 826
f 793 662 758
f 759 795 662
f 593 692 828
f 794 728 762
f 566 595 692
f 692 595 761
f 730 728 794
f 730 794 799
f 764 729 763
f 799 766 730
f 729 764 802
f 766 767 765
f 697 915 980
f 668 472 766
f 732 891 731
f 833 892 732
f 951 699 832
f 921 733 636
f 670 921 636
f 637 834 768
f 675 576 923
f 985 576 805
f 675 769 805
f 703 839 702
f 643 703 840
f 840 704 741
f 680 705 772
f 772 705 931
f 679 931 705
f 843 741 773
f 612 847 844
f 742 740 774
f 742 745 746
f 740 742 746
f 709 740 746
f 745 774 746
f 773 896 744
f 709 746 993
f 847 743 776
f 708 810 747
f 777 776 743
f 682 747 810
f 618 749 713
f 813 850 712
f 777 714 776
f 816 811 712
f 712 850 816
f 748 779 780
f 935 783 776
f 851 817 814
f 851 781 817
f 655 780 848
f 713 782 686
f 784 623 820
f 723 653 718
f 753 751 785
f 752 753 785
f 720 818 750
f 751 753 754
f 785 654 855
f 723 750 717
f 790 752 855
f 654 787 855
f 937 787 722
f 789 824 690
f 725 823 821
f 727 826 758
f 826 757 827
f 759 662 793
f 762 795 759
f 797 795 829
f 799 794 1130
f 796 595 695
f 829 795 762
f 762 696 829
f 766 799 1024
f 764 630 803
f 632 980 801
f 804 830 731
f 731 830 732
f 732 830 698
f 732 892 831
f 732 634 833
f 735 699 834
f 701 674 639
f 674 701 700
f 923 769 675
f 926 702 839
f 702 926 736
f 770 840 839
f 770 643 840
f 842 894 806
f 739 772 738
f 680 841 613
f 807 741 843
f 612 844 843
f 773 741 846
f 845 808 869
f 993 746 774
f 773 846 896
f 810 708 682
f 811 849 712
f 813 712 812
f 849 812 712
f 812 849 850
f 848 779 748
f 811 816 778
f 849 816 850
f 852 778 816
f 714 935 776
f 853 935 714
f 713 749 782
f 784 817 781
f 814 854 719
f 785 855 752
f 718 819 723
f 855 787 937
f 782 822 789
f 750 723 691
f 822 823 856
f 822 782 823
f 821 823 782
f 789 822 857
f 856 857 824
f 857 856 789
f 823 789 856
f 789 823 824
f 905 878 691
f 857 690 824
f 724 824 823
f 270 1053 907
f 792 881 825
f 881 883 825
f 863 862 882
f 791 863 882
f 863 826 862
f 793 863 791
f 791 792 793
f 793 758 863
f 758 826 863
f 825 759 792
f 759 793 792
f 825 762 759
f 794 762 825
f 692 796 913
f 885 1130 794
f 694 796 695
f 761 595 796
f 888 864 798
f 798 763 729
f 889 798 729
f 800 889 729
f 800 801 980
f 834 835 768
f 837 836 700
f 576 985 923
f 576 768 641
f 805 769 865
f 866 867 641
f 866 838 893
f 841 867 894
f 842 841 894
f 868 741 992
f 869 808 842
f 741 707 1034
f 844 846 843
f 808 845 960
f 740 871 774
f 932 993 774
f 846 962 896
f 873 809 872
f 896 962 876
f 872 775 873
f 812 811 813
f 811 874 813
f 776 999 847
f 812 875 811
f 965 850 813
f 849 811 875
f 812 850 875
f 849 875 816
f 877 815 751
f 814 817 854
f 751 819 877
f 749 716 782
f 784 820 968
f 782 716 821
f 854 853 719
f 754 906 751
f 939 901 903
f 941 857 822
f 790 906 754
f 858 824 724
f 974 168 879
f 755 756 1017
f 1053 461 1080
f 1053 270 461
f 880 861 1019
f 880 912 861
f 881 912 880
f 791 882 912
f 791 912 792
f 945 910 862
f 826 945 862
f 827 945 826
f 978 794 825
f 978 885 794
f 760 884 827
f 757 760 827
f 692 913 828
f 694 798 864
f 629 763 798
f 889 888 798
f 890 668 766
f 949 891 831
f 668 951 832
f 699 951 834
f 836 670 700
f 700 701 924
f 924 701 988
f 987 866 768
f 866 641 768
f 985 805 865
f 840 927 928
f 741 927 840
f 841 842 957
f 738 772 931
f 738 931 679
f 842 808 957
f 807 992 741
f 741 1034 846
f 613 870 740
f 844 933 846
f 933 844 847
f 963 846 933
f 871 932 774
f 707 744 1034
f 962 846 963
f 871 740 934
f 962 1034 744
f 962 744 876
f 744 896 996
f 744 996 876
f 811 778 874
f 999 876 847
f 875 850 965
f 852 716 778
f 816 875 852
f 898 854 817
f 815 877 718
f 852 1003 716
f 935 853 1001
f 784 968 817
f 819 751 936
f 819 718 877
f 901 939 899
f 905 819 1004
f 820 750 940
f 941 822 856
f 751 906 1004
f 722 857 937
f 855 902 790
f 725 858 724
f 1017 1110 755
f 1080 755 1110
f 880 908 881
f 911 912 882
f 862 911 882
f 792 912 881
f 978 825 883
f 884 976 827
f 760 828 884
f 913 977 828
f 887 886 913
f 887 694 886
f 913 796 887
f 887 796 694
f 692 761 796
f 1158 799 1130
f 889 1088 888
f 799 1158 1024
f 764 803 802
f 800 980 914
f 915 916 981
f 915 731 916
f 668 890 951
f 731 891 916
f 916 891 918
f 831 950 949
f 891 950 892
f 892 918 891
f 831 892 950
f 833 921 892
f 768 835 987
f 700 925 837
f 701 736 988
f 924 988 926
f 736 926 988
f 867 866 893
f 894 867 893
f 839 1029 926
f 840 1029 839
f 840 928 1029
f 806 1064 842
f 927 807 928
f 868 927 741
f 807 927 929
f 958 807 843
f 841 957 613
f 807 929 992
f 1034 958 843
f 808 960 870
f 842 930 869
f 843 846 1034
f 869 960 845
f 847 963 933
f 847 876 963
f 993 874 778
f 995 963 876
f 874 875 965
f 897 852 875
f 935 999 783
f 898 899 854
f 900 898 817
f 900 997 898
f 821 716 1003
f 854 1074 853
f 750 691 878
f 941 972 857
f 1004 906 905
f 938 942 1045
f 901 899 970
f 857 972 937
f 725 821 858
f 824 941 856
f 790 1015 906
f 824 858 1149
f 790 902 1015
f 969 972 904
f 460 1329 1415
f 756 1052 1017
f 1020 881 909
f 912 911 861
f 1020 883 881
f 911 862 910
f 945 1021 910
f 945 827 976
f 884 946 976
f 884 828 977
f 800 947 889
f 1114 947 914
f 914 947 800
f 1024 890 766
f 891 949 948
f 950 891 948
f 918 950 948
f 917 949 950
f 920 922 919
f 920 892 1025
f 921 1025 892
f 984 733 921
f 1026 670 836
f 1091 835 953
f 835 1091 987
f 1027 836 837
f 925 700 924
f 924 926 837
f 866 1135 838
f 1028 1092 837
f 837 989 1028
f 926 990 837
f 1064 894 893
f 894 1064 806
f 928 807 895
f 927 868 956
f 807 958 895
f 613 957 959
f 842 1064 930
f 957 808 870
f 870 613 959
f 868 992 1035
f 961 740 870
f 740 961 934
f 813 874 965
f 996 995 876
f 876 999 1072
f 779 848 780
f 874 897 875
f 896 876 998
f 899 939 854
f 999 935 967
f 817 899 900
f 819 936 1004
f 1000 966 750
f 750 878 1000
f 817 968 899
f 750 966 940
f 1074 938 1104
f 970 899 968
f 1012 878 905
f 972 969 937
f 824 1149 941
f 820 940 968
f 973 1012 905
f 904 1014 969
f 970 1013 901
f 903 901 1013
f 906 1127 905
f 168 974 943
f 943 1052 756
f 907 1330 860
f 1019 861 1055
f 909 908 975
f 909 881 908
f 944 911 910
f 861 911 944
f 883 1111 978
f 945 976 1021
f 1058 885 978
f 977 913 1086
f 885 1112 1130
f 864 1087 694
f 914 981 1114
f 981 914 980
f 916 948 981
f 1116 949 917
f 916 918 1117
f 948 1117 918
f 950 982 917
f 892 983 918
f 984 921 833
f 833 733 984
f 953 834 951
f 953 835 834
f 1026 836 1027
f 866 987 1135
f 837 990 955
f 955 989 837
f 926 1029 990
f 956 929 927
f 1029 928 929
f 992 929 928
f 1064 957 930
f 957 870 930
f 930 960 869
f 870 960 961
f 1097 932 871
f 1137 994 934
f 995 1036 962
f 962 963 995
f 934 1038 871
f 993 871 874
f 896 998 996
f 1001 967 935
f 899 1002 900
f 1071 1006 1073
f 939 1043 854
f 854 1043 1074
f 1000 878 1041
f 878 966 1041
f 936 751 1004
f 1005 1042 1007
f 878 940 966
f 937 1009 855
f 1043 939 903
f 878 1012 940
f 1009 937 969
f 821 1125 858
f 971 970 968
f 968 940 1048
f 1015 902 1046
f 1050 1237 1016
f 859 302 561
f 460 860 1329
f 975 908 1018
f 1019 1081 1018
f 1054 909 975
f 908 880 1019
f 910 1084 944
f 1020 1111 883
f 1058 978 1111
f 946 1056 976
f 946 884 977
f 946 977 1086
f 913 1022 1086
f 1023 886 694
f 1023 1087 864
f 1088 864 888
f 1115 890 1024
f 1114 981 979
f 981 948 979
f 1061 915 981
f 916 1117 948
f 949 1116 948
f 1116 917 1089
f 1089 917 982
f 918 983 950
f 920 983 892
f 922 920 1026
f 1025 670 1026
f 921 670 1025
f 922 952 1165
f 769 923 1063
f 923 985 1063
f 952 1027 986
f 1221 952 986
f 769 1063 865
f 924 990 925
f 990 924 1093
f 837 1093 924
f 955 990 1093
f 1135 954 838
f 838 954 893
f 1030 1064 893
f 929 956 1029
f 928 895 1031
f 956 868 1033
f 958 928 1031
f 991 1065 1030
f 992 928 958
f 1034 992 958
f 1096 870 959
f 868 1035 1066
f 961 960 930
f 1097 1037 932
f 1036 1034 962
f 1037 993 932
f 995 996 1036
f 1140 1036 964
f 1036 996 964
f 871 897 874
f 898 997 1002
f 898 1002 899
f 1040 1043 1121
f 1104 967 1001
f 821 1003 1008
f 1003 852 1070
f 1001 853 1074
f 1074 1104 1001
f 821 1006 1010
f 1008 1010 1006
f 1008 1073 821
f 1006 821 1073
f 1010 1008 1007
f 1043 903 1047
f 1077 1011 1046
f 1009 1150 855
f 855 1150 902
f 942 1074 1103
f 905 1015 1011
f 1046 1011 1015
f 821 1010 1125
f 1104 1045 942
f 1074 942 938
f 1015 905 1049
f 902 1150 1014
f 1011 1078 905
f 1109 969 1014
f 903 1013 1047
f 1125 1149 858
f 905 1078 973
f 1049 905 1127
f 1127 906 1015
f 1014 904 1051
f 972 1051 904
f 879 1079 974
f 907 1053 1330
f 1055 1081 1019
f 1055 861 944
f 1018 908 1019
f 1190 1020 1054
f 1020 909 1054
f 1021 1085 1084
f 910 1021 1084
f 1021 976 1085
f 1112 885 1058
f 1023 864 1157
f 694 1087 1023
f 1364 890 1115
f 980 1061 1132
f 980 1132 981
f 980 915 1061
f 1116 979 948
f 1197 950 983
f 950 1197 982
f 919 982 920
f 983 920 982
f 920 1025 1026
f 922 1026 952
f 952 1026 1027
f 985 865 1063
f 1027 837 1092
f 925 1093 837
f 990 1118 925
f 925 1118 1093
f 1028 989 1092
f 1093 1029 955
f 990 1029 1118
f 954 1030 893
f 1029 956 1033
f 1030 1065 1064
f 1031 895 958
f 868 1066 1033
f 930 870 1065
f 930 1065 961
f 1039 934 994
f 1138 998 1072
f 964 996 1140
f 876 1072 998
f 967 1100 999
f 852 897 1070
f 1005 1142 1038
f 1043 1040 1074
f 900 1002 997
f 1042 1005 1075
f 1005 1007 1142
f 1071 1076 1006
f 938 1045 1104
f 1009 969 1109
f 1011 1126 1049
f 1011 1044 1078
f 1049 1126 1015
f 1050 941 1149
f 1010 1147 1125
f 968 1048 971
f 972 941 1050
f 1047 1013 970
f 1153 1046 902
f 902 1014 1153
f 1012 1048 940
f 1110 1017 1212
f 1018 1081 1082
f 975 1082 1054
f 1018 1082 975
f 1085 976 1057
f 976 1056 1057
f 1022 886 1059
f 913 886 1022
f 864 1088 1157
f 889 1113 1088
f 1272 1115 1024
f 947 1114 1060
f 890 1364 951
f 919 1062 1089
f 1089 982 919
f 951 1364 953
f 982 1090 983
f 919 922 1165
f 986 1027 1092
f 1033 955 1029
f 1095 955 1033
f 1032 1095 1033
f 957 1064 1096
f 991 1030 1094
f 959 957 1096
f 1066 1032 1033
f 1096 1065 870
f 1034 1035 992
f 961 1065 1137
f 1137 934 961
f 1034 1036 1225
f 1097 871 1037
f 871 993 1037
f 1138 1119 998
f 871 1038 1067
f 1038 934 1039
f 1039 1005 1038
f 1070 1068 1101
f 1144 1071 1073
f 1068 1003 1101
f 1008 1003 1068
f 1102 1075 1005
f 1104 1100 967
f 1121 1043 1103
f 1106 1044 1011
f 1043 1047 1103
f 1077 1126 1011
f 1105 1047 970
f 1007 1107 1010
f 970 971 1105
f 973 1151 1012
f 973 1049 1151
f 1078 1049 973
f 1014 1152 1153
f 1109 1014 1208
f 1127 1015 1126
f 1183 1050 1016
f 1237 1183 1016
f 1055 1053 1080
f 1083 1055 944
f 1156 1056 946
f 946 1086 1156
f 1156 1086 1192
f 1022 1129 1086
f 1022 1059 1129
f 1130 1112 1360
f 886 1023 1059
f 1272 1024 1158
f 1089 1062 1134
f 1134 1062 919
f 983 1090 1197
f 954 1135 1030
f 1095 989 955
f 1029 1093 1118
f 1064 1065 1096
f 1035 1034 1225
f 1098 1225 1036
f 1036 1140 1098
f 1140 1202 1098
f 1099 1138 1173
f 1173 1138 1072
f 1120 1067 1038
f 1039 1102 1005
f 999 1100 1072
f 1143 1041 966
f 1142 1120 1038
f 1000 1041 1175
f 1003 1007 1101
f 1101 1007 1008
f 1003 1070 1007
f 1174 1145 1072
f 1075 1123 1042
f 1008 1006 1236
f 1044 1106 1108
f 1010 1107 1147
f 1124 1104 942
f 942 1103 1207
f 942 1207 1124
f 1078 1151 1108
f 1012 1044 1108
f 1044 1012 1078
f 1151 1078 1012
f 1078 1108 1106
f 1048 1012 1108
f 1049 1078 1106
f 1077 1046 1126
f 1153 1126 1046
f 1050 1183 972
f 972 1183 1109
f 1127 1151 1049
f 1154 1127 1126
f 1152 1014 1182
f 972 1109 1051
f 1182 1014 1051
f 1189 1952 302
f 1355 1052 943
f 1110 1055 1080
f 1110 1082 1055
f 1053 1055 1083
f 1082 1081 1055
f 1300 1054 1082
f 1190 1054 1300
f 1084 1083 944
f 1057 1056 1216
f 1056 1243 1216
f 1243 1056 1156
f 1360 1112 1358
f 1088 1113 1131
f 1159 1113 889
f 981 1132 1061
f 1116 1089 1161
f 982 1197 1090
f 1134 919 1199
f 1165 1199 919
f 987 1091 1135
f 986 1092 1279
f 1166 1279 1092
f 1250 1030 1135
f 1030 1250 1094
f 1136 1065 991
f 1169 1119 1138
f 994 1137 1039
f 1119 1173 998
f 1067 897 871
f 998 1204 996
f 1070 1141 1068
f 1070 1120 1141
f 897 1120 1070
f 966 1000 1143
f 1141 1008 1068
f 1070 1101 1142
f 1101 1120 1142
f 1144 1076 1071
f 1008 1141 1101
f 1143 1000 1175
f 1040 1121 1074
f 1073 1008 1144
f 1070 1142 1007
f 1100 1104 1178
f 1144 1236 1076
f 1008 1236 1144
f 1103 1074 1121
f 1122 1236 1006
f 1149 1006 1076
f 1006 1149 1122
f 1147 1122 1125
f 1007 1042 1107
f 1123 1107 1042
f 1047 1105 1146
f 1011 1049 1106
f 1109 1150 1009
f 1048 1148 971
f 1149 1237 1050
f 1208 1014 1150
f 1127 1184 1151
f 1153 1154 1126
f 1109 1182 1051
f 1154 1184 1127
f 1052 1355 1128
f 1128 1017 1052
f 1214 1020 1190
f 1084 1155 1083
f 1020 1214 1215
f 1111 1391 1058
f 1112 1058 1358
f 1129 1192 1086
f 1059 1023 1217
f 1217 1023 1193
f 1157 1193 1023
f 1158 1130 1537
f 1131 1113 1159
f 1114 1244 1060
f 1244 1114 979
f 1273 1364 1115
f 1116 1196 979
f 1116 1161 1196
f 1089 1134 1161
f 1220 1162 1163
f 1341 1091 953
f 1221 986 1248
f 1248 986 1279
f 1223 1248 1279
f 1092 989 1166
f 1166 989 1095
f 1095 1032 1167
f 1094 1136 991
f 1200 1035 1168
f 1200 1282 1066
f 1066 1035 1200
f 1065 1136 1137
f 1225 1168 1035
f 1139 1119 1169
f 1119 1139 1140
f 1140 1139 1171
f 1204 1119 1140
f 1172 1119 1204
f 1039 1170 1069
f 996 1204 1140
f 1173 1204 998
f 1067 1120 897
f 1072 1145 1173
f 1120 1101 1141
f 1072 1100 1174
f 1176 1122 1147
f 1174 1177 1145
f 1236 1149 1076
f 1125 1122 1149
f 1103 1047 1262
f 1262 1047 1146
f 1148 1048 1210
f 1152 1150 1179
f 1153 1152 1238
f 1150 1109 1183
f 1109 1208 1182
f 943 974 1355
f 1213 1110 1212
f 1300 1082 1110
f 1391 1020 1215
f 1085 1155 1084
f 1020 1391 1111
f 1058 1391 1358
f 1331 1192 1129
f 1157 1088 1131
f 1159 889 947
f 947 1194 1159
f 1195 1060 1244
f 1196 1244 979
f 1133 1160 1246
f 1133 1161 1160
f 1219 1134 1199
f 1165 952 1221
f 1091 1341 1135
f 1223 1249 1248
f 1279 1166 1253
f 1224 1252 1167
f 1167 1252 1166
f 1167 1166 1095
f 1137 1136 1170
f 1137 1170 1039
f 1226 1225 1098
f 1098 1202 1226
f 1172 1173 1119
f 1140 1171 1202
f 1256 1203 1232
f 1173 1145 1204
f 1102 1206 1075
f 1143 1175 1041
f 1234 1288 1102
f 1100 1178 1174
f 1104 1124 1178
f 1148 1105 971
f 1124 1207 1181
f 1180 1147 1107
f 1123 1180 1107
f 1259 1257 1124
f 1236 1237 1149
f 1151 1260 1108
f 1179 1238 1152
f 1152 1265 1208
f 1208 1150 1152
f 1152 1182 1265
f 1153 1297 1154
f 1185 1187 1211
f 1328 1187 1185
f 1128 1212 1017
f 1390 1057 1216
f 1243 1156 1192
f 1331 1191 1192
f 1059 1271 1129
f 1333 1217 1193
f 1131 1159 1218
f 1159 1194 1195
f 1272 1512 1115
f 947 1060 1194
f 1196 1305 1244
f 1305 1133 1246
f 1305 1196 1133
f 1133 1196 1161
f 1160 1198 1162
f 1199 1163 1162
f 1247 1162 1220
f 1220 1163 1199
f 1199 1165 1164
f 1199 1164 1220
f 1308 1248 1249
f 1250 1135 1365
f 1167 1032 1066
f 1313 1066 1282
f 1282 1168 1225
f 1169 1099 1172
f 1173 1172 1099
f 1226 1202 1316
f 1039 1230 1102
f 1203 1317 1232
f 1122 1176 1236
f 1174 1178 1257
f 1124 1257 1178
f 1321 1180 1123
f 1181 1259 1124
f 1148 1210 1235
f 1108 1260 1048
f 1146 1209 1262
f 1179 1265 1238
f 1179 1208 1265
f 1262 1410 1258
f 1209 1235 1210
f 1291 1292 1184
f 1183 1239 1150
f 1267 1209 1210
f 1184 1154 1296
f 1154 1297 1296
f 1269 1188 1186
f 1188 1270 1186
f 1212 1128 1356
f 1300 1110 1213
f 1155 1085 1242
f 1085 1057 1242
f 1192 1191 1243
f 1393 1059 1217
f 1157 1131 1334
f 1475 1512 1272
f 1161 1219 1160
f 1134 1219 1161
f 1219 1198 1160
f 1247 1198 1275
f 1198 1247 1199
f 1198 1199 1162
f 1165 1221 1308
f 1308 1221 1248
f 1365 1135 1341
f 1166 1251 1253
f 1252 1251 1166
f 1167 1366 1224
f 1167 1066 1366
f 1139 1229 1171
f 1169 1229 1139
f 1138 1099 1169
f 1226 1316 1370
f 1370 1227 1226
f 1227 1228 1226
f 1228 1202 1283
f 1171 1283 1202
f 1228 1227 1316
f 1228 1316 1202
f 1172 1204 1229
f 1285 1230 1039
f 1039 1069 1285
f 1102 1230 1233
f 1205 1075 1206
f 1145 1231 1204
f 1102 1288 1206
f 1234 1102 1233
f 1123 1075 1407
f 1145 1177 1231
f 1176 1264 1236
f 1176 1147 1264
f 1123 1322 1321
f 1147 1211 1264
f 1103 1262 1207
f 1258 1207 1262
f 1266 1211 1147
f 1147 1180 1266
f 1210 1048 1260
f 1151 1292 1260
f 1208 1179 1294
f 1235 1209 1263
f 1151 1184 1292
f 1293 1239 1183
f 1184 1240 1291
f 1208 1294 1182
f 1237 1325 1183
f 1267 1262 1209
f 1294 1265 1182
f 1153 1238 1297
f 1211 1187 1264
f 1211 1266 1185
f 1325 1327 1183
f 1186 1241 1269
f 1213 1212 1356
f 1300 1213 1468
f 1190 1300 1214
f 1242 1057 1390
f 1472 1243 1191
f 1331 1129 1271
f 1059 1393 1271
f 1360 1537 1130
f 1193 1157 1361
f 1361 1157 1334
f 1218 1334 1131
f 1218 1159 1195
f 1115 1512 1273
f 1246 1274 1305
f 1275 1160 1162
f 1275 1162 1247
f 1219 1275 1198
f 1247 1219 1199
f 1250 1311 1094
f 1224 1366 1252
f 1310 1094 1311
f 1254 1253 1251
f 1251 1281 1254
f 1251 1280 1281
f 1281 1280 1252
f 1254 1281 1426
f 1094 1427 1136
f 1282 1225 1314
f 1314 1225 1315
f 1225 1226 1315
f 1169 1172 1229
f 1226 1228 1315
f 1255 1315 1228
f 1315 1255 1370
f 1227 1370 1255
f 1255 1228 1283
f 1227 1255 1316
f 1284 1229 1204
f 1256 1317 1203
f 1318 1230 1206
f 1230 1318 1233
f 1206 1288 1319
f 1288 1233 1319
f 1407 1322 1123
f 1148 1146 1105
f 1148 1235 1146
f 1259 1181 1261
f 1146 1410 1209
f 1179 1150 1294
f 1237 1236 1264
f 1150 1239 1294
f 1183 1378 1293
f 1410 1263 1209
f 1263 1410 1262
f 1263 1262 1267
f 1184 1296 1240
f 1239 1298 1294
f 1380 1183 1327
f 1269 1241 1268
f 1266 1354 1185
f 1241 1186 1270
f 1357 1215 1214
f 1301 1083 1155
f 1391 1215 1389
f 1216 1243 1471
f 1421 1393 1217
f 1333 1421 1217
f 1333 1193 1361
f 1158 1537 1272
f 1335 1218 1195
f 1195 1194 1303
f 1060 1195 1303
f 1244 1245 1304
f 1244 1305 1337
f 1305 1245 1306
f 1274 1336 1245
f 1245 1305 1274
f 1275 1339 1363
f 1219 1339 1275
f 1339 1219 1247
f 1364 1341 953
f 1164 1247 1220
f 1247 1164 1343
f 1340 1165 1308
f 1309 1222 1223
f 1222 1308 1223
f 1249 1223 1308
f 1309 1276 1222
f 1279 1277 1223
f 1278 1279 1253
f 1278 1251 1279
f 1280 1279 1252
f 1252 1279 1251
f 1278 1253 1254
f 1254 1280 1278
f 1278 1280 1251
f 1094 1310 1427
f 1136 1427 1201
f 1066 1313 1366
f 1168 1282 1200
f 1345 1367 1312
f 1171 1229 1283
f 1283 1284 1255
f 1255 1284 1316
f 1069 1170 1285
f 1205 1401 1075
f 1206 1401 1318
f 1286 1256 1232
f 1319 1401 1206
f 1233 1318 1319
f 1232 1372 1286
f 1317 1372 1232
f 1286 1372 1174
f 1233 1403 1402
f 1233 1288 1403
f 1402 1234 1233
f 1402 1288 1234
f 1286 1174 1257
f 1374 1320 1321
f 1403 1288 1460
f 1402 1460 1288
f 1177 1174 1371
f 1321 1320 1289
f 1290 1371 1174
f 1257 1259 1286
f 1293 1378 1375
f 1321 1289 1180
f 1293 1375 1324
f 1180 1289 1266
f 1293 1324 1294
f 1237 1264 1325
f 1295 1181 1207
f 1183 1380 1378
f 1294 1298 1293
f 1293 1298 1385
f 1295 1261 1181
f 1260 1267 1210
f 1238 1265 1297
f 1241 1270 1383
f 1264 1187 1326
f 1269 1268 1299
f 1354 1328 1185
f 1187 1328 1326
f 1269 1299 1188
f 1467 1213 1356
f 1330 1053 1301
f 1053 1083 1301
f 1155 1242 1301
f 1393 1302 1271
f 1334 1218 1335
f 1335 1195 1304
f 1194 1060 1303
f 1244 1304 1195
f 1336 1304 1245
f 1336 1274 1306
f 1274 1246 1307
f 1274 1307 1338
f 1275 1246 1160
f 1307 1246 1275
f 1165 1340 1164
f 1451 1222 1342
f 1341 1344 1365
f 1222 1276 1342
f 1311 1250 1365
f 1279 1280 1277
f 1366 1281 1252
f 1310 1311 1427
f 1399 1136 1201
f 1347 1346 1368
f 1314 1315 1283
f 1430 1284 1315
f 1283 1315 1284
f 1283 1229 1430
f 1284 1430 1229
f 1285 1346 1230
f 1346 1205 1206
f 1230 1346 1206
f 1284 1525 1316
f 1285 1287 1318
f 1318 1401 1205
f 1256 1286 1317
f 1372 1317 1349
f 1075 1401 1319
f 1075 1319 1407
f 1146 1235 1348
f 1322 1374 1321
f 1231 1177 1491
f 1174 1372 1290
f 1410 1146 1440
f 1323 1351 1259
f 1258 1295 1207
f 1352 1235 1263
f 1261 1323 1259
f 1258 1410 1295
f 1289 1382 1266
f 1323 1261 1438
f 1293 1380 1239
f 1241 1383 1379
f 1240 1296 1443
f 1265 1353 1297
f 1297 1443 1296
f 1239 1380 1298
f 1354 1326 1328
f 726 430 1818
f 1213 1467 1468
f 1300 1743 1214
f 1214 1743 1357
f 1504 1242 1390
f 1216 1471 1417
f 1243 1472 1471
f 1359 1358 1446
f 1418 1191 1331
f 1331 1271 1332
f 1393 1421 1394
f 1362 1475 1272
f 1244 1337 1245
f 1336 1306 1423
f 1306 1245 1423
f 1274 1337 1306
f 1337 1305 1306
f 1364 1273 1565
f 1343 1164 1308
f 1424 1344 1341
f 1451 1343 1222
f 1277 1280 1519
f 1520 1427 1311
f 1521 1280 1254
f 1521 1254 1426
f 1314 1313 1282
f 1346 1312 1368
f 1283 1430 1314
f 1204 1429 1284
f 1346 1318 1205
f 1346 1347 1318
f 1231 1400 1204
f 1317 1286 1349
f 1403 1319 1318
f 1403 1407 1319
f 1289 1320 1374
f 1322 1407 1379
f 1259 1349 1286
f 1235 1352 1348
f 1291 1240 1405
f 1259 1351 1350
f 1324 1375 1385
f 1379 1407 1241
f 1377 1351 1323
f 1353 1406 1408
f 1385 1375 1380
f 1381 1382 1289
f 1268 1241 1407
f 1293 1385 1380
f 1413 1433 1377
f 1413 1377 1323
f 1295 1267 1411
f 1295 1410 1267
f 1267 1440 1263
f 1266 1382 1354
f 1386 1353 1265
f 1386 1265 1294
f 1267 1260 1442
f 1384 1442 1260
f 1380 1444 1298
f 1270 1299 1383
f 1299 1270 1188
f 1357 1389 1215
f 1242 1504 1301
f 1390 1216 1417
f 1191 1418 1472
f 1358 1359 1360
f 1418 1331 1332
f 1271 1392 1332
f 1302 1392 1271
f 1421 1333 1474
f 1333 1361 1474
f 1272 1537 1592
f 1304 1336 1423
f 1423 1538 1304
f 1337 1423 1245
f 1337 1274 1423
f 1395 1274 1338
f 1339 1247 1450
f 1450 1247 1343
f 1308 1164 1340
f 1343 1308 1477
f 1342 1452 1451
f 1397 1222 1515
f 1222 1343 1515
f 1515 1343 1477
f 1222 1397 1477
f 1222 1477 1308
f 1276 1397 1342
f 1397 1276 1309
f 1223 1277 1309
f 1519 1280 1521
f 1366 1426 1281
f 1426 1313 1522
f 1366 1313 1426
f 1522 1313 1398
f 1312 1367 1368
f 1345 1312 1369
f 1399 1201 1427
f 1312 1346 1369
f 1136 1399 1170
f 1369 1346 1285
f 1170 1428 1285
f 1369 1318 1347
f 1429 1204 1400
f 1285 1428 1287
f 1316 1525 1370
f 1428 1458 1287
f 1318 1287 1458
f 1146 1348 1434
f 1373 1177 1371
f 1177 1373 1491
f 1291 1405 1292
f 1146 1434 1440
f 1290 1372 1371
f 1409 1374 1322
f 1259 1350 1349
f 1351 1261 1350
f 1405 1436 1292
f 1264 1437 1376
f 1437 1381 1289
f 1377 1438 1351
f 1351 1438 1261
f 1437 1264 1326
f 1381 1409 1379
f 1406 1353 1463
f 1324 1385 1294
f 1379 1409 1550
f 1550 1322 1379
f 1322 1550 1383
f 1261 1295 1496
f 1260 1292 1384
f 1436 1384 1292
f 1443 1436 1240
f 1408 1297 1353
f 1379 1382 1381
f 1267 1410 1462
f 1382 1379 1383
f 1440 1267 1462
f 1383 1412 1382
f 1294 1441 1386
f 1354 1382 1412
f 1353 1386 1463
f 1325 1387 1327
f 1412 1326 1354
f 1444 1380 1327
f 1466 1388 1443
f 1327 1387 1444
f 1079 1501 974
f 430 1415 1867
f 1416 1329 860
f 1416 1330 1301
f 1358 1391 1470
f 1392 1418 1332
f 1302 1393 1392
f 1393 1394 1621
f 1394 1421 1588
f 1361 1334 1449
f 1335 1510 1334
f 1396 1275 1363
f 1396 1363 1339
f 1341 1364 1424
f 1477 1397 1516
f 1309 1516 1397
f 1481 1365 1344
f 1453 1311 1365
f 1454 1626 1311
f 1311 1626 1520
f 1626 1425 1520
f 1367 1345 1368
f 1345 1369 1368
f 1313 1523 1398
f 1314 1523 1313
f 1523 1314 1430
f 1170 1399 1428
f 1315 1370 1430
f 1429 1525 1284
f 1369 1285 1318
f 1491 1490 1231
f 1403 1318 1402
f 1432 1407 1403
f 1403 1460 1432
f 1435 1431 1404
f 1374 1409 1289
f 1289 1409 1437
f 1240 1436 1405
f 1376 1529 1264
f 1377 1433 1350
f 1440 1352 1263
f 1381 1437 1326
f 1409 1322 1268
f 1377 1350 1438
f 1261 1496 1439
f 1412 1409 1381
f 1383 1268 1322
f 1576 1325 1264
f 1411 1496 1295
f 1441 1294 1385
f 1412 1381 1326
f 1550 1530 1383
f 1496 1411 1440
f 1440 1411 1410
f 1410 1411 1462
f 1268 1383 1299
f 1386 1441 1464
f 1325 1582 1387
f 1388 1436 1443
f 1267 1442 1534
f 1388 1465 1436
f 1414 1463 1386
f 1386 1464 1445
f 1445 1414 1386
f 1502 1355 974
f 1330 1416 860
f 1300 1468 1743
f 1469 1416 1301
f 1469 1301 1504
f 1504 1390 1417
f 1358 1470 1446
f 1448 1421 1419
f 1421 1420 1419
f 1448 1588 1421
f 1537 1360 1589
f 1421 1422 1420
f 1509 1361 1449
f 1592 1362 1272
f 1274 1395 1423
f 1540 1395 1307
f 1307 1395 1338
f 1542 1339 1450
f 1343 1451 1450
f 1452 1342 1397
f 1454 1311 1453
f 1425 1570 1520
f 1368 1369 1347
f 1400 1525 1429
f 1430 1370 1525
f 1428 1607 1458
f 1318 1458 1402
f 1349 1371 1372
f 1460 1494 1432
f 1404 1431 1493
f 1407 1550 1268
f 1350 1433 1349
f 1461 1375 1378
f 1409 1268 1550
f 1350 1261 1439
f 1434 1352 1440
f 1463 1408 1406
f 1380 1375 1461
f 1530 1437 1409
f 1408 1463 1297
f 1439 1438 1350
f 1409 1412 1530
f 1529 1576 1264
f 1576 1582 1325
f 1438 1413 1323
f 1530 1412 1383
f 1267 1534 1411
f 1443 1465 1466
f 1388 1466 1465
f 1415 1620 1867
f 1329 1620 1415
f 1471 1505 1417
f 1471 1472 1560
f 1670 1472 1418
f 1670 1418 1392
f 1393 1621 1392
f 1394 1588 1621
f 1419 1473 1447
f 1447 1420 1448
f 1447 1473 1420
f 1473 1419 1420
f 1448 1419 1447
f 1420 1422 1448
f 1448 1422 1588
f 1422 1421 1508
f 1474 1361 1649
f 1334 1510 1449
f 1335 1593 1510
f 1593 1335 1304
f 1273 1512 1594
f 1307 1275 1541
f 1275 1396 1541
f 1541 1396 1339
f 1541 1339 1542
f 1565 1424 1364
f 1452 1397 1515
f 1481 1453 1365
f 1309 1277 1597
f 1344 1483 1481
f 1483 1455 1481
f 1426 1484 1521
f 1520 1485 1427
f 1427 1425 1399
f 1456 1428 1399
f 1430 1525 1488
f 1400 1604 1525
f 1428 1456 1607
f 1490 1400 1231
f 1546 1573 1458
f 1458 1573 1402
f 1459 1371 1349
f 1402 1573 1460
f 1432 1550 1407
f 1348 1352 1434
f 1531 1376 1437
f 1461 1378 1529
f 1404 1496 1435
f 1493 1496 1404
f 1493 1439 1496
f 1462 1496 1440
f 1438 1640 1413
f 1443 1463 1580
f 1463 1443 1297
f 1534 1462 1411
f 1441 1463 1464
f 1582 1444 1387
f 1464 1463 1414
f 1414 1445 1464
f 1867 1818 430
f 1128 1503 1356
f 1389 1357 1647
f 1392 1507 1670
f 1392 1536 1507
f 1421 1474 1508
f 1510 1593 1562
f 1538 1539 1476
f 1423 1395 1540
f 1307 1541 1540
f 1478 1516 1309
f 1309 1479 1478
f 1277 1478 1597
f 1277 1519 1482
f 1519 1597 1482
f 1480 1277 1482
f 1425 1427 1485
f 1425 1628 1399
f 1523 1522 1398
f 1399 1628 1456
f 1524 1487 1602
f 1524 1602 1523
f 1457 1489 1486
f 1546 1458 1607
f 1400 1548 1606
f 1371 1459 1492
f 1491 1549 1492
f 1373 1371 1492
f 1549 1491 1373
f 1373 1528 1549
f 1528 1373 1492
f 1349 1526 1459
f 1349 1433 1526
f 1431 1435 1493
f 1529 1378 1380
f 1576 1529 1380
f 1433 1636 1575
f 1493 1551 1439
f 1636 1433 1413
f 1439 1551 1640
f 1497 1441 1385
f 1636 1413 1640
f 1439 1640 1438
f 1552 1384 1613
f 1553 1497 1385
f 1554 1496 1462
f 1436 1577 1384
f 1577 1532 1384
f 1641 1463 1441
f 1298 1444 1553
f 1298 1553 1385
f 1442 1552 1534
f 1384 1552 1442
f 1641 1499 1463
f 1556 1553 1444
f 1465 1500 1436
f 1582 1556 1444
f 1443 1644 1465
f 1355 1502 1128
f 1502 1741 1128
f 1503 1467 1356
f 1845 1647 1357
f 1417 1505 1692
f 1560 1472 1670
f 1507 1506 1670
f 1422 1590 1588
f 1590 1422 1508
f 1509 1649 1361
f 1510 1562 1561
f 1304 1538 1593
f 1673 1538 1476
f 1541 1542 1652
f 1450 1451 1568
f 1568 1451 1515
f 1515 1451 1452
f 1424 1453 1344
f 1344 1517 1483
f 1344 1453 1517
f 1543 1517 1453
f 1516 1478 1518
f 1478 1277 1518
f 1277 1480 1518
f 1653 1454 1453
f 1482 1478 1479
f 1481 1543 1453
f 1478 1482 1597
f 1481 1455 1543
f 1543 1455 1483
f 1519 1699 1597
f 1521 1484 1519
f 1426 1522 1484
f 1602 1600 1523
f 1456 1628 1545
f 1601 1457 1628
f 1457 1486 1628
f 1628 1486 1545
f 1430 1524 1523
f 1430 1488 1524
f 1604 1488 1525
f 1571 1607 1456
f 1548 1547 1606
f 1400 1490 1548
f 1526 1527 1459
f 1573 1494 1460
f 1490 1491 1492
f 1492 1549 1527
f 1527 1526 1433
f 1528 1492 1527
f 1528 1527 1433
f 1609 1461 1529
f 1610 1432 1494
f 1575 1528 1433
f 1529 1376 1609
f 1531 1609 1376
f 1611 1528 1575
f 1551 1435 1496
f 1551 1496 1639
f 1576 1380 1461
f 1637 1533 1497
f 1533 1441 1497
f 1554 1639 1496
f 1532 1613 1384
f 1576 1689 1582
f 1463 1499 1580
f 1577 1436 1581
f 1580 1499 1669
f 1495 1579 1531
f 1462 1534 1535
f 1646 1669 1499
f 1557 1579 1495
f 974 1501 1502
f 1503 1128 1741
f 1503 1585 1467
f 1467 1585 1468
f 1559 1504 1417
f 1507 1648 1506
f 1474 1649 1590
f 1508 1474 1590
f 1746 1592 1537
f 1362 1564 1475
f 1475 1594 1512
f 1475 1564 1594
f 1539 1673 1476
f 1539 1538 1423
f 1675 1273 1594
f 1423 1540 1539
f 1513 1540 1541
f 1513 1541 1566
f 1565 1827 1424
f 1595 1542 1450
f 1595 1450 1568
f 1483 1517 1624
f 1517 1424 1624
f 1624 1543 1483
f 1424 1517 1653
f 1543 1653 1517
f 1424 1653 1453
f 1518 1479 1516
f 1597 1479 1309
f 1482 1479 1518
f 1482 1544 1480
f 1598 1699 1519
f 1598 1519 1484
f 1520 1570 1485
f 1425 1626 1700
f 1570 1425 1485
f 1425 1700 1628
f 1522 1523 1600
f 1545 1486 1571
f 1571 1486 1605
f 1488 1604 1572
f 1607 1571 1605
f 1604 1400 1606
f 1486 1489 1605
f 1488 1572 1606
f 1488 1606 1547
f 1573 1546 1663
f 1490 1492 1459
f 1432 1610 1550
f 1493 1435 1551
f 1531 1576 1609
f 1638 1578 1612
f 1576 1531 1579
f 1497 1553 1641
f 1642 1462 1498
f 1441 1533 1641
f 1499 1641 1584
f 1581 1436 1555
f 1641 1553 1584
f 1500 1555 1436
f 1443 1580 1644
f 1500 1465 1558
f 1845 1357 1743
f 1391 1800 1470
f 1692 1559 1417
f 1505 1586 1692
f 1505 1471 1586
f 1586 1471 1560
f 1446 1587 1359
f 1587 1774 1359
f 1392 1621 1536
f 1449 1510 1591
f 1650 1561 1562
f 1362 1592 1924
f 1563 1562 1593
f 1511 1650 1673
f 1593 1538 1673
f 1540 1513 1651
f 1565 2012 1827
f 1566 1541 1652
f 1652 1542 1595
f 1568 1515 1477
f 1568 1477 1596
f 1624 1424 1514
f 1480 1544 1518
f 1624 1653 1543
f 1518 1544 1482
f 1699 1599 1597
f 1454 1655 1626
f 1484 1522 1600
f 1602 1487 1603
f 1603 1487 1524
f 1601 1661 1457
f 1489 1608 1605
f 1524 1488 1547
f 1490 1631 1548
f 1527 1490 1459
f 1573 1663 1494
f 1527 1549 1490
f 1549 1528 1709
f 1609 1576 1461
f 1530 1550 1665
f 1531 1437 1495
f 1613 1532 1577
f 1437 1530 1495
f 1551 1639 1640
f 1552 1613 1614
f 1578 1582 1612
f 1577 1581 1690
f 1462 1642 1554
f 1535 1687 1462
f 1555 1616 1581
f 1553 1617 1584
f 1582 1578 1617
f 1535 1534 1552
f 1558 1614 1500
f 1616 1583 1581
f 1582 1617 1556
f 1618 1558 1583
f 1583 1558 1465
f 1581 1583 1465
f 1644 1581 1465
f 1798 1329 1416
f 1416 1469 1559
f 1559 1469 1504
f 1820 1446 1470
f 1536 1506 1648
f 1693 1536 1621
f 1359 1589 1360
f 1537 1589 1746
f 1449 1591 1509
f 1593 1673 1650
f 1539 1540 1721
f 1565 1273 1675
f 1675 2012 1565
f 1595 1623 1567
f 1596 1595 1568
f 1477 1516 1596
f 1479 1596 1516
f 1597 1678 1479
f 1655 1454 1653
f 1598 1484 1699
f 1625 1569 1627
f 1699 1484 1658
f 1600 1658 1484
f 1545 1660 1456
f 1571 1456 1660
f 1607 1663 1546
f 1547 1630 1524
f 1608 1663 1607
f 1547 1548 1631
f 1494 1708 1610
f 1494 1663 1708
f 1631 1549 1574
f 1631 1574 1633
f 1549 1633 1574
f 1633 1549 1709
f 1709 1528 1611
f 1550 1610 1665
f 1685 1530 1665
f 1690 1613 1577
f 1689 1576 1579
f 1642 1498 1687
f 1667 1554 1615
f 1498 1462 1687
f 1616 1613 1690
f 1495 1643 1557
f 1613 1616 1614
f 1553 1556 1617
f 1638 1617 1578
f 1555 1614 1616
f 1552 1793 1535
f 1555 1771 1614
f 1618 1614 1771
f 1614 1618 1500
f 1583 1500 1618
f 1500 1583 1555
f 1771 1555 1583
f 1616 1771 1583
f 1713 1667 1615
f 1554 1642 1615
f 1619 1614 1558
f 1690 1581 1668
f 1557 1643 1579
f 1579 1643 1689
f 1581 1644 1668
f 1618 1619 1558
f 561 302 1079
f 1468 1585 1819
f 1389 1800 1391
f 1820 1587 1446
f 1670 1715 1560
f 1820 1869 1587
f 1589 1359 1774
f 1588 1671 1693
f 1621 1588 1693
f 1588 1590 1671
f 1649 1509 1694
f 1591 1510 1561
f 1562 1563 1650
f 1563 1593 1650
f 1673 1539 1718
f 1539 1721 1719
f 1513 1566 1651
f 1595 1567 1622
f 1424 1827 1514
f 1599 1755 1597
f 1599 1699 1755
f 1658 1627 1656
f 1625 1656 1569
f 1627 1569 1656
f 1627 1658 1600
f 1657 1628 1700
f 1627 1600 1659
f 1601 1628 1661
f 1681 1660 1545
f 1681 1545 1571
f 1662 1603 1524
f 1661 1489 1457
f 1682 1604 1606
f 1606 1630 1682
f 1605 1608 1607
f 1682 1630 1547
f 1489 1629 1608
f 1682 1547 1631
f 1708 1632 1610
f 1608 1708 1663
f 1490 1549 1631
f 1760 1631 1633
f 1633 1635 1732
f 1683 1709 1611
f 1611 1575 1683
f 1636 1634 1575
f 1635 1633 1709
f 1641 1637 1497
f 1638 1612 1582
f 1667 1639 1554
f 1616 1690 1771
f 1580 1714 1644
f 1669 1714 1580
f 1645 1499 1584
f 1617 1645 1584
f 1499 1645 1646
f 1713 1615 1642
f 1189 726 1952
f 1502 2198 1741
f 1800 1389 1647
f 1692 1586 1846
f 1536 1693 1506
f 1648 1507 1536
f 1590 1649 1744
f 1694 1509 1591
f 1591 1561 1672
f 1592 1746 1924
f 1718 1539 1674
f 1751 1674 1539
f 1540 1651 1721
f 1652 1595 1622
f 1623 1622 1567
f 1595 1596 1623
f 1624 1514 1653
f 1653 1697 1654
f 1655 1653 1654
f 1755 1678 1597
f 1700 1626 1655
f 1625 1627 1659
f 1657 1757 1628
f 1661 1628 1757
f 1600 1602 1680
f 1681 1571 1660
f 1602 1603 1680
f 1662 1524 1630
f 1630 1606 1572
f 1604 1682 1730
f 1629 1763 1608
f 1763 1708 1608
f 1709 1683 1784
f 1738 1683 1636
f 1683 1634 1636
f 1685 1495 1530
f 1684 1617 1638
f 1636 1640 1666
f 1666 1738 1636
f 1639 1666 1640
f 1638 1691 1684
f 1582 1689 1638
f 1495 1685 1643
f 1689 1643 1765
f 1535 1793 1687
f 1793 1552 1711
f 1614 1619 1739
f 1739 1618 1771
f 1668 1771 1690
f 1646 1645 1669
f 1743 2085 1845
f 1559 1798 1416
f 1560 1847 1586
f 1847 1560 1715
f 1693 1772 1506
f 1590 1744 1671
f 1650 1672 1561
f 1362 1924 1717
f 1719 1748 1718
f 1751 1539 1719
f 1674 1751 1720
f 1676 1651 1722
f 1722 1651 1695
f 1723 1722 1695
f 1651 1566 1724
f 1695 1651 1724
f 1652 1725 1566
f 1652 1622 1802
f 1623 1802 1622
f 1623 1596 1802
f 1697 1653 1514
f 1677 1596 1479
f 1727 1805 1679
f 1700 1757 1657
f 1757 1700 1779
f 1659 1600 1680
f 1572 1604 1630
f 1782 1629 1489
f 1661 1782 1489
f 1760 1682 1631
f 1811 1610 1632
f 1664 1784 1683
f 1575 1634 1683
f 1683 1738 1736
f 1533 1637 1641
f 1665 1686 1685
f 1638 1689 1814
f 1639 1667 1666
f 1814 1691 1638
f 1687 1793 1770
f 1645 1617 1691
f 1643 1790 1765
f 1769 1714 1669
f 1739 1619 1618
f 1668 1644 1839
f 1839 1644 1714
f 1501 1079 2218
f 1978 1501 2218
f 1501 2058 1502
f 1742 1503 1741
f 1503 1742 1585
f 1670 1506 1715
f 1774 1801 1589
f 1744 1649 1694
f 1745 1591 1672
f 1672 1650 1716
f 1716 1650 1511
f 1511 1673 1716
f 1362 1717 1564
f 1594 1717 1675
f 1719 1718 1749
f 1721 1750 1719
f 1752 1750 1721
f 1722 1777 1724
f 1722 1724 1676
f 1777 1695 1724
f 1724 1566 1725
f 1696 1802 1596
f 1677 1696 1596
f 1479 1678 1677
f 1679 1699 1727
f 1700 1655 1756
f 1831 1727 1699
f 1680 1658 1659
f 1656 1659 1658
f 1625 1659 1656
f 1702 1779 1701
f 1702 1728 1779
f 1680 1877 1658
f 1728 1702 1780
f 1703 1661 1757
f 1680 1603 1781
f 1604 1730 1704
f 1630 1604 1705
f 1706 1630 1705
f 1682 1706 1705
f 1705 1730 1682
f 1630 1762 1662
f 1706 1682 1760
f 1683 1707 1664
f 1708 1811 1632
f 1707 1784 1664
f 1763 1811 1708
f 1633 1732 1760
f 1683 1736 1787
f 1733 1687 1764
f 1811 1834 1610
f 1610 1834 1665
f 1617 1684 1788
f 1764 1687 1770
f 1614 1739 1552
f 1643 1685 1686
f 1665 1712 1686
f 1617 1688 1691
f 1735 1666 1667
f 1766 1714 1769
f 1814 1843 1691
f 1645 1691 1796
f 1643 1794 1790
f 1686 1794 1643
f 1713 1735 1667
f 1691 1843 1796
f 1669 1645 1769
f 1740 1771 1668
f 1668 1839 1740
f 726 1844 1952
f 2058 2198 1502
f 1798 2301 1329
f 1692 1799 1559
f 1586 1868 1846
f 1506 1772 1715
f 1774 1587 1982
f 1746 1589 1801
f 1716 1747 1672
f 1564 1717 1594
f 1673 1718 1716
f 1718 1674 1720
f 1719 1749 1751
f 1676 1721 1651
f 2012 1675 2011
f 1678 1803 1677
f 1697 1754 1698
f 1654 1697 1726
f 1697 1698 1726
f 1679 1830 1755
f 1754 1726 1698
f 1699 1679 1755
f 1756 1779 1700
f 1699 1658 1877
f 1756 1701 1779
f 1702 1758 1756
f 1728 1756 1758
f 1756 1728 1701
f 1758 1702 1701
f 1756 1780 1702
f 1701 1780 1758
f 1780 1701 1728
f 1877 1680 1832
f 1603 1729 1781
f 1703 1782 1661
f 1704 1705 1604
f 1629 1782 1759
f 1762 1630 1706
f 1761 1762 1706
f 1759 1763 1629
f 1761 1785 1762
f 1785 1761 1786
f 1707 1787 1784
f 1731 1709 1784
f 1709 1732 1635
f 1731 1732 1709
f 1765 1734 1689
f 1733 1737 1687
f 1770 1737 1764
f 1711 1552 1739
f 1766 1789 1714
f 1834 1712 1665
f 1736 1738 1768
f 1666 1768 1738
f 1713 1791 1710
f 1687 1737 1642
f 1737 1770 1642
f 1684 1691 1688
f 1689 1790 1795
f 1710 1735 1713
f 1793 1711 1739
f 1814 1689 1795
f 1713 1642 1791
f 1866 1739 1771
f 1864 1796 1843
f 1846 1799 1692
f 1773 1772 1693
f 1773 1693 1671
f 1744 1851 1671
f 1749 1718 1720
f 1752 1749 1750
f 1749 1752 1751
f 1750 1749 1720
f 1752 1721 1676
f 1676 1724 1776
f 1722 1723 1777
f 1695 1777 1723
f 1725 1652 1802
f 1654 1514 1829
f 1754 1697 1778
f 1514 1778 1697
f 1778 1514 1654
f 1654 1829 1655
f 1803 1678 1755
f 1804 1778 1654
f 1679 1805 1830
f 1726 1804 1654
f 1804 1726 1754
f 1699 1877 1831
f 1758 1779 1728
f 1780 1807 1758
f 1680 1781 1832
f 1603 1662 1729
f 1662 1762 1729
f 1760 1786 1761
f 1683 1787 1707
f 1736 1767 1787
f 1788 1684 1688
f 1617 1788 1688
f 1768 1666 1863
f 1666 1735 1863
f 1791 1813 1710
f 1791 1642 1770
f 1816 1795 1790
f 1771 1797 1866
f 1893 1789 1769
f 1645 1841 1769
f 1771 1740 1797
f 1796 1841 1645
f 726 1818 1844
f 1819 1743 1468
f 1979 1800 1647
f 1470 1800 1820
f 1868 1586 1847
f 1821 1801 1774
f 1801 1850 1822
f 1591 1745 1694
f 1801 1895 1746
f 1716 1718 1748
f 1719 1750 1775
f 1750 1824 1775
f 1752 1720 1751
f 1752 1824 1720
f 1696 1854 1802
f 1754 1778 1806
f 1830 1803 1755
f 1754 1806 1804
f 1655 1829 1756
f 1757 1807 1703
f 1730 1705 1704
f 1883 1782 1703
f 1783 1762 1833
f 1706 1833 1761
f 1833 1762 1942
f 1942 1761 1833
f 1760 1761 1809
f 1785 1942 1762
f 1787 1810 1784
f 1760 1732 1786
f 1710 1812 1735
f 1686 1712 1836
f 1835 1790 1689
f 1835 1689 1734
f 1813 1792 1735
f 1765 1790 1835
f 1792 1813 1791
f 1815 1865 1739
f 1739 1865 1793
f 1815 1739 1866
f 1770 1793 1865
f 1947 1814 1795
f 1714 1789 1839
f 1839 1789 1893
f 1797 1740 1839
f 1978 2058 1501
f 1742 1819 1585
f 1799 1798 1559
f 1981 1868 1847
f 1869 1820 2002
f 1587 1849 1982
f 1773 1671 1851
f 1744 1694 1851
f 1895 1924 1746
f 1716 1852 1747
f 1748 1852 1716
f 1824 1750 1720
f 1824 1752 1775
f 1752 1825 1775
f 1925 2011 1675
f 1724 1725 1776
f 1802 1753 1725
f 1803 1696 1677
f 1875 1756 1829
f 1805 1856 1830
f 1856 1805 1727
f 1875 1857 1756
f 1877 2015 1831
f 1780 1756 1879
f 1832 1961 1877
f 1758 1757 1779
f 1757 1758 1807
f 1781 1858 1832
f 1703 1880 1883
f 1781 1729 1907
f 1833 1706 1809
f 1783 1907 1729
f 1809 1706 1760
f 1729 1762 1783
f 1761 1942 1809
f 1785 1786 1942
f 1811 1763 1861
f 1967 1784 1810
f 1731 1786 1732
f 1710 1862 1812
f 1787 1767 1887
f 1969 1767 1736
f 1764 1737 1733
f 1686 1836 1794
f 1770 1913 1791
f 1769 1789 1766
f 1864 1841 1796
f 1790 1794 1816
f 1817 1769 1841
f 1743 1819 1953
f 1800 2087 1820
f 1847 1715 1848
f 1715 1772 1848
f 1869 1849 1587
f 1772 1773 1921
f 1801 1821 1850
f 1822 1895 1801
f 1717 1986 1675
f 1776 1725 1927
f 1725 1753 1927
f 1802 1826 1753
f 1514 1827 1829
f 1696 1803 1828
f 1803 1855 1828
f 1803 1830 1855
f 1778 1804 1806
f 1857 1875 2013
f 1856 1727 1831
f 1857 1879 1756
f 1879 1807 1780
f 1881 1703 1807
f 1832 1808 1882
f 1703 1881 1880
f 1782 1940 1759
f 1782 1883 1940
f 1759 1860 1763
f 1763 1860 1861
f 1786 1731 1942
f 1734 1765 1835
f 1834 1811 1861
f 1813 1862 1710
f 1886 1712 1834
f 1812 1813 1735
f 1736 1768 1910
f 1863 1735 1792
f 1837 1913 1770
f 1837 1770 1865
f 1864 1838 1841
f 1890 1792 1791
f 1913 1890 1791
f 1815 1866 1951
f 1893 1976 1840
f 1839 1893 1840
f 1891 1816 1794
f 1947 1795 1891
f 1816 1891 1795
f 1079 302 2197
f 1818 2498 1844
f 1329 2301 1620
f 1743 1953 2085
f 1845 2032 1647
f 1982 1821 1774
f 1694 1922 1851
f 1694 1745 1922
f 1745 1672 1922
f 1747 1852 1870
f 1871 1870 1852
f 1748 1719 1957
f 1719 1823 1957
f 1675 1986 1925
f 1775 1823 1719
f 1825 1823 1775
f 1872 1676 1776
f 1958 1776 1927
f 1828 1853 1854
f 1828 1854 1696
f 1827 2012 1829
f 1855 1960 1828
f 1905 1807 1879
f 1907 1859 1781
f 1907 1783 1884
f 1833 1908 1783
f 1731 1784 1967
f 1736 1910 1969
f 1812 1862 1813
f 1712 1886 1836
f 1794 1836 1916
f 1863 1910 1768
f 1839 1888 1999
f 1840 1888 1839
f 1863 1792 1911
f 1839 1999 1797
f 1916 1889 1794
f 1865 1815 1951
f 1891 1794 1889
f 1864 1843 1814
f 1792 1890 1892
f 2057 1890 1913
f 1947 1894 1814
f 1893 1769 1817
f 2197 302 1952
f 1079 2197 2218
f 1818 1867 2498
f 1867 1620 2652
f 2032 2134 1647
f 2134 1979 1647
f 1922 2006 1851
f 1822 1983 1895
f 1672 1747 1922
f 1870 1922 1747
f 1871 1852 1896
f 1852 1748 1957
f 1676 1872 1752
f 1872 1776 1958
f 1873 1826 1929
f 1929 1874 1873
f 1929 1826 1802
f 1854 1853 1930
f 1829 1876 1931
f 1829 1931 1875
f 1933 1931 1876
f 2013 1875 1931
f 1855 1830 1856
f 1856 1831 2015
f 1899 1901 1857
f 1878 1879 1857
f 1905 1879 1901
f 1901 1879 1903
f 1905 1881 1807
f 1832 1882 1961
f 1906 1880 1881
f 1808 1832 1858
f 1858 1781 1859
f 1962 1883 1880
f 1759 1941 1860
f 1809 1942 1908
f 1809 1908 1833
f 1944 1967 1810
f 1860 1885 1861
f 1810 1787 1944
f 1944 1787 1887
f 1886 2024 1836
f 1916 1836 2024
f 1910 1863 1945
f 1946 1913 1837
f 1918 1838 1864
f 1914 1947 1889
f 1911 1945 1863
f 1911 1792 2052
f 1838 1918 1841
f 1889 1947 1917
f 1917 1891 1889
f 1918 1920 1841
f 1973 1917 1947
f 1947 1891 1973
f 1892 2052 1792
f 1949 2083 1865
f 1976 1893 1817
f 1814 1894 1948
f 1797 1919 1866
f 1894 1947 1948
f 2198 2299 1741
f 1620 2301 2652
f 1798 1799 2033
f 1800 1979 2087
f 1868 1980 1846
f 1799 1846 1980
f 1981 1847 1848
f 1848 1772 1921
f 1773 1851 2006
f 2065 1986 1717
f 1825 1752 1897
f 1872 1897 1752
f 1927 1928 1958
f 1874 1928 1873
f 1753 1826 1927
f 1928 1826 1873
f 1802 1854 1929
f 1930 1853 1828
f 2012 1959 1829
f 1876 1829 1987
f 1987 1898 1876
f 1933 1876 1898
f 2013 1899 1857
f 2015 1900 1856
f 1857 1901 1902
f 1901 1903 1935
f 1878 1904 1902
f 1935 1902 1904
f 1902 1935 1857
f 1903 1857 1935
f 1857 1903 1878
f 1904 1878 1903
f 1902 1937 1878
f 1903 1879 1904
f 1937 1879 1878
f 1882 2071 1961
f 1808 1858 1859
f 1882 1808 1859
f 1907 1963 1859
f 1759 1940 1941
f 1908 1884 1783
f 1887 1967 1944
f 1965 1731 1967
f 2044 1909 1943
f 1834 2149 1886
f 1969 1887 1767
f 2046 1834 1861
f 1834 2021 2149
f 2046 2021 1834
f 1910 1945 2152
f 1946 1912 1913
f 1946 1837 1915
f 1842 1970 2149
f 2000 1914 1889
f 2000 1889 1916
f 2023 1945 1911
f 1999 1977 1797
f 1842 2149 2027
f 1837 1865 1915
f 1864 1975 1918
f 1951 1866 1971
f 1814 1975 1864
f 2000 1891 1917
f 1865 1951 1949
f 2000 1973 1891
f 1950 2052 1892
f 1971 1866 2001
f 1742 1741 2299
f 1980 2033 1799
f 2002 1820 2087
f 1982 2090 1821
f 1921 1773 1954
f 1773 2006 1954
f 1922 1870 2009
f 1896 1956 1871
f 1956 1896 1852
f 1717 1924 2065
f 1852 1957 1956
f 1823 1825 1897
f 1958 1926 1897
f 1872 1958 1897
f 1927 1826 1928
f 1928 1874 1929
f 2037 1929 1854
f 2037 1854 2067
f 1854 1930 2067
f 2067 1930 1828
f 1959 1987 1829
f 1988 1931 1933
f 1855 1856 2014
f 1900 1934 1856
f 1899 2068 1901
f 1901 2068 1905
f 1901 1936 1902
f 1935 1936 1901
f 1904 1937 1935
f 1937 1936 1935
f 1936 1937 1902
f 2015 1877 1961
f 1904 1879 1937
f 1881 1905 2016
f 1882 1859 2071
f 1880 1906 1938
f 1963 2071 1859
f 1962 1940 1883
f 1939 1884 1908
f 1885 1860 1941
f 1885 1941 1943
f 1966 1943 1941
f 1943 1909 1885
f 1965 1942 1731
f 2149 1970 2024
f 1913 1912 1915
f 1840 1977 1999
f 1840 1976 1977
f 2000 1917 1914
f 2079 1890 2057
f 1890 2079 1892
f 1915 2057 1913
f 1915 1865 2083
f 1975 1814 1948
f 1917 2077 1914
f 2077 1917 1973
f 2000 2053 1973
f 1974 1817 1841
f 1866 1919 2001
f 1977 1919 1797
f 1978 2218 2416
f 1848 1921 2003
f 2003 1921 1954
f 1821 2004 1850
f 1822 2007 1983
f 1922 2062 2006
f 1924 1895 1983
f 1870 2035 2009
f 1871 1955 1923
f 1871 1956 1955
f 1957 1823 2093
f 1928 2036 1958
f 2067 1828 1932
f 1987 1988 1933
f 1988 2013 1931
f 1933 1898 1987
f 1989 1934 1900
f 2069 2015 1961
f 1881 1938 1906
f 2016 1938 1881
f 1991 1992 2016
f 1880 1938 1962
f 1907 1884 1963
f 1885 2019 1861
f 2149 2024 1886
f 2019 2046 1861
f 1887 1997 2018
f 1969 1997 1887
f 1969 1910 2102
f 2049 1969 2102
f 1888 2054 1999
f 2149 2021 1995
f 2054 1888 1840
f 2054 1840 2029
f 1915 1912 2025
f 1840 1999 2026
f 2026 2029 1840
f 1842 2027 1970
f 1971 2056 1951
f 2026 1977 1976
f 1974 1841 1972
f 2077 1948 1947
f 1915 2083 2057
f 1841 1920 1972
f 1919 2028 2001
f 2028 1919 2030
f 1974 1976 1817
f 1951 2031 1949
f 1867 2591 2498
f 2090 2004 1821
f 2035 1870 1984
f 1955 1956 1984
f 1956 1957 1985
f 1925 1986 2066
f 2115 1929 2037
f 1960 1932 1828
f 1855 2014 1960
f 2014 2094 1960
f 1899 2013 2095
f 2014 1856 1989
f 1856 1934 1989
f 2095 2068 1899
f 1900 2015 1989
f 1990 2015 2069
f 1940 1938 2099
f 1962 1938 1940
f 2071 1963 2165
f 1939 1963 1884
f 2099 1941 1940
f 2074 1964 1993
f 1942 1965 1908
f 1885 1994 2043
f 1885 1909 1994
f 2074 2019 1964
f 1885 2043 2019
f 2044 1994 1909
f 1967 1887 2018
f 1996 2045 1968
f 1969 2049 1997
f 2046 1995 2021
f 2024 1970 1916
f 1911 2052 2023
f 1946 1915 2025
f 2025 2020 1946
f 2131 1975 1998
f 2053 2000 1916
f 2028 1999 2050
f 2026 1999 2028
f 2025 1912 2104
f 1976 2029 2026
f 1971 2001 2056
f 1914 2077 1947
f 2079 2057 2080
f 2026 2030 1977
f 1919 1977 2030
f 1867 2652 2591
f 1742 1953 1819
f 1845 2133 2032
f 2003 1954 2091
f 2004 2034 1850
f 1954 2006 2005
f 1922 2009 2062
f 1870 1871 1984
f 1923 1984 1871
f 1955 1984 1923
f 2010 1984 1956
f 1985 2010 1956
f 2093 1823 2110
f 2011 1925 2066
f 1897 1926 2112
f 1928 1929 2114
f 1929 2115 2114
f 1959 2138 1987
f 1989 2015 2014
f 2015 2040 2014
f 1905 2068 2016
f 2118 2015 1990
f 1961 2071 2069
f 1991 2070 1992
f 1938 2016 1992
f 1908 2017 1939
f 1967 2018 1965
f 2019 2043 1964
f 2042 1943 1966
f 1965 2075 1908
f 2075 1968 1908
f 1965 2018 2075
f 1968 2122 1908
f 2075 1996 1968
f 2019 2100 2046
f 2045 2122 1968
f 1910 2152 2102
f 1997 2049 2022
f 2050 1999 2054
f 2152 1945 2023
f 1916 1970 2053
f 1912 1946 2104
f 1975 2131 2082
f 1998 1975 2078
f 1974 2029 1976
f 1975 1948 2078
f 2053 2077 1973
f 1892 2055 1950
f 1951 2056 2031
f 1918 2082 1920
f 2031 2083 1949
f 1845 2085 2133
f 2086 1798 2033
f 2161 1980 1868
f 2088 2161 1981
f 1981 2161 1868
f 2059 2089 2002
f 1981 1848 2088
f 2003 2088 1848
f 2003 2091 2060
f 1849 2090 1982
f 2091 1954 2061
f 1822 1850 2034
f 1822 2034 2007
f 2005 2006 2008
f 2062 2162 2006
f 1924 1983 2063
f 2065 1924 2063
f 2010 1985 1957
f 2065 2066 1986
f 2066 2533 2011
f 1958 2036 1926
f 2036 1928 2114
f 2067 2137 2037
f 1960 2094 1932
f 1988 1987 2138
f 2013 1988 2095
f 2014 2040 2039
f 2039 2040 2015
f 2015 2118 2039
f 1990 2069 2118
f 2041 2069 2071
f 2099 1938 2073
f 1941 2099 1966
f 2017 2166 1939
f 1993 1964 2043
f 2142 2043 1994
f 1994 2042 2142
f 1943 2042 1994
f 2017 1908 2122
f 2044 1943 1994
f 2074 2100 2019
f 2102 2209 2123
f 2104 2020 2048
f 2020 2104 1946
f 2020 2025 2051
f 2054 2215 2026
f 2023 2052 1950
f 2028 2054 2026
f 2051 2025 2104
f 2050 2001 2028
f 2053 2171 2077
f 2028 2216 2054
f 1892 2079 2055
f 1918 1975 2082
f 2103 2078 1948
f 2077 2103 1948
f 1972 2132 1974
f 2083 2080 2057
f 2082 1972 1920
f 2216 2028 2030
f 2058 1978 2416
f 1742 2299 2108
f 1980 2161 2178
f 2060 2088 2003
f 1869 2089 1849
f 2090 2034 2004
f 2009 2035 2062
f 2035 1984 2064
f 2010 1957 2092
f 1897 2110 1823
f 2110 1897 2112
f 1932 2094 2067
f 2094 2014 2038
f 1988 2138 2095
f 2039 2038 2014
f 2188 2038 2039
f 2068 1991 2016
f 2139 2070 1991
f 2139 2119 2070
f 2119 1992 2070
f 2165 1939 2140
f 2165 1963 1939
f 1938 1992 2073
f 2164 2072 2141
f 2100 1993 2043
f 2100 2074 1993
f 2075 2145 1996
f 2124 2018 1997
f 2102 2123 2124
f 1996 2122 2045
f 2145 2122 1996
f 2102 2124 2049
f 2103 2076 2047
f 2124 1997 2022
f 2124 2022 2049
f 2128 1995 2046
f 2048 2020 2051
f 2131 1998 2078
f 2130 2131 2078
f 2078 2047 2129
f 2153 2171 2053
f 2169 2027 2149
f 2029 2215 2054
f 2103 2047 2078
f 2103 2077 2171
f 2050 2216 2001
f 2051 2104 2080
f 2029 1974 2081
f 1970 2027 2169
f 1950 2055 2214
f 2051 2080 2083
f 2105 2051 2083
f 2001 2216 2056
f 2026 2084 2030
f 1974 2132 2081
f 2031 2105 2083
f 2056 2105 2031
f 2216 2106 2056
f 2033 1980 2178
f 2002 2087 2059
f 2089 1869 2002
f 2061 2005 2091
f 2005 2061 1954
f 1983 2007 2254
f 1983 2254 2063
f 2062 2035 2181
f 2135 2181 2035
f 2035 2064 2201
f 2064 1984 2010
f 1957 2093 2092
f 2092 2093 2110
f 2036 2112 1926
f 2036 2113 2136
f 2036 2114 2113
f 2012 2163 1959
f 2116 2138 1959
f 2094 2137 2067
f 2095 2096 2068
f 1991 2068 2096
f 2071 2207 2041
f 2071 2097 2207
f 2165 2097 2071
f 2141 2099 2164
f 2099 2073 2164
f 2098 1992 2119
f 2098 2073 1992
f 1966 2099 2141
f 1966 2141 2042
f 2100 2043 2142
f 2047 2076 2129
f 2209 2102 2101
f 2048 2051 2154
f 2153 2125 2171
f 2130 2078 2129
f 2173 2153 2053
f 2023 1950 2156
f 2054 2216 2050
f 2053 2157 2173
f 2157 2053 1970
f 2080 2104 2158
f 2081 2215 2029
f 2079 2080 2055
f 2215 2084 2026
f 2131 2107 2082
f 2084 2216 2030
f 2107 1972 2082
f 2108 1953 1742
f 2275 2032 2133
f 2032 2275 2134
f 2161 2088 2199
f 2250 2060 2091
f 2109 2034 2090
f 2091 2005 2253
f 2034 2109 2007
f 2008 2006 2162
f 2201 2135 2035
f 2064 2010 2092
f 2111 2110 2112
f 2112 2036 2136
f 2115 2185 2114
f 2012 2011 2163
f 2037 2185 2115
f 2037 2137 2185
f 2204 2116 2117
f 2096 2095 2226
f 2227 2039 2118
f 2119 2164 2073
f 2119 2073 2231
f 2119 2231 2098
f 2141 2072 2191
f 2098 2141 2073
f 2142 2042 2121
f 2122 2143 2120
f 2120 2017 2122
f 2018 2124 2075
f 2146 2127 2126
f 1970 2146 2126
f 2101 2102 2151
f 2154 2104 2048
f 2102 2152 2151
f 2152 2023 2156
f 2146 1970 2169
f 2156 1950 2214
f 2051 2105 2154
f 2130 2159 2131
f 2216 2084 2247
f 2160 1952 1844
f 2060 2199 2088
f 2005 2008 2162
f 2181 2162 2062
f 2201 2064 2092
f 2113 2114 2184
f 1959 2187 2116
f 2116 2187 2117
f 2223 2137 2094
f 2138 2116 2204
f 2261 2223 2094
f 2038 2261 2094
f 2138 2226 2095
f 2039 2227 2188
f 2206 2164 2119
f 2097 2165 2207
f 2098 2235 2141
f 2235 2042 2141
f 2017 2120 2166
f 2126 2144 2167
f 2142 2168 2100
f 2124 2240 2075
f 2168 2046 2100
f 2319 2124 2123
f 2127 2144 2126
f 2319 2240 2124
f 2146 2147 2127
f 2128 2149 1995
f 2076 2103 2129
f 2125 2155 2171
f 2153 2155 2125
f 1970 2126 2150
f 2152 2170 2151
f 2170 2152 2101
f 2152 2194 2101
f 2152 2156 2194
f 2103 2171 2195
f 2154 2158 2104
f 2171 2155 2195
f 2080 2214 2055
f 2273 2081 2132
f 2132 1972 2175
f 2131 2159 2107
f 2056 2106 2105
f 2215 2174 2084
f 2247 2084 2174
f 2085 1953 2302
f 2332 2087 1979
f 2161 2179 2178
f 2161 2199 2179
f 2250 2199 2060
f 2501 1849 2089
f 2007 2109 2180
f 2007 2180 2254
f 2254 2256 2063
f 2256 2065 2063
f 2111 2112 2183
f 2112 2136 2183
f 2136 2305 2183
f 2184 2114 2185
f 2185 2137 2186
f 1959 2163 2187
f 2221 2137 2223
f 2187 2204 2117
f 2138 2204 2226
f 2225 2261 2038
f 2038 2188 2225
f 2226 2189 2096
f 2189 1991 2096
f 2229 2227 2118
f 2139 1991 2189
f 2118 2069 2229
f 2229 2069 2041
f 2119 2139 2206
f 2072 2164 2191
f 2141 2231 2073
f 1939 2190 2140
f 1939 2166 2190
f 2166 2120 2233
f 2042 2235 2121
f 2317 2142 2121
f 2145 2143 2122
f 2317 2168 2142
f 2209 2319 2123
f 2193 2144 2127
f 2144 2146 2167
f 2144 2147 2146
f 2046 2168 2128
f 2167 2150 2126
f 2167 2146 2150
f 2209 2210 2151
f 2101 2151 2210
f 2209 2101 2194
f 2148 2273 2132
f 2101 2210 2170
f 2146 2290 2150
f 2169 2290 2146
f 2130 2129 2195
f 2150 2173 2157
f 2156 2172 2194
f 2103 2195 2129
f 2173 2155 2153
f 2150 2157 1970
f 2159 2130 2195
f 2148 2132 2175
f 2195 2176 2159
f 2214 2080 2217
f 2175 1972 2107
f 2159 2249 2107
f 2176 2249 2159
f 2133 2085 2302
f 2133 2302 2275
f 2332 1979 2134
f 2033 2178 2177
f 2251 2250 2091
f 2251 2091 2253
f 2109 2090 2200
f 2181 2278 2162
f 2135 2182 2181
f 2367 2182 2135
f 2135 2201 2367
f 2110 2335 2368
f 2110 2368 2092
f 2335 2110 2183
f 2111 2183 2110
f 2113 2184 2136
f 2220 2136 2184
f 2011 2281 2163
f 2185 2186 2337
f 2202 2221 2223
f 2189 2285 2139
f 2314 2041 2207
f 2139 2285 2206
f 2164 2206 2231
f 2191 2164 2231
f 2140 2190 2165
f 2165 2190 2207
f 2231 2141 2191
f 2235 2317 2121
f 2192 2208 2238
f 2192 2168 2317
f 2168 2192 2238
f 2075 2353 2145
f 2353 2075 2240
f 2144 2193 2147
f 2270 2241 2327
f 2168 2149 2128
f 2210 2209 2194
f 2361 2155 2173
f 2156 2214 2172
f 2246 2195 2155
f 2155 2361 2246
f 2106 2216 2196
f 2080 2213 2217
f 2247 2248 2216
f 1952 2160 2197
f 2331 2058 2416
f 2058 2331 2198
f 2275 2332 2134
f 2033 2177 2086
f 2501 2277 1849
f 2090 1849 2277
f 2090 2277 2200
f 2256 2257 2065
f 2065 2257 2066
f 2136 2220 2307
f 2337 2184 2185
f 2186 2137 2259
f 2259 2137 2224
f 2223 2222 2202
f 2137 2203 2224
f 2203 2137 2221
f 2221 2260 2203
f 2223 2261 2260
f 2283 2226 2204
f 2190 2166 2265
f 2166 2233 2265
f 2098 2231 2235
f 2120 2143 2233
f 2192 2317 2266
f 2145 2237 2143
f 2237 2145 2353
f 2267 2127 2325
f 2127 2147 2325
f 2147 2290 2325
f 2149 2168 2169
f 2215 2211 2174
f 2383 2173 2290
f 2210 2293 2170
f 2212 2243 2213
f 2215 2244 2211
f 2290 2173 2150
f 2170 2293 2151
f 2175 2273 2148
f 2172 2242 2194
f 2158 2213 2080
f 2215 2247 2244
f 2195 2246 2176
f 2196 2216 2295
f 2107 2272 2175
f 2272 2107 2249
f 2196 2105 2106
f 2218 2197 2590
f 2108 2300 1953
f 2301 1798 2086
f 2109 2200 2219
f 2533 2066 2477
f 2258 2220 2184
f 2259 2394 2186
f 2222 2308 2202
f 2225 2188 2227
f 2227 2205 2225
f 2344 2189 2226
f 2263 2205 2262
f 2228 2262 2205
f 2397 2228 2205
f 2227 2397 2205
f 2229 2397 2227
f 2041 2314 2229
f 2206 2285 2230
f 2232 2346 2234
f 2231 2234 2235
f 2317 2459 2266
f 2239 2236 2143
f 2239 2143 2237
f 2267 2193 2127
f 2290 2147 2193
f 2269 2319 2209
f 2240 2319 2151
f 2357 2240 2151
f 2151 2269 2209
f 2245 2357 2151
f 2245 2151 2292
f 2211 2442 2174
f 2442 2244 2174
f 2290 2169 2325
f 2212 2213 2158
f 2383 2361 2173
f 2105 2196 2154
f 2274 2175 2272
f 2271 2172 2214
f 2244 2247 2174
f 2215 2081 2247
f 2216 2248 2295
f 2295 2248 2247
f 2295 2247 2329
f 2218 2590 2416
f 2059 2365 2089
f 2251 2253 2252
f 2253 2005 2388
f 2388 2005 2162
f 2162 2389 2388
f 2162 2278 2389
f 2255 2278 2181
f 2391 2181 2182
f 2201 2421 2367
f 2201 2092 2334
f 2092 2368 2334
f 2257 2477 2066
f 2335 2183 2305
f 2258 2307 2220
f 2184 2337 2258
f 2394 2280 2186
f 2280 2337 2186
f 2221 2259 2224
f 2187 2163 2283
f 2341 2260 2221
f 2204 2187 2283
f 2224 2203 2342
f 2203 2260 2261
f 2284 2261 2225
f 2205 2284 2225
f 2263 2284 2205
f 2262 2228 2312
f 2314 2374 2229
f 2207 2190 2264
f 2190 2316 2347
f 2190 2265 2316
f 2234 2457 2232
f 2288 2287 2143
f 2287 2233 2143
f 2143 2236 2288
f 2459 2238 2266
f 2238 2355 2168
f 2168 2355 2169
f 2194 2242 2210
f 2151 2293 2292
f 2268 2244 2442
f 2158 2243 2212
f 2357 2245 2380
f 2271 2242 2172
f 2154 2196 2324
f 2246 2294 2176
f 2382 2213 2243
f 2249 2176 2297
f 2329 2081 2273
f 2382 2217 2213
f 2330 2362 2175
f 2175 2274 2330
f 2298 2249 2297
f 2382 2214 2217
f 2329 2247 2081
f 2298 2272 2249
f 1953 2300 2302
f 2275 2302 2500
f 2332 2387 2087
f 2199 2276 2179
f 2251 2333 2250
f 2109 2219 2180
f 2304 2255 2181
f 2304 2181 2391
f 2391 2182 2367
f 2370 2136 2307
f 2259 2221 2339
f 2202 2341 2339
f 2202 2339 2221
f 2309 2202 2308
f 2260 2341 2202
f 2224 2341 2221
f 2342 2341 2224
f 2260 2309 2223
f 2310 2203 2261
f 2226 2283 2311
f 2344 2226 2311
f 2284 2263 2228
f 2312 2228 2263
f 2397 2284 2228
f 2263 2262 2396
f 2229 2374 2397
f 2314 2207 2264
f 2206 2230 2231
f 2400 2316 2286
f 2190 2347 2264
f 2286 2316 2265
f 2231 2457 2234
f 2208 2192 2266
f 2234 2289 2235
f 2376 2239 2233
f 2348 2288 2236
f 2208 2266 2238
f 2239 2376 2236
f 2235 2289 2317
f 2355 2325 2169
f 2241 2270 2381
f 2210 2242 2293
f 2241 2381 2358
f 2244 2268 2295
f 2241 2358 2327
f 2295 2268 2465
f 2386 2296 2326
f 2158 2382 2243
f 2297 2176 2294
f 2245 2292 2380
f 2465 2196 2295
f 2214 2382 2271
f 2362 2273 2175
f 2178 2179 2177
f 2276 2199 2250
f 2276 2250 2333
f 2251 2366 2333
f 2200 2277 2303
f 2219 2200 2303
f 2180 2219 2303
f 2304 2278 2255
f 2475 2257 2256
f 2421 2201 2334
f 2477 2306 2533
f 2258 2371 2307
f 2011 2533 2281
f 2371 2258 2282
f 2258 2393 2282
f 2340 2223 2308
f 2223 2309 2308
f 2202 2342 2260
f 2342 2202 2309
f 2260 2342 2372
f 2309 2260 2372
f 2342 2203 2310
f 2263 2396 2312
f 2312 2284 2397
f 2262 2312 2397
f 2189 2344 2285
f 2314 2345 2374
f 2399 2230 2285
f 2313 2399 2285
f 2231 2230 2457
f 2316 2375 2347
f 2375 2265 2347
f 2265 2375 2286
f 2349 2265 2233
f 2349 2233 2239
f 2349 2236 2376
f 2236 2237 2348
f 2236 2349 2237
f 2238 2459 2352
f 2349 2239 2237
f 2319 2269 2321
f 2355 2323 2325
f 2380 2151 2319
f 2151 2380 2269
f 2269 2380 2292
f 2381 2270 2327
f 2444 2381 2327
f 2354 2318 2296
f 2322 2326 2296
f 2415 2404 2242
f 2415 2242 2271
f 2296 2386 2328
f 2244 2295 2411
f 2154 2413 2158
f 2411 2295 2329
f 2386 2274 2272
f 2386 2272 2298
f 2553 2299 2198
f 2471 2332 2275
f 2086 2177 2554
f 2179 2364 2472
f 2059 2087 2387
f 2179 2276 2364
f 2089 2365 2501
f 2252 2253 2388
f 2303 2419 2180
f 2278 2474 2389
f 2304 2474 2278
f 2474 2304 2391
f 2254 2475 2256
f 2335 2305 2392
f 2305 2136 2392
f 2136 2370 2392
f 2258 2336 2393
f 2337 2336 2258
f 2371 2282 2393
f 2394 2259 2339
f 2338 2308 2222
f 2339 2340 2308
f 2340 2222 2223
f 2342 2310 2372
f 2311 2283 2509
f 2311 2373 2344
f 2344 2373 2395
f 2344 2395 2398
f 2397 2396 2262
f 2344 2398 2285
f 2285 2398 2431
f 2313 2431 2399
f 2230 2399 2315
f 2264 2481 2314
f 2315 2457 2230
f 2346 2232 2457
f 2264 2517 2482
f 2347 2517 2264
f 2483 2234 2346
f 2288 2233 2287
f 2353 2348 2237
f 2353 2240 2401
f 2351 2350 2355
f 2353 2291 2437
f 2377 2318 2354
f 2193 2267 2441
f 2351 2355 2238
f 2352 2320 2238
f 2355 2350 2441
f 2240 2357 2379
f 2193 2441 2290
f 2238 2320 2323
f 2269 2292 2321
f 2441 2407 2290
f 2296 2318 2322
f 2154 2324 2413
f 2354 2296 2328
f 2292 2293 2408
f 2290 2407 2383
f 2359 2211 2411
f 2444 2327 2358
f 2244 2411 2211
f 2158 2413 2382
f 2273 2406 2329
f 2406 2359 2329
f 2329 2359 2412
f 2246 2361 2294
f 2360 2362 2330
f 2386 2298 2297
f 2273 2447 2406
f 2384 2330 2274
f 2470 2385 2329
f 2362 2447 2273
f 2177 2179 2472
f 2366 2251 2252
f 2254 2180 2419
f 2257 2475 2279
f 2477 2257 2279
f 2335 2392 2369
f 2336 2370 2307
f 2336 2307 2371
f 2371 2393 2336
f 2337 2280 2336
f 2339 2308 2338
f 2426 2339 2338
f 2340 2426 2338
f 2340 2339 2309
f 2222 2340 2338
f 2341 2342 2339
f 2309 2339 2342
f 2163 2507 2283
f 2283 2427 2509
f 2261 2372 2310
f 2284 2372 2261
f 2479 2312 2396
f 2431 2313 2285
f 2314 2481 2345
f 2375 2316 2400
f 2432 2457 2315
f 2264 2482 2481
f 2286 2375 2400
f 2457 2483 2346
f 2483 2289 2234
f 2376 2233 2288
f 2265 2349 2402
f 2289 2435 2317
f 2435 2459 2317
f 2240 2379 2401
f 2348 2353 2437
f 2353 2438 2291
f 2238 2491 2351
f 2291 2356 2437
f 2318 2377 2322
f 2491 2355 2267
f 2355 2491 2323
f 2491 2238 2323
f 2355 2441 2267
f 2291 2438 2356
f 2267 2325 2323
f 2442 2211 2446
f 2321 2292 2408
f 2320 2405 2323
f 2405 2320 2352
f 2211 2359 2446
f 2326 2322 2328
f 2354 2328 2322
f 2408 2242 2404
f 2408 2293 2242
f 2381 2443 2358
f 2196 2414 2324
f 2385 2585 2465
f 2446 2359 2409
f 2359 2406 2409
f 2386 2326 2448
f 2413 2493 2382
f 2412 2359 2411
f 2382 2444 2271
f 2271 2444 2358
f 2196 2551 2414
f 2330 2384 2360
f 2386 2384 2274
f 1844 2498 2870
f 2331 2553 2198
f 2301 2086 2417
f 2471 2363 2332
f 2332 2363 2387
f 2059 2387 2365
f 2276 2555 2364
f 2555 2276 2473
f 2473 2276 2333
f 2502 2418 2252
f 2252 2388 2502
f 2254 2390 2475
f 2531 2368 2335
f 2392 2559 2369
f 2370 2532 2392
f 2336 2452 2370
f 2425 2280 2394
f 2425 2424 2280
f 2394 2339 2425
f 2340 2309 2426
f 2283 2507 2427
f 2479 2284 2312
f 2396 2397 2479
f 2398 2568 2431
f 2315 2399 2515
f 2457 2432 2434
f 2347 2484 2517
f 2347 2265 2484
f 2288 2348 2376
f 2436 2458 2401
f 2436 2401 2379
f 2348 2437 2519
f 2353 2401 2519
f 2439 2436 2379
f 2353 2519 2438
f 2495 2460 2462
f 2491 2441 2350
f 2319 2321 2380
f 2405 2491 2267
f 2352 2403 2405
f 2267 2323 2405
f 2440 2407 2441
f 2464 2321 2408
f 2463 2525 2404
f 2354 2322 2377
f 2404 2525 2408
f 2381 2444 2443
f 2324 2414 2413
f 2495 2407 2460
f 2495 2383 2407
f 2404 2415 2443
f 2467 2409 2406
f 2383 2495 2361
f 2465 2496 2385
f 2587 2328 2297
f 2294 2410 2297
f 2496 2411 2329
f 2297 2328 2386
f 2361 2445 2294
f 2271 2358 2415
f 2413 2414 2449
f 2448 2360 2384
f 2413 2449 2493
f 2329 2385 2496
f 2362 2360 2469
f 2362 2469 2447
f 2275 2500 2471
f 2086 2554 2815
f 2472 2364 2555
f 2366 2252 2418
f 2503 2502 2388
f 2391 2367 2530
f 2530 2367 2421
f 2335 2369 2559
f 2392 2532 2422
f 2453 2452 2423
f 2309 2372 2426
f 2427 2428 2455
f 2455 2428 2343
f 2509 2454 2311
f 2284 2479 2429
f 2343 2430 2455
f 2430 2343 2478
f 2395 2512 2398
f 2599 2480 2374
f 2435 2289 2433
f 2402 2484 2265
f 2578 2459 2435
f 2402 2349 2348
f 2348 2349 2376
f 2438 2519 2437
f 2379 2321 2439
f 2438 2437 2356
f 2380 2321 2357
f 2464 2439 2321
f 2378 2461 2382
f 2404 2443 2463
f 2444 2382 2461
f 2268 2442 2465
f 2326 2524 2468
f 2444 2461 2443
f 2465 2442 2494
f 2411 2494 2442
f 2446 2411 2442
f 2497 2467 2406
f 2326 2328 2524
f 2468 2448 2326
f 2411 2496 2494
f 2445 2410 2294
f 2446 2412 2411
f 2465 2585 2196
f 2406 2447 2497
f 2495 2445 2361
f 2446 2409 2412
f 2410 2587 2297
f 2585 2551 2196
f 2385 2470 2585
f 2412 2470 2329
f 2386 2448 2384
f 2108 2299 2450
f 2108 2450 2925
f 2108 2925 2300
f 2086 2815 2417
f 2177 2472 2554
f 2528 2501 2365
f 2303 2277 2654
f 2503 2388 2389
f 2390 2254 2419
f 2504 2391 2451
f 2391 2530 2451
f 2421 2334 2680
f 2476 2334 2368
f 2477 2279 2760
f 2335 2559 2659
f 2392 2422 2559
f 2452 2593 2370
f 2534 2452 2453
f 2452 2336 2280
f 2281 2507 2163
f 2427 2507 2428
f 2372 2284 2429
f 2478 2343 2428
f 2455 2430 2511
f 2373 2311 2454
f 2480 2539 2374
f 2479 2397 2539
f 2374 2539 2397
f 2398 2512 2568
f 2374 2345 2599
f 2568 2515 2431
f 2599 2345 2481
f 2399 2431 2515
f 2315 2515 2432
f 2515 2570 2432
f 2457 2434 2483
f 2483 2432 2433
f 2433 2289 2483
f 2604 2435 2433
f 2458 2486 2401
f 2458 2436 2486
f 2436 2439 2486
f 2487 2520 2379
f 2379 2357 2487
f 2520 2321 2379
f 2520 2357 2321
f 2378 2493 2461
f 2464 2408 2525
f 2463 2443 2525
f 2465 2490 2496
f 2614 2443 2461
f 2490 2523 2496
f 2378 2382 2493
f 2328 2448 2468
f 2448 2328 2587
f 2443 2415 2358
f 2360 2448 2469
f 2497 2447 2469
f 2616 2409 2467
f 2616 2412 2409
f 2674 2493 2449
f 2414 2674 2449
f 2450 2299 2499
f 2503 2620 2502
f 2418 2502 2655
f 2474 2503 2389
f 2391 2504 2474
f 2504 2451 2656
f 2420 2505 2451
f 2530 2421 2680
f 2476 2680 2334
f 2368 2531 2476
f 2534 2593 2452
f 2452 2280 2506
f 2423 2452 2506
f 2506 2280 2424
f 2508 2426 2372
f 2507 2510 2428
f 2510 2478 2428
f 2427 2455 2510
f 2372 2429 2537
f 2510 2455 2478
f 2455 2567 2478
f 2511 2567 2455
f 2373 2540 2395
f 2395 2540 2512
f 2514 2570 2515
f 2570 2433 2432
f 2577 2348 2485
f 2348 2577 2402
f 2348 2519 2485
f 2519 2401 2486
f 2486 2487 2519
f 2352 2459 2403
f 2486 2439 2487
f 2350 2351 2491
f 2519 2521 2488
f 2487 2521 2519
f 2521 2487 2357
f 2357 2520 2521
f 2439 2520 2487
f 2403 2491 2405
f 2490 2465 2494
f 2489 2460 2407
f 2462 2548 2495
f 2494 2496 2549
f 2443 2614 2525
f 2524 2328 2468
f 2548 2586 2495
f 2445 2495 2586
f 2448 2673 2469
f 2615 2551 2585
f 2414 2551 2615
f 2301 3033 2652
f 2903 2302 2300
f 2471 2500 2527
f 2366 2418 2529
f 2529 2418 2655
f 2303 2390 2419
f 2503 2621 2620
f 2474 2504 2656
f 2656 2451 2505
f 2451 2530 2420
f 2420 2530 2505
f 2659 2531 2335
f 2532 2559 2422
f 2533 2726 2281
f 2534 2453 2423
f 2506 2626 2423
f 2508 2537 2596
f 2508 2372 2537
f 2538 2511 2430
f 2429 2479 2539
f 2480 2599 2539
f 2512 2540 2598
f 2598 2542 2456
f 2456 2512 2598
f 2512 2456 2514
f 2693 2512 2514
f 2542 2513 2516
f 2542 2516 2456
f 2514 2456 2516
f 2482 2599 2481
f 2517 2571 2482
f 2517 2484 2573
f 2604 2483 2435
f 2489 2462 2460
f 2464 2520 2439
f 2491 2403 2522
f 2523 2490 2545
f 2490 2494 2545
f 2440 2441 2522
f 2491 2522 2441
f 2407 2526 2489
f 2440 2526 2407
f 2523 2549 2496
f 2585 2549 2523
f 2497 2469 2492
f 2581 2550 2646
f 2550 2587 2410
f 2550 2410 2646
f 2410 2588 2646
f 2410 2445 2588
f 2466 2414 2615
f 2469 2673 2783
f 2461 2493 2618
f 2448 2587 2673
f 2331 2675 2552
f 2553 2499 2299
f 2903 2300 2925
f 2500 2302 2903
f 2387 2528 2365
f 2473 2333 2653
f 2333 2366 2653
f 2501 2654 2277
f 2656 2505 2622
f 2390 2592 2475
f 2530 2680 2623
f 2558 2477 2760
f 2306 2477 2558
f 2370 2593 2560
f 2593 2534 2506
f 2625 2506 2534
f 2506 2424 2593
f 2534 2423 2626
f 2425 2339 2426
f 2507 2683 2510
f 2426 2508 2535
f 2595 2729 2508
f 2596 2426 2535
f 2596 2536 2426
f 2596 2537 2536
f 2509 2427 2628
f 2536 2537 2564
f 2509 2566 2454
f 2538 2454 2511
f 2511 2454 2566
f 2511 2566 2567
f 2567 2538 2430
f 2430 2478 2567
f 2597 2540 2373
f 2540 2541 2598
f 2568 2541 2540
f 2568 2512 2541
f 2598 2694 2542
f 2693 2541 2512
f 2542 2694 2514
f 2568 2693 2515
f 2515 2693 2514
f 2541 2570 2514
f 2482 2571 2572
f 2569 2571 2543
f 2571 2574 2543
f 2518 2543 2574
f 2577 2574 2484
f 2434 2605 2483
f 2578 2435 2483
f 2403 2459 2578
f 2519 2488 2485
f 2522 2403 2607
f 2520 2579 2546
f 2520 2464 2579
f 2521 2520 2546
f 2462 2489 2548
f 2526 2608 2489
f 2521 2547 2641
f 2547 2521 2546
f 2549 2545 2494
f 2526 2440 2608
f 2609 2614 2461
f 2545 2584 2523
f 2584 2585 2523
f 2492 2645 2497
f 2544 2492 2469
f 2783 2544 2469
f 2497 2616 2467
f 2647 2673 2587
f 2587 2550 2617
f 2493 2674 2618
f 2585 2470 2549
f 2616 2470 2412
f 2416 2590 2675
f 1844 2870 2160
f 2653 2619 2473
f 2654 2789 2303
f 2390 2303 2789
f 2557 2621 2503
f 2503 2474 2557
f 2474 2656 2557
f 2658 2505 2530
f 2592 2876 2475
f 2279 2475 2990
f 2476 2531 2659
f 2559 2624 2659
f 2532 2370 2560
f 2561 2625 2534
f 2506 2625 2626
f 2726 2507 2281
f 2425 2426 2563
f 2508 2729 2535
f 2563 2426 2536
f 2508 2596 2595
f 2427 2510 2628
f 2565 2566 2509
f 2454 2538 2565
f 2565 2538 2566
f 2538 2567 2566
f 2454 2597 2373
f 2631 2598 2541
f 2631 2541 2689
f 2541 2514 2694
f 2568 2633 2693
f 2599 2602 2634
f 2570 2541 2693
f 2599 2482 2602
f 2516 2513 2600
f 2543 2601 2569
f 2571 2665 2574
f 2603 2570 2693
f 2433 2570 2603
f 2517 2573 2571
f 2574 2577 2575
f 2575 2518 2574
f 2605 2576 2483
f 2483 2604 2432
f 2578 2483 2576
f 2577 2484 2402
f 2488 2739 2485
f 2488 2521 2641
f 2699 2488 2641
f 2579 2641 2546
f 2641 2703 2546
f 2440 2643 2608
f 2522 2643 2440
f 2522 2666 2643
f 2703 2649 2546
f 2525 2579 2464
f 2607 2670 2522
f 2706 2580 2525
f 2649 2547 2546
f 2545 2549 2584
f 2648 2670 2583
f 2648 2583 2582
f 2615 2707 2466
f 2581 2613 2550
f 2581 2671 2613
f 2651 2609 2461
f 2713 2585 2584
f 2497 2645 2616
f 2588 2550 2613
f 2612 2589 2715
f 2588 2613 2646
f 2651 2461 2618
f 2550 2588 2617
f 2445 2586 2588
f 2674 2716 2618
f 2711 2549 2470
f 2331 2552 2553
f 2450 2785 2925
f 2500 2903 2988
f 2527 2363 2471
f 2555 2473 2619
f 2528 2654 2501
f 2620 2655 2502
f 2556 2721 2621
f 2678 2621 2557
f 2556 2621 2678
f 2475 2876 2990
f 2279 2926 2760
f 2625 2425 2626
f 2562 2534 2626
f 2534 2562 2594
f 2507 2726 2683
f 2535 2729 2563
f 2536 2564 2627
f 2536 2535 2563
f 2596 2535 2661
f 2662 2564 2537
f 2509 2628 2565
f 2662 2537 2429
f 2429 2687 2662
f 2539 2630 2429
f 2597 2631 2540
f 2800 2598 2631
f 2598 2632 2694
f 2540 2631 2568
f 2568 2631 2689
f 2541 2694 2689
f 2542 2600 2513
f 2542 2514 2600
f 2600 2514 2516
f 2482 2572 2602
f 2665 2637 2574
f 2574 2637 2573
f 2603 2635 2433
f 2484 2574 2573
f 2434 2432 2891
f 2432 2604 2891
f 2606 2638 2669
f 2606 2669 2666
f 2666 2607 2606
f 2403 2606 2607
f 2739 2488 2699
f 2667 2641 2579
f 2649 2579 2525
f 2492 2544 2645
f 2522 2670 2648
f 2670 2672 2583
f 2648 2582 2610
f 2610 2583 2672
f 2466 2707 2674
f 2610 2589 2583
f 2582 2589 2610
f 2549 2711 2584
f 2589 2612 2583
f 2582 2583 2612
f 2466 2674 2414
f 2586 2548 2611
f 2585 2713 2615
f 2645 2711 2616
f 2589 2582 2712
f 2711 2470 2616
f 2618 2716 2651
f 2676 2450 2499
f 3033 2301 2417
f 2815 2554 2756
f 2529 2653 2366
f 2529 2655 2720
f 2621 2655 2620
f 2530 2623 2658
f 2476 2659 2880
f 2624 2559 2532
f 2532 2560 2681
f 2424 2625 2593
f 2561 2593 2625
f 2625 2424 2425
f 2536 2627 2535
f 2595 2596 2661
f 2454 2565 2629
f 2597 2629 2631
f 2630 2539 2765
f 2631 2629 2800
f 2599 2688 2539
f 2694 2635 2689
f 2636 2571 2569
f 2572 2571 2735
f 2665 2601 2637
f 2543 2575 2601
f 2768 2605 2434
f 2543 2518 2575
f 2433 2635 2604
f 2575 2577 2637
f 2638 2606 2639
f 2605 2697 2576
f 2606 2403 2639
f 2576 2640 2578
f 2669 2643 2666
f 2403 2578 2640
f 2667 2699 2641
f 2667 2579 2703
f 2703 2579 2649
f 2580 2705 2525
f 2608 2548 2489
f 2702 2707 2644
f 2648 2704 2522
f 2525 2710 2649
f 2610 2672 2648
f 2609 2525 2614
f 2813 2673 2647
f 2713 2584 2718
f 2587 2813 2647
f 2646 2613 2650
f 2586 2646 2650
f 2646 2586 2709
f 2612 2712 2582
f 2716 2609 2651
f 2754 2713 2718
f 2650 2617 2588
f 2586 2650 2588
f 2753 2586 2611
f 2755 2589 2712
f 2675 2331 2416
f 2527 2500 2988
f 2786 2363 2527
f 2472 2756 2554
f 2555 2719 2472
f 2555 2619 2757
f 2677 2619 2653
f 2653 2529 2720
f 2655 2621 2721
f 2557 2679 2678
f 2390 2789 2592
f 2679 2557 2656
f 2657 2622 2505
f 2657 2505 2658
f 2723 2658 2623
f 2680 2723 2623
f 2791 2680 2476
f 2279 2990 2926
f 2880 2791 2476
f 2533 2306 2726
f 2534 2594 2682
f 2534 2682 2561
f 2728 2626 2425
f 2425 2563 2728
f 2661 2535 2627
f 2564 2662 2627
f 2683 2628 2510
f 2662 2685 2661
f 2429 2630 2687
f 2630 2765 2763
f 2663 2539 2687
f 2630 2663 2687
f 2630 2731 2663
f 2765 2539 2663
f 2598 2800 2632
f 2688 2599 2634
f 2568 2689 2767
f 2767 2633 2568
f 2693 2633 2664
f 2636 2569 2601
f 2693 2692 2603
f 2735 2571 2695
f 2571 2636 2695
f 2601 2665 2636
f 2602 2572 2696
f 2571 2573 2665
f 2575 2637 2601
f 2698 2605 2768
f 2891 2604 2635
f 2403 2697 2639
f 2640 2697 2403
f 2666 2774 2607
f 2644 2642 2702
f 2705 2580 2706
f 2666 2704 2668
f 2607 2774 2670
f 2581 2646 2771
f 2644 2805 2642
f 2522 2704 2666
f 2671 2581 2771
f 2649 2778 2547
f 2644 2707 2805
f 2750 2646 2709
f 2672 2704 2648
f 2525 2705 2710
f 2671 2650 2613
f 2812 2805 2707
f 2650 2671 2587
f 2812 2707 2615
f 2587 2671 2813
f 2650 2587 2617
f 2612 2611 2712
f 2812 2615 2713
f 2711 2718 2584
f 2717 2784 2716
f 2756 2472 2719
f 2387 2363 2786
f 2555 2757 2719
f 2528 3010 2654
f 2677 2653 2720
f 2556 2678 2721
f 2679 2656 2622
f 2658 2723 2657
f 2624 2880 2659
f 2797 2561 2626
f 2727 2682 2660
f 2682 2594 2660
f 2561 2562 2626
f 2594 2562 2561
f 2563 2729 2728
f 2729 2798 2728
f 2726 2883 2683
f 2595 2730 2729
f 2762 2730 2595
f 2762 2595 2661
f 2627 2662 2661
f 2853 2565 2628
f 2661 2685 2684
f 2686 2731 2630
f 2629 2597 2454
f 2686 2630 2763
f 2731 2763 2765
f 2685 2687 2539
f 2685 2539 2688
f 2765 2663 2688
f 2634 2765 2688
f 2800 2629 2689
f 2732 2765 2634
f 2633 2691 2690
f 2633 2767 2691
f 2634 2801 2732
f 2664 2692 2690
f 2733 2690 2692
f 2690 2733 2633
f 2689 2633 2733
f 2633 2689 2664
f 2692 2664 2689
f 2664 2691 2693
f 2664 2690 2691
f 2634 2602 2801
f 2692 2689 2635
f 2635 2694 2802
f 2692 2635 2603
f 2734 2636 2602
f 2696 2734 2602
f 2735 2734 2572
f 2434 2891 2768
f 2637 2577 2738
f 2577 2485 2738
f 2576 2697 2740
f 2639 2666 2638
f 2638 2668 2669
f 2774 2666 2639
f 2576 2740 2640
f 2666 2668 2638
f 2643 2669 2668
f 2746 2705 2706
f 2668 2704 2643
f 2745 2739 2699
f 2775 2739 2745
f 2643 2704 2608
f 2703 2641 2547
f 2774 2744 2670
f 2702 2708 2707
f 2670 2744 2672
f 2705 2649 2710
f 2646 2750 2747
f 2706 2525 2609
f 2716 2751 2609
f 2717 2674 2707
f 2709 2586 2750
f 2752 2717 2707
f 2718 2711 2779
f 2750 2586 2753
f 2715 2611 2612
f 2714 2674 2780
f 2714 2716 2674
f 2780 2674 2717
f 2714 2717 2716
f 2717 2752 2784
f 2904 2815 2756
f 2720 2655 2817
f 2817 2655 2721
f 2817 2721 2873
f 2622 2722 2819
f 2622 2657 2722
f 2791 2759 2680
f 2724 2791 2792
f 2532 2681 2624
f 2726 2306 2558
f 2796 2725 2761
f 2727 2561 2682
f 2561 2727 2594
f 2594 2727 2660
f 2848 2626 2728
f 2825 2762 2661
f 2825 2661 2684
f 2731 2686 2828
f 2565 2853 2764
f 2764 2629 2565
f 2687 2685 2662
f 2765 2684 2685
f 2663 2731 2685
f 2685 2731 2765
f 2688 2663 2685
f 2629 2767 2689
f 2632 2800 2694
f 2733 2800 2689
f 2800 2733 2767
f 2767 2733 2691
f 2691 2733 2693
f 2733 2692 2693
f 2694 2800 2802
f 2602 2636 2801
f 2636 2734 2695
f 2636 2665 2831
f 2734 2831 2695
f 2665 2695 2831
f 2695 2665 2735
f 2635 2802 2891
f 2735 2665 2573
f 2734 2696 2572
f 2860 2573 2637
f 2862 2637 2738
f 2737 2605 2736
f 2605 2737 2697
f 2605 2698 2832
f 2697 2737 2639
f 2803 2699 2667
f 2639 2804 2774
f 2697 2640 2740
f 2769 2701 2773
f 2741 2739 2743
f 2742 2739 2741
f 2739 2742 2864
f 2743 2699 2741
f 2705 2836 2649
f 2770 2700 2835
f 2742 2745 2743
f 2864 2742 2743
f 2775 2864 2743
f 2739 2775 2743
f 2743 2745 2699
f 2778 2703 2547
f 2748 2835 2700
f 2771 2646 2747
f 2747 2700 2776
f 2747 2748 2700
f 2777 2608 2704
f 2747 2750 2748
f 2810 2548 2608
f 2810 2608 2777
f 2779 2711 2645
f 2611 2548 2712
f 2780 2751 2716
f 2808 2752 2707
f 2544 2783 2645
f 2712 2548 2753
f 2783 2673 2813
f 2782 2718 2779
f 2814 2751 2843
f 2712 2715 2755
f 2780 2716 2784
f 2780 2717 2781
f 2717 2714 2781
f 2755 2715 2589
f 2782 2754 2718
f 3059 2786 2527
f 2528 2387 2786
f 2619 2905 2757
f 2677 2905 2619
f 2677 2720 2787
f 3061 2789 2654
f 2873 2678 2679
f 2721 2678 2873
f 2758 2723 2680
f 2759 2758 2680
f 2791 2724 2759
f 2681 2560 2725
f 2725 2560 2822
f 2560 2593 2822
f 2561 2797 2593
f 2797 2626 2848
f 2729 2730 2798
f 2628 2683 2827
f 2628 2827 2853
f 2763 2731 2966
f 2765 2854 2684
f 2764 2766 2767
f 2767 2629 2764
f 2735 2831 2734
f 2573 2831 2735
f 2573 2860 2831
f 2832 2698 2768
f 2605 2832 2736
f 2893 2738 2485
f 2739 2893 2485
f 2804 2772 2774
f 2705 2746 2895
f 2642 2708 2702
f 2774 2772 2838
f 2864 2775 2741
f 2741 2775 2742
f 2642 2805 2708
f 2742 2775 2745
f 2835 2750 2701
f 2773 2701 2750
f 2774 2838 2744
f 2806 2748 2776
f 2748 2806 2835
f 2649 2836 2778
f 2708 2867 2707
f 2771 2747 2671
f 2747 2776 2984
f 2835 2806 2750
f 2984 2750 2806
f 2750 2984 2748
f 2776 2748 2984
f 2704 2672 2839
f 2744 2839 2672
f 2814 2706 2609
f 2808 2707 2867
f 2747 2869 2671
f 2814 2609 2751
f 2812 2708 2805
f 2715 2712 2753
f 2901 2780 2781
f 2713 2754 2812
f 2611 2715 2753
f 2780 2784 2714
f 2714 2784 2781
f 2752 2781 2784
f 2197 2160 4521
f 3125 2417 2815
f 2527 2988 3059
f 2757 2816 2719
f 2787 2905 2677
f 2817 2788 2720
f 2874 2679 2622
f 2622 3062 2874
f 2622 2819 3062
f 2723 2845 2657
f 2758 2759 2790
f 2880 2624 2681
f 2725 2794 2681
f 2795 2794 2725
f 2795 2725 2793
f 2761 2725 2823
f 2593 2797 2907
f 2726 3100 2883
f 2728 2798 2848
f 2762 2825 2850
f 2799 2730 2762
f 2966 2854 2765
f 2732 2966 2765
f 2732 2763 2966
f 2800 2767 2829
f 2766 2829 2767
f 2802 2800 2830
f 2801 2636 2831
f 2736 2832 2892
f 2832 2768 2891
f 2892 2737 2736
f 2893 2863 2862
f 2803 2667 2833
f 2834 2833 2667
f 2739 2864 2893
f 2703 2894 2667
f 2701 2769 2835
f 2943 2894 2703
f 2836 2705 2895
f 2770 2776 2700
f 2777 2772 2920
f 2772 2777 2838
f 2703 2778 2836
f 2981 2895 2746
f 2777 2704 2838
f 2839 2838 2704
f 2746 2706 2896
f 2837 2984 2806
f 2945 2810 2777
f 2814 2896 2706
f 2809 2779 2807
f 2779 2645 2898
f 2808 2901 2752
f 2548 2810 2753
f 2813 2671 2841
f 2811 2751 2780
f 2901 2781 2752
f 2842 2812 2754
f 2783 2813 2868
f 2841 2868 2813
f 2841 2671 2869
f 2754 2782 2842
f 2498 2591 2954
f 2719 3009 2756
f 2719 2816 3009
f 3010 2528 2871
f 3010 3061 2654
f 2872 2817 2873
f 2873 2818 2872
f 2679 2874 2873
f 2592 2789 3190
f 2722 2657 2845
f 2723 2758 2906
f 2724 2877 2759
f 2877 2724 2878
f 2792 2820 2724
f 2792 2791 2820
f 2880 2928 2957
f 2928 2880 2681
f 2681 2846 2881
f 2794 2846 2681
f 2796 2793 2725
f 2794 2822 2821
f 2795 2822 2794
f 2795 2847 2822
f 2796 2761 2793
f 2822 2847 2725
f 2761 2823 2793
f 2907 2725 2847
f 2822 2593 2907
f 2725 2907 2823
f 2798 2824 2885
f 2824 2798 2964
f 2798 2730 2964
f 2683 2883 2827
f 2825 2851 2849
f 2684 2851 2825
f 2762 2826 2799
f 2854 2762 2850
f 2854 2826 2762
f 2826 2854 2852
f 2684 2854 2850
f 2828 2910 2731
f 2828 2686 2763
f 2763 2732 2828
f 2802 2859 2891
f 2860 2637 2861
f 2893 2862 2738
f 2803 2833 2894
f 2699 2803 2741
f 2836 2943 2703
f 2837 2776 2835
f 2923 2808 2867
f 2806 2776 2837
f 2838 2897 2744
f 2810 2773 2750
f 2777 2920 2945
f 3051 2981 2746
f 2901 2808 2866
f 2708 2812 2749
f 2747 2984 2952
f 2839 2744 2985
f 2779 2840 2807
f 2779 2898 2840
f 2645 2868 2898
f 2747 2952 2869
f 2809 2782 2779
f 2842 2749 2812
f 2783 2868 2645
f 2952 2951 2869
f 2780 2899 2811
f 2841 2869 2983
f 2843 2811 2900
f 2843 2900 2814
f 2751 2811 2843
f 2782 2844 2842
f 2675 3809 2552
f 2870 2498 3322
f 2591 2652 2954
f 2676 2785 2450
f 2925 3007 2903
f 3009 2904 2756
f 2786 2871 2528
f 2787 2720 2989
f 2720 2788 3090
f 2788 2817 2872
f 2873 2875 2818
f 2872 2818 2875
f 2758 2790 2906
f 2878 2759 2723
f 2877 2723 2759
f 2878 2724 2820
f 2906 2790 2759
f 2791 2879 2820
f 2791 2880 2879
f 2726 2558 3100
f 2821 2822 2846
f 2846 2822 2881
f 2794 2793 2846
f 2882 2846 2793
f 2846 2882 2821
f 2847 2821 2882
f 2821 2847 2794
f 2793 2794 2847
f 2847 2795 2793
f 2847 2882 2907
f 2931 2797 2848
f 2886 2848 2798
f 2798 2885 2886
f 2850 2825 2849
f 2684 2850 2851
f 2764 2853 2856
f 2910 2828 2855
f 2855 2828 2732
f 2887 2800 2858
f 2800 2856 2858
f 2857 2858 2856
f 2858 2857 2829
f 2764 2829 2857
f 2829 2764 2800
f 2856 2800 2764
f 2764 2857 2766
f 2829 2887 2858
f 2829 2766 2887
f 2766 2857 2887
f 2912 2855 2732
f 2732 2801 2912
f 2889 2832 2891
f 2861 2637 2862
f 2916 2862 2863
f 2804 2639 2737
f 2667 2894 2834
f 2893 2864 2894
f 2741 2803 2894
f 2772 2975 2920
f 2836 2977 2943
f 2770 2835 2776
f 2810 2945 2773
f 2838 2839 2897
f 2985 2744 2897
f 2896 3051 2746
f 2923 2866 2808
f 2866 2950 2901
f 2810 2750 2753
f 2749 2982 2708
f 2842 2982 2749
f 2896 2814 2900
f 2901 2899 2780
f 2782 2809 2844
f 3707 2675 2590
f 2499 3124 2676
f 2989 2905 2787
f 2873 2874 2956
f 2819 3063 3062
f 2759 2879 2906
f 2759 2878 2879
f 2878 2820 2879
f 2957 2879 2880
f 2681 2881 2928
f 2793 2881 2882
f 2907 2797 2930
f 2930 2797 2931
f 2848 2886 2933
f 2885 2884 2886
f 2963 2824 2964
f 2799 2826 3016
f 2731 2910 2966
f 2966 2911 2854
f 2856 2887 2857
f 3043 2888 2830
f 2830 2859 2802
f 2801 2831 2912
f 2968 2888 3043
f 2861 2936 2860
f 2892 2888 2968
f 2888 2889 2891
f 2862 2890 2937
f 2916 2890 2862
f 2889 2888 2892
f 2892 2832 2889
f 2862 2938 2861
f 2916 2863 2893
f 2737 2972 2804
f 2894 2941 2893
f 2894 2833 2834
f 2894 2864 2741
f 2917 2895 2865
f 2772 2804 3003
f 2978 2894 2943
f 2977 2836 2895
f 2923 2946 2866
f 2772 3003 2975
f 2976 2942 2921
f 2835 2769 2773
f 2950 2866 2949
f 2950 2923 2901
f 2899 2949 2896
f 2708 2982 2986
f 2899 2896 2900
f 2986 2867 2708
f 2899 2902 2950
f 2947 2902 2901
f 2899 2900 2811
f 2901 2902 2899
f 2498 2954 3322
f 2954 2652 3033
f 2676 3006 2785
f 2925 2785 2987
f 2720 3090 2989
f 2875 2873 2956
f 3063 2819 2722
f 2723 2877 2845
f 2878 2723 3035
f 2877 2878 3035
f 2957 2928 2993
f 2793 2823 3012
f 2881 2822 2882
f 2882 2822 2907
f 2997 2823 2907
f 2997 2908 2823
f 2823 2908 2960
f 2931 2961 2930
f 2884 2885 2931
f 2931 2848 2933
f 2885 2824 2963
f 3015 2827 2883
f 2730 3016 2964
f 3016 2730 2799
f 2849 2851 2850
f 2826 2909 3016
f 2852 2909 2826
f 2852 2911 2909
f 2852 2854 2911
f 2800 3042 2830
f 2800 2887 3042
f 2855 2912 3019
f 2830 2888 2859
f 2888 2891 2859
f 2914 2912 2831
f 2831 2860 2914
f 2916 2937 3072
f 2890 2916 2915
f 3072 2915 2916
f 2915 2862 2937
f 2915 2913 2890
f 2915 2937 2913
f 2937 2916 2913
f 2862 2915 2938
f 2913 2916 2939
f 2737 2892 2972
f 2916 2893 2941
f 2867 3030 2923
f 2979 2980 2919
f 2918 3054 2773
f 2773 2945 2918
f 2865 2895 2981
f 3054 2835 2773
f 3053 2837 2835
f 3054 3053 2835
f 3030 2867 2947
f 2923 2950 2946
f 2923 2947 2901
f 2949 2899 2950
f 2980 2807 2840
f 2844 2982 2842
f 2947 2867 2986
f 2809 2807 3057
f 2898 2953 2840
f 2841 3032 2868
f 2552 3323 2553
f 2553 3124 2499
f 2987 3007 2925
f 2815 2904 3008
f 2872 3092 2788
f 2872 2875 2956
f 2722 2845 3097
f 3065 2990 2876
f 2723 2906 3035
f 2926 2991 2760
f 2994 2958 2928
f 2927 2958 2994
f 2881 2793 2928
f 2994 2928 2793
f 3012 2994 2793
f 2823 2960 2996
f 2907 2930 2996
f 2960 2907 2996
f 2997 2907 2960
f 3100 3101 2883
f 2885 2932 2931
f 2962 2884 2933
f 2933 2884 2931
f 2962 2932 2884
f 2932 2886 2884
f 2963 2886 2932
f 2932 2885 2963
f 2935 2934 2964
f 3016 2935 2964
f 2827 3137 2853
f 2853 3137 2856
f 2910 2998 2965
f 2935 2909 2911
f 2910 2965 2966
f 2966 3019 2911
f 2856 3042 2887
f 2855 3019 2966
f 2912 2914 2969
f 2969 2860 2912
f 2890 2913 3000
f 2940 2969 2914
f 2860 3023 2914
f 2937 2936 2861
f 2936 2937 2890
f 2915 3072 2939
f 2890 2939 3072
f 2939 2890 3000
f 2937 2861 2938
f 2914 3023 2940
f 2916 2941 2939
f 2975 3003 2972
f 2804 2972 3003
f 3047 2942 2976
f 3054 2918 3025
f 2918 2945 3029
f 2917 2865 2981
f 2866 2946 2949
f 2948 2922 2982
f 2837 3053 3031
f 3031 2984 2837
f 2896 3086 3051
f 2896 2949 3086
f 2946 2950 3083
f 3184 2986 2982
f 3032 2898 2868
f 2982 2844 3057
f 2839 2985 2897
f 2983 2869 2951
f 2809 3057 2844
f 3124 3006 2676
f 3125 2815 3187
f 2757 2955 2816
f 2757 2905 2989
f 2788 3092 3090
f 3092 2872 2956
f 3062 3034 2874
f 2876 2592 3065
f 2906 2879 3035
f 2879 2957 3011
f 2957 2993 2958
f 2994 3099 2927
f 3066 2929 2959
f 2959 2929 3067
f 3066 2994 3012
f 2929 3066 3012
f 2823 2996 3012
f 2997 2960 2908
f 2931 2962 2961
f 2931 2932 2962
f 2962 2933 2886
f 2963 2962 2886
f 3017 2909 2935
f 3137 2827 3103
f 3070 2998 2910
f 2855 3070 2910
f 2855 2966 2965
f 2999 3042 2856
f 3043 2830 3042
f 3069 2967 3021
f 3019 2912 3020
f 2968 3043 3166
f 2912 2936 3021
f 2912 2860 2936
f 3072 2936 2890
f 3001 2969 2940
f 2860 2969 3023
f 2939 3074 2915
f 3074 2938 2915
f 2972 2892 3111
f 2941 2894 3140
f 2894 2978 3140
f 3025 2918 3116
f 3047 2921 2942
f 3116 2918 3029
f 2920 2975 3116
f 2977 2895 3002
f 2917 3002 2895
f 3025 3029 3054
f 2977 2978 2943
f 2922 2948 3213
f 3117 2944 3026
f 3029 2920 3116
f 2919 3052 2979
f 2944 3117 3032
f 2980 3087 3052
f 2919 2980 3052
f 3083 2949 2946
f 3030 2947 2923
f 2982 2922 3184
f 2807 2980 2979
f 3215 2944 3032
f 3005 2944 3215
f 2984 3082 2952
f 2924 3087 2898
f 2840 3087 2980
f 2924 2898 3032
f 3057 2948 2982
f 3087 2953 2898
f 2840 2953 3087
f 3032 2841 3149
f 2552 4031 3323
f 3006 2987 2785
f 2417 3258 3033
f 3008 3187 2815
f 3126 3008 2904
f 2816 2955 3009
f 2871 3061 3010
f 2955 2757 2989
f 3097 3063 2722
f 2877 3096 2845
f 2926 2990 2991
f 2992 3011 2957
f 2992 2993 3011
f 2992 2958 2993
f 2957 2927 2992
f 3036 2992 2927
f 2992 3036 2958
f 2927 2957 2958
f 3036 2928 2958
f 2928 3036 2993
f 3099 2994 2995
f 3012 3158 3067
f 2929 3012 3067
f 2996 2930 3038
f 2930 2961 3038
f 3101 3160 2883
f 2962 2963 3014
f 3014 2963 2964
f 2964 2934 3014
f 2827 3015 3103
f 3016 2909 3017
f 3017 2935 3018
f 2998 3231 2965
f 2855 2965 3070
f 2911 2934 2935
f 3137 2999 2856
f 2912 3021 3020
f 2968 3202 2892
f 3023 3075 3001
f 3023 3001 2940
f 2974 3113 2973
f 2972 3116 2975
f 2978 2974 2973
f 2974 2978 2977
f 3213 3184 2922
f 3031 3053 3028
f 2920 3029 3004
f 3026 2944 3005
f 2945 3054 3029
f 2979 3052 2807
f 3032 3117 2924
f 2952 3082 3005
f 2920 3004 2945
f 3086 2949 3120
f 3120 2949 3083
f 3083 2950 2902
f 3005 2951 2952
f 3032 3055 3215
f 2983 3055 2841
f 2951 3005 2983
f 2904 3009 3126
f 2786 3261 2871
f 2989 3189 2955
f 3096 3097 2845
f 2990 3065 2991
f 3096 2877 3035
f 2993 3036 3011
f 3036 2927 3011
f 3066 2995 2994
f 3012 2996 3038
f 3014 2934 3162
f 3016 3018 2935
f 3018 2934 3017
f 2965 3041 3070
f 2999 3138 3042
f 3021 2936 2969
f 3044 2939 3000
f 2939 3044 2913
f 3022 2913 3044
f 2913 3022 3000
f 3023 2969 2936
f 3072 3023 2936
f 3075 2937 2938
f 2892 3107 2970
f 3074 3075 2938
f 2939 2941 3074
f 3111 2892 2970
f 3074 2941 3110
f 2972 3111 3079
f 3110 2941 3046
f 3046 2941 3140
f 3045 3002 3024
f 3047 2976 3080
f 3002 2917 3024
f 3081 3031 3028
f 2917 2981 3024
f 3028 3053 3115
f 3002 3145 2977
f 3117 3026 3215
f 3082 3026 3005
f 3115 3053 3054
f 3119 3215 3026
f 3119 3005 3215
f 3004 3054 2945
f 3083 2902 2947
f 2807 3052 3087
f 2924 3056 3087
f 3146 2948 3057
f 3057 2807 3087
f 3121 3082 2984
f 3121 2984 3031
f 3005 3055 2983
f 2986 3123 2947
f 2675 3707 3809
f 3468 2870 3322
f 2988 2903 3152
f 3126 3009 3154
f 3061 2871 3261
f 3091 3189 2989
f 3190 2789 3061
f 2874 3034 2956
f 3096 3063 3097
f 3065 3227 2991
f 3035 2879 3098
f 2760 3133 2558
f 3037 2959 2995
f 2995 2959 3099
f 3037 3066 2959
f 3158 3066 3037
f 3193 3013 3135
f 3039 3038 2961
f 2961 2962 3039
f 2883 3160 3015
f 3162 2934 3018
f 3016 3162 3018
f 3041 2965 3231
f 2934 3041 3017
f 2934 2911 3041
f 2999 3137 3105
f 3021 3071 3020
f 3021 2969 3235
f 3001 3075 2969
f 2970 3107 3108
f 3139 2971 3205
f 2970 3112 3111
f 2972 3079 3116
f 3141 3046 3140
f 2978 2973 3174
f 3174 2973 3113
f 3027 3078 3026
f 2921 3047 3049
f 3078 3119 3026
f 3027 3026 3082
f 3048 3081 3028
f 2977 3174 2974
f 3048 3028 3115
f 3004 3029 3025
f 3031 3081 3082
f 2976 2921 3049
f 2981 3051 3024
f 3050 3118 3084
f 2924 3117 3088
f 3085 3083 2947
f 3031 3173 3121
f 3085 2947 3122
f 3032 3056 3088
f 3123 3122 2947
f 2841 3055 3149
f 2553 3323 3124
f 3124 3151 3006
f 3151 2987 3006
f 3259 3007 2987
f 3152 2903 3007
f 3008 3058 3187
f 2988 3089 3059
f 3154 3009 2955
f 2989 3090 3091
f 3092 2956 3128
f 3034 3128 2956
f 3034 3156 3128
f 3130 3094 3064
f 3065 3095 3227
f 3096 3035 3098
f 3098 2879 3131
f 2927 3099 3132
f 2995 3066 3159
f 3133 3100 2558
f 3099 3067 3037
f 2959 3067 3099
f 3066 3158 3159
f 3067 3158 3037
f 3012 3038 3158
f 3135 3194 3193
f 3038 3039 3013
f 3068 2962 3014
f 3015 3160 3040
f 3103 3015 3198
f 3014 3162 3068
f 3015 3040 3198
f 3017 3041 3016
f 3104 2998 3070
f 3071 2967 3104
f 3104 2967 3069
f 3105 3042 3138
f 3105 3043 3042
f 3071 3021 2967
f 3022 3044 3000
f 3021 3235 3106
f 3166 3202 2968
f 2969 3075 3235
f 2937 3074 3072
f 3073 3074 3023
f 2937 3075 3023
f 3074 2937 3023
f 3109 3076 3077
f 3073 3235 3075
f 3074 3073 3075
f 2892 3202 3107
f 2970 3172 3112
f 3208 3079 3111
f 3113 2974 3174
f 3174 3140 2978
f 3047 3080 3049
f 3081 3027 3082
f 3004 3025 3115
f 3145 3174 2977
f 3051 3142 3024
f 3049 3142 2976
f 2976 3142 3120
f 3147 3031 3082
f 3147 3082 3148
f 3147 3173 3031
f 3142 3086 3120
f 2948 3146 3213
f 3056 2924 3088
f 3121 3148 3082
f 2986 3184 3122
f 3055 3032 3088
f 3122 3123 2986
f 3056 3032 3149
f 2160 2870 3468
f 2954 3033 3810
f 2786 3059 3089
f 3060 2955 3189
f 3092 3127 3090
f 3091 3090 3127
f 3128 3127 3092
f 3155 3093 3129
f 3034 3062 3094
f 3094 3063 3064
f 3011 2927 3132
f 2991 3133 2760
f 3037 2995 3159
f 3158 3038 3134
f 3135 3013 3039
f 3039 2962 3230
f 2962 3068 3230
f 3101 3197 3160
f 3016 3041 3162
f 3231 3162 3041
f 3104 3231 2998
f 3137 3136 3105
f 3041 3200 3070
f 3104 3070 3071
f 3105 3138 2999
f 3019 3020 3164
f 3164 3020 3071
f 3106 3069 3021
f 3105 3167 3043
f 3167 3166 3043
f 3072 3074 3235
f 3023 3072 3073
f 3073 3072 3235
f 2970 3108 3172
f 3074 3110 3204
f 3079 3208 3112
f 3110 3046 3141
f 3045 3142 3002
f 3142 3045 3024
f 3081 3048 3173
f 3115 3025 3048
f 3050 3084 3143
f 3118 3050 3143
f 3120 3181 2976
f 3181 3080 2976
f 3004 3115 3054
f 3086 3142 3051
f 3085 3183 3118
f 3084 3118 3183
f 3119 3055 3005
f 3182 3057 3087
f 3148 3121 3173
f 3182 3146 3057
f 3083 3218 3120
f 3322 2954 3810
f 2988 3152 3153
f 3153 3089 2988
f 3261 3292 3061
f 3190 3061 3292
f 3093 3191 3129
f 3094 3062 3063
f 3064 3063 3157
f 3157 3130 3064
f 3095 3065 2592
f 3096 3157 3063
f 3096 3098 3157
f 2879 3011 3131
f 3099 3037 3268
f 3158 3134 3193
f 3193 3134 3013
f 3196 3194 3135
f 3102 3196 3135
f 3230 3135 3039
f 3162 3333 3068
f 3103 3198 3161
f 3103 3161 3136
f 3137 3103 3136
f 3041 2911 3200
f 3136 3163 3105
f 2911 3019 3164
f 3200 2911 3164
f 3104 3069 3106
f 3070 3200 3071
f 3163 3167 3105
f 3204 3235 3074
f 3205 2971 3171
f 3110 3141 3140
f 3111 3112 3107
f 3208 3111 3107
f 3076 3109 3206
f 2971 3139 3171
f 3172 3079 3112
f 3172 3171 3079
f 3170 3207 3048
f 3140 3174 3281
f 3027 3144 3078
f 3144 3119 3078
f 3025 3116 3244
f 3114 3145 3002
f 3349 3144 3027
f 3349 3027 3081
f 3147 3081 3173
f 3145 3114 3174
f 3147 3349 3081
f 3217 3117 3215
f 3217 3088 3117
f 3055 3119 3254
f 3215 3055 3254
f 3122 3183 3085
f 3122 3184 3252
f 3179 3087 3056
f 3149 3179 3056
f 3088 3149 3055
f 3151 3124 3393
f 3259 3188 3007
f 3188 3152 3007
f 3397 3152 3188
f 3008 3126 3221
f 3221 3126 3154
f 3154 2955 3222
f 3091 3127 3263
f 3191 3128 3265
f 2592 3190 3095
f 3328 3130 3157
f 3011 3132 3131
f 3159 3268 3037
f 3133 3229 3100
f 3194 3013 3134
f 3013 3195 3038
f 3101 3100 3229
f 3269 3101 3229
f 3197 3101 3269
f 3135 3230 3102
f 3333 3162 3271
f 3136 3273 3163
f 3163 3165 3166
f 3168 3106 3235
f 3077 3238 3109
f 3107 3239 3108
f 3203 3204 3140
f 3204 3110 3140
f 3169 3206 3109
f 3077 3076 3238
f 3112 3239 3107
f 3239 3112 3208
f 3076 3206 3240
f 3048 3207 3209
f 3025 3244 3048
f 3048 3209 3173
f 3210 3174 3114
f 3142 3212 3002
f 3243 3049 3080
f 3142 3049 3243
f 3175 3146 3245
f 3080 3181 3243
f 3119 3144 3254
f 3349 3147 3148
f 3146 3175 3213
f 3146 3182 3245
f 3173 3180 3148
f 3087 3179 3182
f 3251 3179 3149
f 3392 3253 3186
f 2160 3468 4521
f 3151 3356 3259
f 3151 3259 2987
f 3187 3058 3290
f 3152 3397 3153
f 3008 3221 3326
f 2786 3089 3261
f 3223 3091 3263
f 3191 3093 3128
f 3128 3093 3264
f 3129 3191 3226
f 3294 3098 3131
f 3158 3192 3159
f 3193 3192 3158
f 3038 3195 3134
f 3230 3013 3194
f 3196 3230 3194
f 3230 3195 3013
f 3102 3230 3196
f 3230 3068 3369
f 3369 3068 3410
f 3160 3198 3040
f 3160 3197 3198
f 3333 3410 3068
f 3198 3493 3161
f 3232 3297 3231
f 3231 3104 3232
f 3272 3136 3161
f 3272 3273 3136
f 3200 3164 3232
f 3165 3163 3273
f 3201 3071 3200
f 3163 3166 3167
f 3071 3201 3164
f 3233 3166 3165
f 3299 3235 3204
f 3109 3238 3169
f 3205 3172 3139
f 3239 3172 3108
f 3205 3171 3172
f 3140 3281 3203
f 3076 3240 3238
f 3240 3206 3169
f 3079 3171 3346
f 3308 3281 3174
f 3241 3242 3282
f 3079 3346 3116
f 3210 3308 3174
f 3212 3114 3002
f 3173 3209 3176
f 3142 3243 3212
f 3084 3183 3143
f 3211 3217 3315
f 3315 3217 3215
f 3181 3083 3085
f 3245 3182 3286
f 3179 3388 3177
f 3254 3315 3215
f 3216 3244 3247
f 3176 3180 3173
f 3351 3252 3184
f 3213 3351 3184
f 3288 3254 3144
f 3120 3218 3181
f 3181 3218 3083
f 3183 3122 3252
f 3177 3182 3179
f 3288 3219 3254
f 3148 3180 3185
f 3088 3251 3149
f 3253 3321 3186
f 3150 3185 3180
f 3256 3185 3150
f 3220 3186 3185
f 3186 3435 3392
f 3150 3257 3256
f 3397 3188 3396
f 3058 3008 3326
f 3154 3222 3262
f 3222 2955 3060
f 3091 3223 3189
f 3093 3224 3225
f 3263 3225 3224
f 3225 3263 3155
f 3127 3155 3263
f 3155 3127 3093
f 3224 3093 3127
f 3155 3223 3225
f 3225 3264 3093
f 3191 3264 3226
f 3264 3191 3265
f 3130 3267 3094
f 3157 3098 3328
f 3294 3131 3228
f 2991 3227 3364
f 3228 3131 3295
f 3133 2991 3364
f 3099 3268 3132
f 3333 3271 3409
f 3162 3231 3271
f 3270 3199 3413
f 3373 3232 3104
f 3337 3165 3273
f 3106 3376 3104
f 3106 3338 3376
f 3337 3417 3165
f 3417 3233 3165
f 3233 3417 3339
f 3234 3233 3339
f 3166 3233 3298
f 3166 3298 3202
f 3234 3339 3274
f 3274 3236 3234
f 3276 3304 3238
f 3236 3107 3202
f 3208 3107 3236
f 3238 3240 3276
f 3170 3048 3279
f 3171 3345 3346
f 3114 3280 3240
f 3342 3209 3278
f 3209 3207 3279
f 3178 3048 3244
f 3116 3347 3244
f 3211 3246 3217
f 3244 3216 3178
f 3245 3286 3283
f 3181 3085 3118
f 3177 3388 3286
f 3249 3214 3248
f 3249 3254 3214
f 3254 3217 3214
f 3315 3254 3249
f 3388 3179 3251
f 3217 3352 3088
f 3250 3252 3351
f 3176 3391 3180
f 3251 3182 3177
f 3251 3255 3182
f 3185 3321 3148
f 3088 3255 3251
f 3321 3185 3186
f 3185 3256 3220
f 3256 3435 3220
f 3180 3257 3150
f 3809 4031 2552
f 3436 3810 3033
f 3033 3258 3436
f 3258 2417 3125
f 3438 3125 3187
f 3259 3325 3291
f 3290 3058 3260
f 3259 3291 3188
f 3221 3154 3262
f 3223 3400 3189
f 3360 3400 3223
f 3224 3223 3263
f 3224 3226 3223
f 3226 3225 3223
f 3129 3226 3155
f 3127 3128 3224
f 3264 3224 3128
f 3226 3264 3225
f 3128 3156 3265
f 3293 3265 3156
f 3034 3327 3156
f 3156 3327 3293
f 3327 3034 3266
f 3034 3094 3266
f 3098 3294 3328
f 3228 3295 3294
f 3131 3132 3295
f 3229 3133 3364
f 3268 3159 3192
f 3194 3192 3193
f 3404 3331 3405
f 3331 3450 3405
f 3404 3449 3331
f 3366 3195 3230
f 3366 3230 3367
f 3367 3230 3369
f 3408 3197 3269
f 3197 3408 3198
f 3271 3231 3334
f 3297 3334 3231
f 3372 3232 3373
f 3272 3416 3273
f 3232 3201 3297
f 3164 3201 3232
f 3233 3234 3337
f 3298 3233 3337
f 3202 3298 3234
f 3202 3234 3236
f 3299 3168 3235
f 3204 3203 3340
f 3237 3305 3275
f 3281 3303 3203
f 3239 3423 3172
f 3172 3345 3139
f 3240 3169 3281
f 3139 3345 3171
f 3276 3240 3280
f 3279 3207 3170
f 3240 3281 3308
f 3308 3114 3240
f 3116 3346 3347
f 3386 3242 3243
f 3242 3386 3282
f 3279 3048 3178
f 3210 3114 3308
f 3114 3212 3280
f 3315 3313 3211
f 3243 3181 3311
f 3143 3183 3425
f 3245 3283 3175
f 3388 3348 3283
f 3315 3350 3313
f 3349 3350 3144
f 3217 3246 3214
f 3349 3148 3310
f 3388 3283 3286
f 3248 3314 3284
f 3248 3214 3314
f 3214 3246 3314
f 3175 3351 3213
f 3352 3217 3432
f 3249 3285 3284
f 3432 3284 3285
f 3284 3432 3248
f 3217 3248 3432
f 3248 3217 3249
f 3285 3249 3217
f 3284 3314 3249
f 3314 3315 3249
f 3217 3254 3285
f 3286 3287 3177
f 3251 3352 3388
f 3310 3148 3321
f 3287 3251 3177
f 3251 3287 3352
f 3216 3353 3178
f 3287 3182 3255
f 3352 3255 3088
f 3285 3254 3355
f 3254 3219 3355
f 3288 3289 3219
f 3124 3323 3393
f 3151 3437 3356
f 3356 3325 3259
f 3290 3260 3325
f 3325 3260 3291
f 3260 3058 3357
f 3394 3260 3357
f 3221 3440 3326
f 3397 3439 3153
f 3089 3439 3261
f 3153 3439 3089
f 3358 3221 3262
f 3472 3261 3439
f 3223 3155 3360
f 3224 3360 3226
f 3226 3360 3155
f 3264 3265 3474
f 3095 3190 3399
f 3132 3268 3296
f 3195 3194 3134
f 3366 3194 3195
f 3198 3408 3492
f 3199 3497 3413
f 3334 3297 3372
f 3232 3372 3200
f 3372 3297 3201
f 3201 3200 3372
f 3273 3298 3337
f 3338 3106 3168
f 3299 3338 3168
f 3301 3300 3339
f 3419 3301 3339
f 3417 3418 3339
f 3303 3302 3203
f 3239 3236 3274
f 3304 3343 3238
f 3423 3239 3274
f 3239 3208 3236
f 3169 3306 3281
f 3343 3169 3238
f 3345 3172 3423
f 3307 3209 3279
f 3282 3309 3241
f 3178 3387 3279
f 3209 3342 3349
f 3143 3384 3118
f 3209 3389 3176
f 3511 3280 3212
f 3349 3310 3209
f 3209 3310 3389
f 3244 3347 3247
f 3243 3511 3212
f 3181 3312 3311
f 3246 3211 3313
f 3144 3350 3315
f 3389 3391 3176
f 3313 3314 3246
f 3316 3425 3183
f 3285 3314 3432
f 3432 3314 3313
f 3314 3285 3315
f 3431 3288 3144
f 3183 3252 3316
f 3351 3466 3250
f 3433 3317 3182
f 3286 3182 3317
f 3286 3317 3287
f 3431 3434 3288
f 3216 3247 3353
f 3318 3319 3252
f 3287 3255 3352
f 3252 3320 3316
f 3252 3319 3320
f 3287 3433 3182
f 3321 3256 3310
f 3310 3256 3391
f 3256 3321 3435
f 2197 4521 2590
f 3151 3393 3437
f 3324 3325 3356
f 3058 3326 3357
f 3394 3357 3395
f 3221 3358 3440
f 3261 3472 3442
f 3222 3441 3262
f 3261 3442 3292
f 3398 3222 3060
f 3400 3398 3189
f 3292 3399 3190
f 3094 3362 3266
f 3130 3362 3267
f 3130 3328 3362
f 3095 3477 3227
f 3523 3476 3294
f 3294 3476 3328
f 3132 3296 3445
f 3296 3268 3483
f 3329 3566 3330
f 3268 3192 3483
f 3194 3366 3192
f 3269 3407 3408
f 3409 3369 3410
f 3370 3409 3271
f 3271 3334 3370
f 3199 3270 3371
f 3335 3334 3372
f 3371 3497 3199
f 3373 3104 3376
f 3337 3374 3417
f 3298 3454 3234
f 3339 3300 3420
f 3340 3379 3377
f 3340 3203 3302
f 3339 3422 3274
f 3204 3340 3299
f 3341 3275 3305
f 3341 3237 3275
f 3306 3303 3281
f 3237 3381 3305
f 3307 3342 3278
f 3277 3344 3345
f 3276 3280 3343
f 3510 3343 3280
f 3242 3241 3309
f 3507 3385 3384
f 3387 3344 3279
f 3347 3345 3344
f 3346 3345 3347
f 3307 3278 3209
f 3242 3461 3243
f 3347 3344 3387
f 3384 3385 3118
f 3348 3516 3283
f 3425 3384 3143
f 3243 3311 3386
f 3282 3386 3311
f 3385 3181 3118
f 3349 3426 3350
f 3181 3385 3312
f 3466 3424 3250
f 3283 3463 3175
f 3317 3283 3467
f 3283 3317 3463
f 3352 3432 3430
f 3144 3315 3431
f 3431 3315 3285
f 3463 3317 3433
f 3252 3250 3429
f 3317 3467 3287
f 3354 3316 3318
f 3318 3320 3429
f 3354 3429 3320
f 3429 3354 3252
f 3318 3252 3354
f 3429 3319 3318
f 3316 3320 3318
f 3465 3285 3355
f 3253 3392 3321
f 3391 3257 3180
f 3288 3355 3289
f 3391 3256 3257
f 3355 3219 3289
f 3220 3435 3186
f 3325 3324 3290
f 3291 3396 3188
f 3326 3395 3357
f 3060 3189 3398
f 3400 3360 3359
f 3224 3264 3360
f 3474 3360 3264
f 3327 3265 3293
f 3327 3266 3361
f 3094 3267 3362
f 3227 3477 3364
f 3444 3402 3401
f 3403 3295 3132
f 3363 3402 3444
f 3363 3443 3402
f 3132 3445 3403
f 3364 3478 3229
f 3448 3296 3483
f 3229 3478 3486
f 3229 3486 3269
f 3490 3269 3486
f 3269 3490 3407
f 3366 3367 3485
f 3450 3331 3406
f 3331 3449 3406
f 3449 3368 3332
f 3332 3406 3449
f 3368 3369 3332
f 3369 3409 3332
f 3492 3493 3198
f 3334 3495 3370
f 3161 3452 3272
f 3335 3412 3334
f 3497 3371 3415
f 3335 3373 3412
f 3335 3372 3373
f 3338 3497 3415
f 3336 3374 3375
f 3416 3298 3273
f 3375 3500 3336
f 3417 3336 3301
f 3336 3417 3374
f 3301 3336 3500
f 3417 3301 3375
f 3500 3300 3301
f 3338 3299 3539
f 3302 3378 3504
f 3302 3504 3340
f 3420 3422 3339
f 3299 3340 3381
f 3505 3380 3418
f 3302 3303 3457
f 3274 3422 3423
f 3299 3341 3305
f 3277 3345 3422
f 3381 3237 3341
f 3340 3303 3306
f 3304 3276 3343
f 3423 3422 3345
f 3383 3279 3344
f 3461 3242 3309
f 3347 3387 3247
f 3282 3311 3309
f 3250 3424 3425
f 3424 3466 3513
f 3285 3313 3431
f 3389 3310 3391
f 3429 3425 3316
f 3387 3178 3353
f 3319 3429 3316
f 3316 3354 3319
f 3320 3319 3354
f 3288 3434 3355
f 3435 3321 3392
f 3393 3323 3616
f 3125 3438 3258
f 3356 3437 3324
f 3290 3998 3187
f 3291 3260 3394
f 3469 3549 3291
f 3549 3396 3291
f 3439 3397 3396
f 3326 3440 3470
f 3262 3441 3358
f 3222 3398 3441
f 3265 3327 3474
f 3476 3362 3328
f 3595 3524 3401
f 3524 3443 3401
f 3443 3444 3401
f 3477 3478 3364
f 3596 3444 3443
f 3443 3363 3596
f 3596 3363 3365
f 3445 3526 3403
f 3296 3447 3445
f 3192 3366 3485
f 3485 3483 3192
f 3450 3368 3449
f 3449 3530 3450
f 3369 3531 3367
f 3450 3406 3368
f 3531 3369 3368
f 3332 3532 3406
f 3332 3409 3491
f 3451 3491 3411
f 3410 3333 3409
f 3535 3334 3533
f 3334 3535 3495
f 3334 3412 3533
f 3371 3270 3413
f 3453 3272 3496
f 3606 3413 3497
f 3373 3414 3412
f 3374 3453 3572
f 3414 3373 3376
f 3572 3375 3374
f 3416 3453 3374
f 3416 3454 3298
f 3374 3454 3416
f 3374 3337 3454
f 3419 3500 3375
f 3301 3419 3375
f 3234 3454 3337
f 3539 3299 3377
f 3339 3418 3419
f 3504 3379 3340
f 3420 3573 3422
f 3302 3457 3378
f 3455 3418 3380
f 3305 3377 3299
f 3508 3344 3277
f 3299 3381 3341
f 3303 3340 3506
f 3303 3506 3457
f 3277 3422 3508
f 3343 3509 3169
f 3169 3509 3306
f 3507 3384 3456
f 3578 3511 3458
f 3458 3511 3461
f 3459 3456 3384
f 3279 3462 3307
f 3510 3280 3511
f 3243 3461 3511
f 3424 3384 3425
f 3348 3388 3615
f 3342 3426 3349
f 3428 3426 3342
f 3428 3342 3514
f 3390 3428 3514
f 3548 3426 3428
f 3311 3385 3309
f 3283 3516 3467
f 3175 3463 3466
f 3313 3350 3431
f 3175 3466 3351
f 3427 3388 3352
f 3430 3427 3352
f 3390 3548 3428
f 3432 3465 3430
f 3465 3432 3313
f 3313 3285 3465
f 3355 3434 3465
f 3998 3438 3187
f 3291 3394 3469
f 3549 3469 3587
f 3470 3395 3326
f 3395 3471 3552
f 3439 3518 3472
f 3358 3441 3519
f 3441 3398 3520
f 3400 3473 3398
f 3442 3399 3292
f 3400 3359 3593
f 3526 3596 3365
f 3445 3448 3526
f 3445 3447 3446
f 3566 3329 3480
f 3296 3448 3447
f 3478 3484 3486
f 3404 3405 3450
f 3449 3488 3530
f 3490 3601 3407
f 3368 3406 3531
f 3408 3407 3603
f 3408 3603 3764
f 3491 3532 3332
f 3491 3409 3370
f 3411 3494 3451
f 3161 3493 3452
f 3411 3533 3684
f 3272 3534 3496
f 3272 3452 3534
f 3606 3371 3413
f 3499 3453 3496
f 3272 3453 3416
f 3497 3338 3632
f 3536 3338 3415
f 3536 3376 3338
f 3572 3417 3375
f 3500 3634 3300
f 3572 3418 3417
f 3634 3503 3300
f 3420 3300 3503
f 3503 3419 3420
f 3420 3419 3418
f 3418 3636 3420
f 3377 3305 3381
f 3381 3340 3306
f 3457 3506 3306
f 3659 3457 3509
f 3457 3306 3509
f 3510 3509 3343
f 3382 3611 3421
f 3342 3307 3581
f 3507 3459 3385
f 3385 3459 3545
f 3462 3279 3383
f 3348 3615 3516
f 3309 3584 3461
f 3424 3513 3515
f 3702 3461 3584
f 3513 3250 3425
f 3513 3429 3250
f 3350 3464 3431
f 3548 3390 3514
f 3312 3385 3311
f 3466 3583 3513
f 3464 3430 3465
f 3431 3464 3465
f 3434 3431 3465
f 3387 3353 3247
f 3998 3290 3324
f 3439 3396 3518
f 3471 3395 3470
f 3520 3519 3441
f 3473 3400 3520
f 3520 3400 3593
f 3558 3475 3474
f 3522 3474 3475
f 3474 3327 3558
f 3558 3361 3475
f 3362 3476 3719
f 3595 3561 3524
f 3294 3403 3561
f 3294 3295 3403
f 3524 3561 3403
f 3402 3443 3525
f 3524 3403 3525
f 3524 3525 3443
f 3478 3477 3562
f 3444 3525 3363
f 3363 3525 3365
f 3596 3525 3444
f 3365 3525 3526
f 3445 3446 3479
f 3479 3448 3445
f 3447 3481 3446
f 3447 3482 3481
f 3447 3448 3479
f 3329 3330 3480
f 3448 3483 3566
f 3486 3487 3490
f 3488 3449 3404
f 3404 3450 3530
f 3367 3489 3485
f 3367 3531 3489
f 3492 3408 3764
f 3491 3370 3411
f 3370 3533 3411
f 3570 3370 3495
f 3411 3684 3494
f 3605 3535 3412
f 3412 3414 3605
f 3415 3371 3537
f 3538 3453 3499
f 3497 3632 3498
f 3536 3414 3376
f 3632 3338 3539
f 3572 3501 3418
f 3379 3502 3377
f 3503 3740 3419
f 3740 3503 3573
f 3505 3418 3501
f 3636 3573 3420
f 3418 3455 3636
f 3455 3501 3636
f 3504 3378 3457
f 3377 3381 3506
f 3377 3506 3340
f 3455 3380 3505
f 3506 3381 3306
f 3382 3421 3542
f 3422 3573 3641
f 3383 3344 3508
f 3421 3611 3542
f 3458 3461 3665
f 3512 3460 3579
f 3307 3547 3581
f 3384 3515 3459
f 3384 3424 3515
f 3583 3669 3543
f 3579 3460 3350
f 3512 3464 3460
f 3462 3547 3307
f 3350 3460 3464
f 3427 3615 3388
f 3548 3581 3426
f 3425 3515 3513
f 3425 3429 3515
f 3583 3429 3513
f 3463 3669 3466
f 3516 3463 3467
f 3467 3433 3287
f 4448 3322 3810
f 3395 3550 3394
f 3549 3518 3396
f 3549 3551 3518
f 3395 3552 3550
f 3440 3471 3470
f 3440 3358 3553
f 3553 3358 3555
f 3519 3555 3358
f 3518 3554 3472
f 3591 3555 3519
f 3442 3472 3592
f 3557 3520 3623
f 3399 3442 3592
f 3360 3624 3359
f 3593 3521 3594
f 3360 3474 3624
f 3522 3624 3474
f 3625 3475 3361
f 3715 3095 3399
f 3266 3362 3361
f 3095 3715 3477
f 3476 3523 3561
f 3294 3561 3523
f 3525 3401 3402
f 3403 3526 3525
f 3562 3722 3478
f 3478 3722 3484
f 3448 3480 3526
f 3479 3446 3527
f 3480 3448 3566
f 3565 3446 3481
f 3481 3527 3565
f 3563 3565 3527
f 3565 3563 3482
f 3479 3482 3563
f 3482 3479 3481
f 3527 3481 3479
f 3479 3564 3447
f 3564 3482 3447
f 3566 3483 3724
f 3484 3528 3486
f 3486 3529 3487
f 3486 3528 3529
f 3529 3601 3487
f 3487 3528 3490
f 3487 3601 3528
f 3528 3600 3490
f 3407 3601 3603
f 3602 3531 3406
f 3532 3602 3406
f 3491 3451 3532
f 3451 3494 3532
f 3533 3370 3570
f 3533 3570 3631
f 3533 3631 3535
f 3684 3535 3631
f 3535 3684 3412
f 3533 3412 3684
f 3631 3605 3414
f 3534 3538 3496
f 3371 3604 3537
f 3497 3498 3606
f 3538 3572 3453
f 3537 3536 3415
f 3633 3540 3779
f 3503 3634 3635
f 3455 3505 3501
f 3509 3578 3609
f 3459 3507 3456
f 3541 3574 3608
f 3383 3508 3613
f 3422 3641 3508
f 3458 3610 3578
f 3383 3542 3462
f 3577 3542 3383
f 3542 3611 3462
f 3613 3697 3383
f 3511 3578 3510
f 3665 3461 3702
f 3545 3459 3515
f 3350 3426 3579
f 3546 3580 3426
f 3309 3582 3584
f 3543 3544 3583
f 3516 3615 3706
f 3463 3516 3706
f 3581 3514 3342
f 3430 3615 3427
f 3581 3548 3514
f 3515 3429 3583
f 3706 3669 3463
f 3433 3467 3463
f 3430 3464 3585
f 3323 3917 3616
f 3587 3469 3517
f 3517 3469 3617
f 3551 3549 3587
f 3517 3589 3587
f 3618 3550 3552
f 3471 3440 3553
f 3552 3471 3588
f 3471 3553 3590
f 3552 3588 3618
f 3551 3554 3518
f 3555 3590 3553
f 3472 3554 3592
f 3591 3647 3555
f 3591 3519 3557
f 3557 3519 3520
f 3398 3473 3520
f 3520 3593 3623
f 3624 3593 3359
f 3624 3521 3593
f 3327 3361 3558
f 3719 3625 3362
f 3560 3476 3561
f 3560 3561 3595
f 3525 3596 3628
f 3527 3564 3563
f 3527 3446 3564
f 3446 3565 3564
f 3564 3479 3563
f 3480 3330 3597
f 3482 3564 3565
f 3599 3724 3483
f 3485 3599 3483
f 3485 3567 3599
f 3567 3404 3729
f 3729 3404 3530
f 3568 3529 3528
f 3568 3528 3601
f 3404 3567 3488
f 3729 3530 3488
f 3489 3569 3488
f 3683 3532 3494
f 3492 3652 3493
f 3534 3493 3652
f 3534 3452 3493
f 3535 3605 3495
f 3604 3371 3606
f 3496 3770 3499
f 3536 3631 3414
f 3501 3572 3655
f 3377 3502 3539
f 3500 3419 3634
f 3540 3637 3779
f 3504 3502 3379
f 3740 3573 3636
f 3382 3542 3661
f 3573 3663 3641
f 3611 3382 3661
f 3509 3510 3578
f 3458 3665 3610
f 3426 3580 3579
f 3546 3426 3581
f 3703 3515 3544
f 3464 3512 3579
f 3582 3309 3385
f 3545 3515 3703
f 3385 3670 3582
f 3583 3544 3515
f 3585 3464 3586
f 3583 3466 3669
f 3617 3394 3550
f 3617 3550 3589
f 3589 3550 3618
f 3517 3617 3589
f 3551 3587 3589
f 3618 3556 3589
f 3551 3589 3554
f 3647 3590 3555
f 3399 3592 3715
f 3594 3521 3713
f 3559 3673 3717
f 3361 3362 3625
f 3719 3476 3560
f 3401 3525 3595
f 3562 3477 3675
f 3480 3596 3526
f 3679 3762 3629
f 3598 3724 3567
f 3529 3568 3727
f 3568 3600 3727
f 3488 3485 3489
f 3651 3729 3488
f 3568 3601 3490
f 3489 3531 3602
f 3602 3569 3489
f 3797 3603 3601
f 3492 3764 3652
f 3494 3571 3767
f 3684 3604 3494
f 3571 3494 3604
f 3604 3685 3571
f 3606 3685 3604
f 3496 3630 3770
f 3653 3496 3538
f 3537 3737 3536
f 3687 3572 3538
f 3419 3740 3634
f 3502 3504 3607
f 3504 3457 3637
f 3503 3635 3573
f 3659 3509 3609
f 3573 3692 3695
f 3638 3608 3574
f 3640 3576 3575
f 3580 3546 3612
f 3641 3613 3508
f 3642 3462 3611
f 3614 3643 3582
f 3643 3584 3582
f 3586 3464 3579
f 3670 3385 3545
f 3430 3585 3615
f 3394 3617 3469
f 3471 3590 3644
f 3644 3588 3471
f 3590 3647 3644
f 3644 3709 3588
f 3589 3556 3554
f 3618 3588 3556
f 3619 3647 3591
f 3645 3557 3622
f 3645 3591 3557
f 3620 3645 3619
f 3620 3591 3645
f 3591 3621 3619
f 3619 3621 3620
f 3623 3622 3557
f 3623 3593 3594
f 3624 3713 3521
f 3673 3522 3475
f 3559 3717 3846
f 3715 3675 3477
f 3595 3721 3560
f 3595 3525 3649
f 3525 3628 3649
f 3562 3675 3678
f 3596 3480 3628
f 3629 3726 3679
f 3598 3567 3729
f 3724 3599 3567
f 3485 3488 3567
f 3529 3727 3601
f 3600 3568 3490
f 3730 3651 3488
f 3683 3602 3532
f 3652 3764 3734
f 3734 3534 3652
f 3630 3534 3734
f 3684 3767 3604
f 3605 3570 3495
f 3570 3605 3631
f 3534 3630 3653
f 3604 3736 3498
f 3630 3496 3653
f 3537 3604 3498
f 3606 3498 3654
f 3685 3606 3654
f 3538 3499 3653
f 3653 3499 3687
f 3737 3537 3632
f 3537 3498 3632
f 3499 3770 3687
f 3690 3637 3540
f 3633 3779 3830
f 3502 3739 3539
f 3607 3504 3831
f 3638 3691 3658
f 3658 3541 3638
f 3638 3541 3608
f 3573 3635 3692
f 3541 3658 3574
f 3659 3609 3779
f 3576 3660 3575
f 3542 3662 3661
f 3573 3695 3663
f 3662 3542 3577
f 3661 3642 3611
f 3577 3383 3697
f 3580 3612 3874
f 3545 3694 3701
f 3546 3581 3612
f 3614 3582 3754
f 3543 3664 3544
f 3642 3581 3704
f 3668 3545 3701
f 3669 3664 3543
f 3706 3615 3666
f 3586 3579 3580
f 3545 3753 3670
f 3393 4250 3437
f 3709 3556 3588
f 3645 3646 3619
f 3620 3622 3591
f 3620 3646 3622
f 3646 3645 3622
f 3621 3646 3620
f 3621 3671 3646
f 3671 3619 3646
f 3647 3619 3671
f 3709 3644 3647
f 3556 3709 3710
f 3622 3621 3591
f 3621 3622 3671
f 3622 3623 3671
f 3554 3556 3710
f 3592 3554 3710
f 3592 3710 3648
f 3708 3623 3712
f 3718 3592 3648
f 3623 3594 3711
f 3715 3592 3718
f 3713 3624 3672
f 3624 3522 3788
f 3920 3789 3627
f 3846 3673 3559
f 3721 3719 3560
f 3676 3595 3649
f 3562 3678 3795
f 3761 3722 3562
f 3680 3330 3566
f 3762 3598 3729
f 3727 3600 3528
f 3651 3681 3729
f 3569 3682 3488
f 3682 3730 3488
f 3797 3601 3727
f 3650 3681 3651
f 3602 3682 3569
f 3603 3797 3764
f 3494 3767 3683
f 3685 3767 3571
f 3767 3736 3604
f 3736 3684 3631
f 3736 3631 3498
f 3538 3534 3686
f 3536 3772 3631
f 3536 3737 3772
f 3772 3737 3632
f 3655 3687 3770
f 3539 3654 3632
f 3689 3655 3770
f 3739 3654 3539
f 3738 3540 3776
f 3572 3687 3655
f 3540 3633 3776
f 3738 3690 3540
f 3776 3633 3690
f 3633 3830 3690
f 3690 3830 3637
f 3501 3655 3740
f 3780 3740 3636
f 3657 3780 3636
f 3574 3691 3638
f 3743 3692 3778
f 3637 3457 3659
f 3869 3609 3578
f 3576 3640 3660
f 3575 3660 3666
f 3575 3666 3640
f 3661 3746 3642
f 3610 3696 3578
f 3614 3875 3643
f 3839 3664 3750
f 3746 3612 3581
f 3581 3642 3746
f 3639 3703 3913
f 3640 3666 3699
f 3639 3749 3703
f 3874 3586 3580
f 3703 3749 3545
f 3615 3699 3666
f 3642 3547 3462
f 3754 3582 3701
f 3664 3703 3544
f 3666 3667 3706
f 3668 3701 3582
f 3668 3582 3670
f 3585 3699 3615
f 3545 3668 3753
f 3581 3547 3704
f 3705 3669 3706
f 3616 4250 3393
f 3755 3647 3784
f 3648 3710 3756
f 3713 3623 3711
f 3713 3712 3623
f 3714 3710 3709
f 3788 3672 3624
f 3522 3673 3788
f 3626 3674 3757
f 3717 3625 3719
f 3719 3846 3717
f 3845 3674 3626
f 3719 3721 3848
f 3721 3595 3676
f 3723 3484 3722
f 3597 3330 3680
f 3724 3680 3566
f 3598 3762 3724
f 3629 3762 3725
f 3484 3723 3528
f 3728 3681 3650
f 3651 3730 3650
f 3932 3602 3683
f 3684 3769 3767
f 3686 3534 3653
f 3498 3631 3772
f 3653 3687 3686
f 3686 3687 3538
f 3502 3607 3739
f 3829 3741 3777
f 3689 3740 3655
f 3775 3637 3830
f 3501 3740 3780
f 3504 3865 3831
f 3504 3637 3865
f 3659 3779 3637
f 3609 3869 3779
f 3691 3574 3947
f 3574 3781 3947
f 3869 3578 3696
f 3781 3574 3658
f 3746 3661 3656
f 3743 3695 3692
f 3692 3635 3577
f 3692 3577 3742
f 3838 3875 3694
f 3873 3660 3640
f 3873 3640 3699
f 3697 3782 3577
f 3782 3697 3613
f 3782 3613 3641
f 3665 3643 3807
f 3666 3660 3783
f 3838 3694 3749
f 3694 3875 3614
f 3698 3694 3545
f 3749 3751 3545
f 3698 3545 3751
f 3664 3700 3750
f 3614 3701 3694
f 3701 3614 3698
f 3751 3701 3698
f 3783 3667 3666
f 3643 3665 3702
f 3584 3643 3702
f 3751 3754 3701
f 3667 3808 3706
f 3751 3668 3754
f 3751 3753 3668
f 3664 3669 3700
f 3705 3700 3669
f 3586 3699 3585
f 3258 3438 4431
f 4102 3437 4250
f 3437 4102 3324
f 3324 4102 3998
f 3671 3623 3708
f 3671 3708 3647
f 3709 3647 3755
f 3757 3718 3648
f 3673 3475 3625
f 3718 3757 3790
f 3715 3718 3790
f 3673 3625 3717
f 3757 3674 3790
f 3715 3790 3675
f 3758 3627 3789
f 3719 3720 3846
f 3884 3789 3814
f 3852 3677 3794
f 3791 3649 3628
f 3759 3628 3760
f 3760 3628 3480
f 3724 3762 3763
f 3762 3726 3763
f 3629 3855 3726
f 3629 3725 3855
f 3796 3528 3723
f 3528 3796 3727
f 3798 3733 3857
f 3734 3820 3766
f 3734 3766 3768
f 3800 3734 3768
f 3800 3630 3734
f 3684 3736 3769
f 3685 3736 3767
f 3770 3630 3735
f 3498 3772 3654
f 3685 3654 3861
f 3654 3825 3861
f 3688 3826 3940
f 3632 3654 3772
f 3775 3738 3825
f 3738 3775 3690
f 3501 3657 3636
f 3692 3742 3778
f 3635 3744 3577
f 3662 3577 3744
f 3577 3695 3742
f 3695 3743 3742
f 3656 3661 3662
f 3656 3662 3744
f 3695 3577 3782
f 3695 3747 3663
f 3782 3663 3747
f 3663 3782 3745
f 3641 3745 3782
f 3745 3641 3695
f 3747 3695 3641
f 3641 3748 3747
f 3663 3748 3641
f 3643 3875 3807
f 3698 3749 3694
f 3913 3749 3639
f 3698 3614 3752
f 3698 3752 3749
f 3614 3754 3752
f 3752 3754 3753
f 3703 3664 3915
f 3547 3642 3704
f 3754 3668 3670
f 3753 3754 3670
f 3700 3705 3706
f 3707 4552 3809
f 3468 3322 4448
f 4448 3810 4535
f 3323 4031 3917
f 3647 3708 3784
f 3784 3708 3712
f 3714 3709 3755
f 3594 3713 3711
f 3710 3714 3812
f 3786 3712 3878
f 3716 3757 3648
f 3787 3813 3785
f 3920 3788 3789
f 3626 3757 3716
f 3846 3847 3673
f 3716 3845 3626
f 3814 3789 3847
f 3720 3816 3846
f 3720 3848 3721
f 3720 3721 3816
f 3675 3790 3923
f 3675 3923 3850
f 3675 3850 3678
f 3886 3849 3677
f 3791 3676 3649
f 3795 3761 3562
f 3760 3480 3597
f 3817 3722 3761
f 3762 3679 3726
f 3680 3724 3974
f 3727 3796 3819
f 3729 3681 3730
f 3857 3733 3731
f 3932 3979 3732
f 3602 3932 3732
f 3764 3820 3734
f 3767 3765 3933
f 3683 3767 3933
f 3931 3768 3766
f 3685 3935 3736
f 3685 3861 3823
f 3685 3823 3935
f 3735 3802 3770
f 3771 3827 3773
f 3770 3802 3689
f 3738 3940 3825
f 3738 3688 3940
f 3776 3688 3738
f 3776 3690 3828
f 3690 3775 3828
f 3744 3635 3634
f 3501 3780 3778
f 3691 3901 3658
f 3657 3501 3778
f 3743 3778 3780
f 3836 3658 3901
f 3656 3912 3746
f 3868 3912 3656
f 3743 3806 3742
f 3781 3658 3836
f 3869 3696 3836
f 3806 3743 3745
f 3745 3743 3780
f 3806 3745 3695
f 3745 3780 3663
f 3839 3950 3664
f 3782 3747 3748
f 3782 3748 3806
f 3782 3806 3695
f 3610 3665 3807
f 3912 3994 3746
f 3752 3751 3749
f 3703 3915 3913
f 3750 3667 3783
f 3752 3753 3751
f 3712 3786 3784
f 3755 3784 3811
f 3755 3811 3714
f 3712 3713 3785
f 3712 3785 3878
f 3672 3785 3713
f 3787 3785 3920
f 3672 3788 3920
f 3627 3758 3920
f 3788 3673 3847
f 3720 3719 3848
f 3674 3815 3790
f 3791 3849 3816
f 3794 3849 3791
f 3849 3794 3677
f 3793 3850 3792
f 3677 3852 3851
f 3722 3817 3723
f 3680 3890 3597
f 3890 3680 3763
f 3763 3725 3890
f 3724 3763 3853
f 3763 3726 3725
f 3724 3853 3974
f 3726 3818 3725
f 3855 3818 3726
f 3853 3725 3762
f 3762 3729 3853
f 3854 3796 3723
f 3728 3730 3681
f 3727 3819 3856
f 3602 3732 3682
f 3650 3730 3728
f 3797 3820 3764
f 3932 3933 3765
f 3801 3765 3767
f 3800 3768 3820
f 3768 3821 3820
f 3630 3800 3822
f 3769 3897 3767
f 3735 3630 3822
f 3898 3771 3773
f 3654 3739 3825
f 3688 3776 3826
f 3774 3804 3827
f 3863 3829 3777
f 3740 3689 3833
f 3775 3830 3828
f 3634 3740 3804
f 3866 3804 3740
f 3607 3831 3900
f 3867 3777 3741
f 3901 3691 3947
f 3868 3656 3744
f 3778 3742 3806
f 3805 3693 3906
f 3995 3947 3781
f 3835 3949 3837
f 3780 3806 3663
f 3806 3748 3663
f 3950 3956 3664
f 3612 3805 3874
f 3610 3836 3696
f 3699 3874 3873
f 3838 3749 3957
f 3746 3994 3612
f 3586 3874 3699
f 3700 3706 3808
f 3436 3258 4431
f 3710 3812 3756
f 3784 3786 3880
f 3648 3756 3716
f 3812 3714 3811
f 3786 3878 3880
f 3841 3785 3813
f 3789 3788 3847
f 3721 3676 3816
f 3816 3676 3791
f 3850 3923 3792
f 3791 3759 3794
f 3795 3678 4005
f 3791 3628 3759
f 3794 3851 3852
f 3888 3760 3597
f 3597 3890 3888
f 3680 3974 3763
f 3855 3891 3818
f 3727 3856 3797
f 3731 3893 3857
f 3682 3894 3730
f 3682 3732 3979
f 3765 3801 3858
f 3820 3821 3766
f 3766 3821 3931
f 3771 3898 3827
f 3826 3776 3940
f 3773 3942 3898
f 3940 3776 3828
f 3803 3804 3774
f 3804 3689 3773
f 3607 3900 3739
f 3634 3804 3803
f 3864 3689 3804
f 3637 3775 3900
f 3637 3900 3865
f 3945 3864 3804
f 3804 3866 3945
f 3866 3740 3833
f 3744 3634 3945
f 3657 3778 3806
f 3836 3901 3869
f 3805 3907 3693
f 3780 3657 3806
f 3779 3869 3948
f 3995 3904 3947
f 3612 3907 3805
f 3903 3912 3868
f 3781 3807 3995
f 3949 3871 3837
f 3912 3903 3908
f 3807 3836 3610
f 3902 3950 3839
f 3875 3838 3909
f 3995 3807 3875
f 3956 3915 3664
f 3839 3750 3783
f 3955 3839 3783
f 3873 3958 3660
f 4025 3612 3994
f 3914 3783 3660
f 3876 3660 3958
f 3914 3667 3750
f 3811 3784 3880
f 3812 3811 3919
f 3878 3785 3842
f 3813 3842 3841
f 3960 3841 3842
f 3841 3960 3787
f 3878 3787 3960
f 3787 3878 3813
f 3842 3813 3878
f 3920 3785 3672
f 3846 3885 3847
f 3846 3816 3885
f 3815 3674 4000
f 3790 3815 4033
f 3885 3816 4062
f 4062 3816 3849
f 3850 3793 3887
f 3678 3850 3887
f 3678 3887 4005
f 3886 3677 3851
f 3888 3890 3818
f 3971 3723 3817
f 3854 3723 3971
f 3890 3725 3972
f 3763 3974 3972
f 3763 3972 3853
f 3891 3855 3973
f 3853 3972 3725
f 3725 4010 3855
f 3730 3858 4010
f 3820 3797 3856
f 3894 3682 3979
f 3765 3858 3894
f 4121 3799 3895
f 3820 3859 3800
f 3821 3800 3859
f 3683 3933 3932
f 3800 3821 3822
f 3767 3897 3801
f 3934 3768 3931
f 3934 3821 3768
f 3769 3736 3897
f 3822 3934 3735
f 3860 3823 3861
f 3736 3935 3824
f 3736 3824 3897
f 3861 3937 3824
f 3804 3773 3827
f 3802 3773 3689
f 3829 3863 3899
f 3803 3864 3634
f 3634 3864 3945
f 3830 3832 3828
f 3741 3829 3867
f 3899 3867 3829
f 3865 3900 3831
f 3832 3830 3901
f 3830 3779 3948
f 3948 3869 3901
f 3902 3871 3949
f 3868 3990 3903
f 3912 3908 3870
f 3836 3807 3954
f 3950 3913 3910
f 3902 3839 3871
f 3994 3912 3870
f 3950 3910 3956
f 3872 3835 3837
f 3873 3874 3911
f 3749 3913 3957
f 3955 3783 3914
f 3660 3876 3914
f 3914 3750 3877
f 3876 3667 3914
f 3808 3667 3876
f 3958 3916 3876
f 3700 3877 3750
f 3700 3808 3877
f 4521 3468 3840
f 3880 4103 3811
f 3785 3841 3918
f 3785 3918 3842
f 3811 4103 3919
f 3842 3918 3960
f 3918 3841 3787
f 3787 3881 3918
f 3758 3789 3965
f 3884 3965 3789
f 3844 3843 3882
f 3885 3883 3847
f 3964 3882 3843
f 3847 3883 3884
f 3922 3845 3716
f 3883 3885 3814
f 3814 4059 3883
f 3814 4001 3884
f 4059 3884 4001
f 3884 4059 3847
f 3814 3847 4059
f 3674 3845 4000
f 3814 3885 4001
f 3886 3851 3849
f 3792 3923 3887
f 3887 3793 3792
f 3888 4110 3760
f 3888 3818 4066
f 3818 4010 3725
f 3973 3855 4009
f 3926 3974 3853
f 3855 4010 4009
f 3853 3729 3730
f 3856 3819 3796
f 4010 3858 4071
f 3731 3892 3893
f 3858 3730 3894
f 4012 4039 4041
f 3857 4073 3798
f 3894 3979 3932
f 3894 3932 3765
f 3931 3820 3928
f 3930 3895 3799
f 3820 3931 3859
f 3859 3931 3821
f 3801 3896 3858
f 3821 3934 3822
f 3935 3823 4078
f 3935 4078 3861
f 3861 3824 3935
f 3940 3939 3825
f 3938 3803 3774
f 3825 3739 3775
f 3775 3739 3900
f 3864 3833 3689
f 3777 3867 4191
f 3833 3864 3866
f 3989 3834 3992
f 3830 3948 3901
f 3834 3989 4022
f 3906 3693 3907
f 3834 3909 3992
f 3906 3907 3953
f 3781 3836 3904
f 3781 3904 3807
f 3906 3953 3805
f 3908 3990 3868
f 3870 3908 3868
f 3913 3950 3952
f 3805 3953 3874
f 3908 3903 3907
f 3956 3910 4024
f 3871 3955 3837
f 3871 3996 3956
f 3996 3871 3839
f 3839 3955 3996
f 3612 4025 4056
f 3808 3876 3877
f 3880 3878 3960
f 3756 3879 3716
f 3960 3918 3881
f 3880 3961 4103
f 3920 3881 3787
f 3921 3961 3880
f 3883 4059 3965
f 3965 3884 3883
f 4001 3885 4062
f 3923 4063 3887
f 3968 3924 3969
f 3968 3969 4003
f 3970 3794 3759
f 3794 3970 3851
f 4113 3795 4005
f 4110 3970 3759
f 3759 3760 4110
f 4110 4111 3925
f 4143 4007 4175
f 3818 3890 3889
f 3818 3889 4010
f 3853 4010 3926
f 4069 3796 3854
f 3929 3796 4069
f 3856 3796 3929
f 4010 4071 4070
f 3731 3733 3892
f 3893 4073 3857
f 3798 3892 3733
f 3856 3928 3820
f 3892 3798 4073
f 3930 4121 3895
f 4014 3858 3896
f 3735 3934 4044
f 3802 3735 4044
f 3824 3937 3897
f 3937 3861 3825
f 3825 3939 3937
f 3983 4016 3982
f 3862 3982 4016
f 3938 3827 3898
f 3827 3938 3774
f 3942 3802 4044
f 3802 3942 3773
f 3777 4191 4017
f 3803 3866 3864
f 3832 3987 3828
f 3866 3803 3945
f 3946 3944 3986
f 3991 4191 3867
f 3899 3990 3867
f 3947 4019 3901
f 3744 4192 4094
f 3868 3744 4094
f 3836 3947 3904
f 3834 4022 3904
f 3902 3949 4217
f 3990 4021 3903
f 3868 4094 3870
f 3836 3954 3951
f 3834 3904 3909
f 3950 3902 3905
f 3990 3908 4023
f 3904 3995 3909
f 3905 4024 3950
f 3994 4023 3908
f 3905 3956 4024
f 3871 3956 3905
f 3905 3955 3871
f 3957 3913 4055
f 3905 3996 3955
f 3955 3872 3837
f 3612 4056 3907
f 3957 3909 3838
f 3915 3956 3996
f 3872 4026 3959
f 4026 3955 3914
f 3959 4026 3876
f 3997 3910 3913
f 4026 3914 3877
f 3877 3876 4026
f 3958 4100 3916
f 3915 3997 3913
f 3959 3876 3916
f 3881 3921 3960
f 3920 3758 4032
f 3881 3999 3921
f 3844 3962 3961
f 3962 3844 3882
f 3843 3962 3964
f 3964 3962 4058
f 4033 3815 4000
f 3967 4109 3966
f 4066 4110 3888
f 3818 3891 4066
f 4010 3853 3730
f 3928 3856 3929
f 3977 3928 3929
f 3930 3977 4121
f 3977 3930 3928
f 3928 4119 3931
f 3930 3799 4077
f 4077 3799 4121
f 3931 4119 3934
f 3934 4119 4042
f 3980 3936 4015
f 3897 3937 3981
f 3981 3937 4083
f 3982 3941 3983
f 3898 3942 3938
f 3983 3941 3943
f 3938 3985 3803
f 4161 3984 3983
f 3985 3945 3803
f 3832 3901 3987
f 3901 4019 3987
f 3945 4192 3744
f 3949 4051 4050
f 4050 4051 4092
f 4050 4092 3988
f 3950 3946 3952
f 4051 3949 3993
f 3902 4217 3905
f 3903 4021 3907
f 3904 3951 3807
f 3949 3835 3993
f 3993 3835 3872
f 3992 3909 4095
f 3807 3951 3954
f 3875 3909 3995
f 3872 3955 4026
f 4100 3873 3911
f 4054 3872 3959
f 3958 4029 4100
f 4054 4100 4029
f 4100 4054 3873
f 3959 3873 4054
f 3873 3959 3958
f 4029 3958 3959
f 4025 4132 4056
f 4029 3959 3916
f 3756 3812 3879
f 3960 3921 3880
f 3920 3999 3881
f 3961 3843 3844
f 4195 3716 3879
f 3758 3963 4032
f 3843 3961 4057
f 3965 3963 3758
f 3843 4057 3962
f 3963 4105 4032
f 3845 4223 4000
f 4140 4223 3922
f 3845 3922 4223
f 3790 4033 3923
f 4003 4002 3968
f 3887 4063 4005
f 3851 3970 3925
f 3970 4110 3925
f 4113 4005 4006
f 4006 4005 4254
f 3817 3761 3971
f 4036 3971 3761
f 3972 3889 3890
f 3974 3926 3972
f 3975 4227 4008
f 4011 3927 4149
f 4082 3934 4042
f 3860 4043 3823
f 3823 4043 4081
f 4043 3860 4079
f 4015 3936 4082
f 4083 3896 3981
f 4078 3896 4083
f 4078 4083 3861
f 4154 3861 4083
f 3860 3861 4154
f 3939 3940 3982
f 3983 3984 4045
f 3942 3985 3938
f 4017 3863 3777
f 3863 4047 3899
f 3941 3828 3987
f 3986 3944 4089
f 4191 3991 4048
f 3986 4049 3946
f 3988 4130 4050
f 4019 4163 3987
f 4128 3944 3946
f 4019 3947 3951
f 4022 3989 4019
f 4050 4129 3949
f 4020 3988 4092
f 3867 3990 3991
f 3947 3836 3951
f 4169 3953 4219
f 3991 3990 4023
f 3951 3904 4022
f 3950 4024 3946
f 3870 4094 4023
f 3911 3874 3953
f 3870 4023 3994
f 4217 4170 3905
f 3996 3905 4170
f 4028 4099 4027
f 4024 4027 4099
f 4027 4024 3915
f 3910 3915 4024
f 3915 3910 4028
f 4099 4028 3910
f 4027 3915 3996
f 4099 3910 3997
f 4100 4030 3916
f 4029 3916 4030
f 3810 3436 4535
f 3616 4522 4250
f 3919 4103 4136
f 4032 3999 3920
f 3961 3921 4057
f 3921 4058 4057
f 3921 3999 4058
f 3922 3716 4195
f 3963 4138 4105
f 4058 4106 3964
f 3964 4104 3882
f 3968 4002 4001
f 4033 4063 3923
f 4034 4060 4061
f 4001 4062 3968
f 4034 4061 4108
f 3967 3966 4285
f 4061 4252 4108
f 3967 4285 4109
f 3851 3924 3849
f 3925 3924 3851
f 3969 3924 4174
f 4004 4142 4064
f 4004 4064 4141
f 3761 3795 4113
f 3761 4113 4036
f 3971 4036 4147
f 4010 3889 3972
f 4010 3972 3926
f 4010 4070 4009
f 4149 4038 4011
f 4182 4071 3858
f 4073 3893 4072
f 4012 4041 4117
f 4039 4040 4041
f 3930 4119 3928
f 4077 4119 3930
f 4182 3858 4074
f 4074 3858 4014
f 4078 4014 3896
f 4015 4082 4042
f 3801 3981 3896
f 3801 3897 3981
f 3980 4084 3936
f 4082 3936 4084
f 3934 4158 4044
f 3982 3940 4046
f 4087 3985 3942
f 4046 3940 3828
f 4017 4191 4047
f 4020 4130 3988
f 4163 4213 3987
f 4128 4089 3944
f 3899 4047 4090
f 3990 4090 4214
f 3899 4090 3990
f 3946 4170 4128
f 4092 4052 4169
f 3993 3872 4093
f 4052 4092 4093
f 3907 4053 3908
f 3911 3953 4169
f 4053 3994 3908
f 3952 4055 3913
f 3872 4054 4093
f 4095 3909 4098
f 3957 4055 4098
f 3994 4053 4025
f 4099 3996 4024
f 4099 4101 3996
f 4101 4027 3996
f 3957 4098 3909
f 4027 4101 4028
f 4030 4054 4029
f 3915 4028 3997
f 4536 3998 4102
f 3812 3919 3879
f 4135 4103 3961
f 3962 4135 3961
f 4137 3962 4057
f 4105 3999 4032
f 3882 4104 3962
f 3964 4106 4104
f 4195 4140 3922
f 3965 4059 4107
f 4059 4001 4107
f 4139 4061 4060
f 4106 4139 4060
f 4107 4001 4002
f 4060 4034 4106
f 3968 4062 3924
f 4062 3849 3924
f 4003 3969 4174
f 4007 4065 4175
f 4111 4066 4143
f 4112 4143 4066
f 3891 3973 4066
f 3854 3971 4147
f 4070 3973 4009
f 4147 4037 3854
f 3976 4069 4150
f 4011 4116 3927
f 3893 3892 4071
f 4150 4012 4117
f 4071 4072 3893
f 4039 4012 4040
f 3977 3929 4077
f 4120 3978 4073
f 4183 4013 4184
f 4013 4183 4202
f 3978 4120 4180
f 4014 4075 4074
f 4180 4120 4043
f 4043 4120 4014
f 4043 4153 4180
f 4013 4202 4124
f 4124 4184 4013
f 4043 4079 4153
f 4187 4043 4014
f 4187 4014 4078
f 4187 4081 4043
f 4154 4078 3823
f 3823 4081 4154
f 4084 3980 4189
f 4081 3860 4154
f 3860 4081 4079
f 4158 3934 4082
f 4083 3939 4156
f 3937 3939 4083
f 3939 3982 4188
f 3982 4046 3941
f 3983 4045 4016
f 4044 4087 3942
f 4044 4158 4087
f 4017 4273 3863
f 4087 4085 3985
f 4046 3828 3941
f 4045 3984 4161
f 3863 4273 4047
f 3983 3943 4161
f 4048 4017 4047
f 4048 4085 4017
f 3943 3941 3987
f 4213 3943 3987
f 3989 4369 4019
f 3945 3985 4192
f 4050 4130 4129
f 4048 3991 4192
f 4021 3990 4214
f 3951 4022 4019
f 4020 4092 4091
f 3949 4129 4217
f 4051 4093 4092
f 4192 3991 4094
f 3953 3907 4021
f 4094 3991 4023
f 3992 4095 4193
f 4096 4134 4193
f 4096 4193 4095
f 4134 3952 4193
f 4055 4133 4097
f 4096 4097 4133
f 4097 4096 3952
f 4095 3952 4096
f 3952 4095 4055
f 4133 4055 4095
f 3952 4134 4097
f 4024 3996 4170
f 3907 4056 4053
f 4097 4134 4055
f 4055 4134 4098
f 4053 4132 4025
f 4052 4093 4054
f 4030 4052 4054
f 4171 4169 4052
f 4100 4171 4052
f 4100 4052 4030
f 4101 4099 3997
f 4101 3997 4028
f 3879 3919 4136
f 3879 4136 4195
f 4135 3962 4137
f 4058 4104 4057
f 4058 3962 4104
f 3965 4138 3963
f 4058 4139 4106
f 4138 3965 4107
f 4105 4138 4107
f 4142 4063 4033
f 4002 4003 4224
f 4005 4063 4141
f 4197 4003 4174
f 3925 4111 4225
f 4111 4110 4066
f 4199 4006 4254
f 4199 4113 4006
f 4007 4143 4065
f 4066 3973 4112
f 4332 4227 3975
f 3854 4150 4069
f 4037 4115 4179
f 4150 4037 4179
f 4037 4150 3854
f 4149 4116 4038
f 4260 4116 4011
f 4073 4180 3892
f 4073 3978 4180
f 4077 4181 3977
f 3929 4119 4077
f 4072 4120 4073
f 4042 4181 4077
f 4153 4203 4180
f 4014 4120 4075
f 4075 4120 4153
f 4122 4076 4232
f 4152 4202 4123
f 4337 4204 4080
f 4078 4154 4187
f 4264 4337 4080
f 4015 4189 3980
f 4264 4080 4307
f 4158 4082 4084
f 4017 4085 4126
f 4190 4127 4159
f 4272 4274 4018
f 3985 4085 4048
f 4161 4163 4019
f 3986 4089 4049
f 4047 4191 4090
f 3989 3992 4369
f 4192 3985 4048
f 4131 4217 4129
f 4020 4051 4130
f 4051 4020 4093
f 4168 4130 4051
f 3946 4166 3952
f 4051 3993 4168
f 4166 4193 3952
f 4170 3946 4024
f 4219 3953 4021
f 4096 4133 4134
f 4053 4056 4132
f 4134 4133 4098
f 3911 4169 4171
f 4095 4098 4133
f 4100 3911 4171
f 4031 3809 4549
f 4136 4103 4135
f 4137 4136 4135
f 4220 4058 3999
f 4058 4220 4139
f 4220 3999 4105
f 4104 4137 4057
f 4104 4106 4137
f 4061 4139 4172
f 4105 4107 4172
f 4033 4000 4223
f 4106 4034 4222
f 4033 4223 4173
f 4285 3966 4223
f 4142 4033 4173
f 4063 4142 4141
f 4142 4004 4141
f 3924 3925 4225
f 4005 4141 4254
f 4146 4289 4198
f 4144 4145 4067
f 4293 4177 4176
f 4037 4147 4115
f 4228 4148 4114
f 4178 3973 4070
f 3927 4116 4149
f 3976 4181 4069
f 4117 3976 4150
f 4071 4182 4072
f 3892 4180 4229
f 4041 4040 4117
f 4260 4011 4038
f 4117 3977 4181
f 3977 4117 4121
f 3929 4181 4119
f 4181 4042 4119
f 4203 4153 4120
f 4203 4120 4072
f 4077 4121 4233
f 4074 4075 4072
f 4077 4233 4042
f 4187 4075 4153
f 4081 4153 4079
f 4123 4302 4152
f 4153 4081 4187
f 4015 4262 4189
f 4307 4080 4204
f 4154 4083 4125
f 4187 4154 4207
f 4188 4154 4125
f 4188 4207 4154
f 4268 4017 4126
f 3939 4125 4156
f 4188 4125 3939
f 3862 4239 3982
f 3982 4239 4188
f 4016 4239 3862
f 4210 4240 4344
f 4017 4268 4273
f 4210 4018 4274
f 4273 4212 4047
f 4047 4212 4048
f 3943 4163 4161
f 4279 4368 4088
f 4161 4019 4369
f 4089 4128 4049
f 4160 4366 4131
f 4278 4160 4131
f 4049 4128 4215
f 4129 4278 4131
f 4216 4278 4129
f 4088 4162 4164
f 4164 4279 4088
f 3946 4049 4166
f 3992 4193 4165
f 4166 4165 4193
f 4170 4215 4128
f 4217 4194 4170
f 4249 4216 4168
f 4091 4092 4169
f 3917 4522 3616
f 4431 4548 3436
f 4102 4522 4536
f 4251 4105 4172
f 4224 4061 4172
f 4223 4140 4285
f 4224 4252 4061
f 4034 4108 4252
f 4224 4003 4197
f 4142 4173 4064
f 4351 4284 4035
f 4175 4197 4174
f 4175 4174 4225
f 4143 4112 4065
f 4036 4113 4199
f 4068 4201 4200
f 4201 4068 4226
f 3973 4178 4112
f 4293 4176 4295
f 3975 4008 4332
f 3892 4229 4071
f 4040 4012 4150
f 4181 3976 4117
f 4151 4297 4122
f 3929 4069 4181
f 4183 4184 4202
f 4121 4117 4301
f 4182 4074 4072
f 4261 4121 4301
f 4072 4075 4203
f 4123 4202 4231
f 4233 4121 4261
f 4233 4262 4042
f 4187 4203 4075
f 4262 4015 4042
f 4123 4231 4302
f 4186 4232 4076
f 4302 4236 4152
f 4265 4125 4083
f 4265 4083 4156
f 4265 4242 4125
f 4242 4156 4125
f 4188 4239 4205
f 4243 4157 4086
f 4343 4016 4045
f 4189 4126 4084
f 4158 4084 4245
f 4087 4245 4085
f 4158 4245 4087
f 4245 4126 4085
f 4401 4247 4313
f 4191 4048 4212
f 4213 4163 3943
f 4216 4129 4130
f 4020 4091 4093
f 4217 4216 4194
f 4091 4218 4093
f 4021 4214 4167
f 4281 3992 4165
f 4130 4168 4216
f 4218 3993 4093
f 4249 4194 4216
f 4164 4091 4169
f 4219 4164 4169
f 3436 4548 4535
f 4195 4136 4137
f 4251 4220 4105
f 4251 4139 4220
f 4172 4139 4251
f 4137 4106 4222
f 4140 4195 4221
f 4107 4002 4224
f 3966 4109 4286
f 4173 4349 4064
f 4288 4197 4175
f 4175 4225 4143
f 4143 4225 4111
f 4175 4065 4288
f 4144 4067 4320
f 4199 4254 4293
f 4256 4144 4320
f 4199 4293 4036
f 4255 4200 4201
f 4036 4293 4115
f 4112 4008 4226
f 4008 4112 4178
f 4147 4036 4115
f 4070 4331 4178
f 4295 4329 4330
f 4070 4071 4331
f 4151 4179 4297
f 4038 4116 4259
f 4038 4259 4260
f 4300 4180 4203
f 4299 4231 4202
f 4302 4187 4205
f 4263 4185 4243
f 4155 4238 4305
f 4242 4265 4207
f 4188 4242 4207
f 4269 4242 4188
f 4239 4016 4343
f 4240 4210 4270
f 4244 4086 4312
f 4084 4126 4245
f 4086 4157 4211
f 4018 4210 4344
f 4160 4246 4366
f 4278 4246 4160
f 4212 4090 4191
f 4369 4430 4161
f 4088 4368 4162
f 4366 4215 4131
f 4162 4091 4164
f 4275 4314 4214
f 4215 4217 4131
f 4314 4167 4214
f 4214 4090 4275
f 4275 4090 4212
f 4165 4276 4281
f 4216 4217 4278
f 4167 4219 4021
f 4194 4249 4282
f 4282 4170 4194
f 4549 3809 4552
f 3998 4431 3438
f 4107 4224 4172
f 4221 4196 4285
f 4221 4285 4140
f 4286 4173 4223
f 4223 3966 4286
f 4034 4252 4222
f 4285 4196 4284
f 4224 4197 4352
f 4225 4174 3924
f 4064 4318 4141
f 4198 4289 4351
f 4065 4255 4288
f 4146 4198 4377
f 4254 4145 4177
f 4177 4293 4254
f 4226 4068 4200
f 4200 4255 4226
f 4008 4201 4226
f 4291 4326 4148
f 4148 4326 4258
f 4148 4258 4114
f 4294 4148 4228
f 4178 4331 4229
f 4178 4229 4332
f 4008 4178 4332
f 4332 4259 4227
f 4330 4329 4415
f 4150 4179 4334
f 4297 4230 4122
f 4040 4150 4334
f 4180 4333 4229
f 4122 4301 4151
f 4117 4040 4301
f 4232 4301 4122
f 4202 4184 4387
f 4231 4299 4237
f 4231 4152 4234
f 4237 4152 4231
f 4237 4202 4152
f 4185 4235 4338
f 4231 4234 4302
f 4236 4234 4152
f 4185 4263 4235
f 4203 4187 4302
f 4511 4237 4206
f 4261 4189 4342
f 4205 4236 4302
f 4185 4338 4243
f 4394 4189 4261
f 4264 4307 4306
f 4237 4236 4239
f 4155 4395 4238
f 4187 4207 4205
f 4239 4236 4205
f 4206 4237 4239
f 4189 4394 4126
f 4156 4308 4265
f 4206 4343 4208
f 4155 4305 4396
f 4308 4156 4242
f 4343 4206 4239
f 4244 4312 4247
f 4309 4190 4209
f 4274 4275 4212
f 4368 4370 4344
f 4346 4401 4313
f 4049 4346 4166
f 4165 4166 4276
f 4091 4162 4248
f 4164 4248 4279
f 4164 4283 4248
f 4278 4217 4282
f 4281 4369 3992
f 4282 4215 4170
f 4215 4282 4217
f 4168 3993 4218
f 4315 4164 4219
f 4522 4102 4250
f 4221 4195 4137
f 4196 4221 4222
f 4196 4222 4374
f 4252 4224 4352
f 4352 4197 4288
f 4374 4035 4284
f 4349 4318 4064
f 4352 4198 4035
f 4198 4351 4035
f 4254 4141 4145
f 4289 4406 4351
f 4289 4377 4406
f 4067 4145 4320
f 4377 4257 4146
f 4323 4226 4255
f 4289 4146 4378
f 4112 4226 4323
f 4378 4146 4257
f 4296 4115 4293
f 4291 4148 4294
f 4008 4227 4292
f 4383 4258 4326
f 4258 4294 4228
f 4381 4383 4326
f 4258 4228 4114
f 4116 4227 4259
f 4296 4230 4297
f 4466 4298 4118
f 4465 4230 4415
f 4334 4151 4301
f 4334 4301 4040
f 4298 4235 4118
f 4180 4300 4333
f 4202 4387 4299
f 4299 4234 4237
f 4301 4232 4336
f 4202 4237 4511
f 4203 4302 4300
f 4234 4300 4302
f 4261 4422 4394
f 4208 4267 4206
f 4263 4243 4361
f 4207 4308 4269
f 4207 4265 4308
f 4208 4343 4267
f 4361 4243 4494
f 4205 4207 4269
f 4442 4426 4240
f 4241 4240 4270
f 4269 4308 4242
f 4205 4269 4188
f 4209 4443 4309
f 4310 4243 4086
f 4310 4086 4244
f 4211 4157 4310
f 4159 4311 4190
f 4086 4211 4312
f 4278 4445 4246
f 4272 4345 4210
f 4272 4210 4273
f 4212 4273 4274
f 4045 4161 4157
f 4312 4211 4276
f 4368 4344 4271
f 4272 4018 4345
f 4273 4210 4274
f 4314 4272 4273
f 4277 4157 4161
f 4274 4272 4314
f 4274 4314 4275
f 4313 4247 4312
f 4161 4430 4277
f 4215 4346 4049
f 4368 4271 4162
f 4166 4313 4276
f 4344 4279 4162
f 4370 4279 4344
f 4162 4279 4248
f 4370 4314 4279
f 4277 4369 4276
f 4280 4313 4166
f 4166 4346 4280
f 4248 4283 4091
f 4167 4314 4370
f 4348 4315 4219
f 2590 4521 4555
f 3468 4448 3840
f 4431 3998 4536
f 4222 4221 4137
f 4252 4374 4222
f 4284 4317 4285
f 4109 4285 4286
f 4349 4173 4286
f 4196 4374 4284
f 4352 4374 4252
f 4352 4035 4374
f 4141 4318 4145
f 4375 4406 4198
f 4377 4198 4406
f 4253 4256 4320
f 4322 4256 4253
f 4144 4177 4145
f 4112 4323 4065
f 4177 4144 4410
f 4257 4327 4378
f 4257 4290 4327
f 4295 4176 4328
f 4292 4227 4327
f 4296 4293 4330
f 4115 4296 4297
f 4227 4116 4327
f 4179 4115 4297
f 4333 4332 4229
f 4229 4331 4071
f 4415 4230 4330
f 4260 4414 4116
f 4230 4335 4122
f 4299 4387 4418
f 4333 4300 4299
f 4299 4300 4234
f 4386 4390 4356
f 4387 4184 4124
f 4232 4186 4389
f 4301 4389 4261
f 4237 4234 4236
f 4233 4360 4262
f 4388 4337 4264
f 4233 4261 4304
f 4303 4340 4264
f 4261 4342 4304
f 4393 4341 4303
f 4189 4262 4342
f 4337 4307 4204
f 4303 4341 4394
f 4155 4396 4395
f 4305 4266 4396
f 4240 4241 4442
f 4394 4341 4126
f 4341 4270 4268
f 4126 4341 4268
f 4343 4045 4399
f 4344 4240 4426
f 4427 4273 4268
f 4211 4310 4244
f 4209 4190 4311
f 4045 4400 4365
f 4157 4277 4367
f 4345 4018 4344
f 4273 4270 4345
f 4270 4210 4345
f 4345 4314 4273
f 4276 4211 4277
f 4312 4276 4313
f 4368 4279 4345
f 4345 4279 4314
f 4283 4162 4271
f 4429 4344 4162
f 4283 4429 4162
f 4091 4283 4271
f 4281 4276 4369
f 4446 4218 4091
f 4278 4371 4168
f 4446 4278 4168
f 4218 4446 4168
f 4249 4371 4282
f 4371 4249 4168
f 4167 4372 4219
f 4219 4372 4316
f 4348 4219 4316
f 4286 4285 4317
f 4353 4320 4318
f 4375 4352 4288
f 4352 4375 4198
f 4318 4320 4145
f 4404 4287 4351
f 4288 4255 4375
f 4255 4257 4375
f 4255 4065 4323
f 4321 4322 4253
f 4377 4289 4378
f 4144 4256 4410
f 4201 4008 4292
f 4177 4328 4176
f 4326 4412 4381
f 4258 4325 4294
f 4258 4383 4325
f 4382 4293 4295
f 4329 4295 4328
f 4330 4382 4295
f 4330 4230 4296
f 4179 4151 4334
f 4259 4436 4260
f 4436 4414 4260
f 4298 4417 4235
f 4230 4465 4359
f 4336 4335 4301
f 4301 4335 4358
f 4118 4235 4466
f 4186 4122 4335
f 4076 4122 4186
f 4336 4232 4358
f 4124 4511 4387
f 4358 4232 4389
f 4511 4124 4202
f 4263 4391 4235
f 4261 4439 4422
f 4360 4233 4304
f 4388 4264 4340
f 4338 4267 4243
f 4303 4264 4306
f 4303 4306 4393
f 4303 4394 4439
f 4262 4360 4342
f 4206 4267 4482
f 4238 4395 4392
f 4238 4392 4305
f 4305 4392 4266
f 4343 4399 4362
f 4127 4311 4159
f 4243 4310 4494
f 4157 4400 4045
f 4364 4157 4243
f 4367 4310 4157
f 4270 4273 4427
f 4211 4367 4277
f 4271 4402 4091
f 4402 4446 4091
f 4278 4282 4447
f 4283 4164 4347
f 4347 4164 4315
f 4316 4347 4315
f 4316 4315 4373
f 4315 4348 4373
f 4031 4549 3917
f 4286 4317 4319
f 4286 4319 4350
f 4349 4286 4350
f 4353 4349 4350
f 4351 4287 4284
f 4284 4287 4317
f 4404 4319 4317
f 4320 4353 4253
f 4375 4257 4407
f 4376 4321 4354
f 4324 4321 4376
f 4376 4408 4324
f 4255 4290 4257
f 4290 4255 4201
f 4201 4292 4433
f 4290 4292 4327
f 4381 4378 4327
f 4291 4325 4326
f 4328 4177 4410
f 4325 4412 4326
f 4412 4325 4383
f 4327 4355 4381
f 4293 4382 4330
f 4332 4333 4259
f 4327 4116 4414
f 4415 4413 4357
f 4259 4299 4436
f 4417 4298 4466
f 4438 4335 4230
f 4384 4356 4390
f 4335 4336 4186
f 4466 4235 4391
f 4359 4385 4388
f 4336 4358 4186
f 4358 4389 4301
f 4389 4439 4261
f 4510 4235 4449
f 4235 4510 4338
f 4338 4510 4263
f 4263 4510 4391
f 4439 4340 4303
f 4391 4483 4339
f 4388 4340 4306
f 4306 4340 4393
f 4206 4482 4511
f 4304 4342 4394
f 4306 4307 4337
f 4423 4442 4241
f 4362 4399 4456
f 4309 4398 4190
f 4364 4456 4399
f 4190 4398 4127
f 4127 4398 4311
f 4268 4270 4427
f 4344 4426 4457
f 4365 4399 4045
f 4157 4364 4400
f 4443 4209 4311
f 4344 4457 4271
f 4366 4346 4215
f 4445 4446 4475
f 4430 4369 4277
f 4278 4447 4371
f 4167 4370 4459
f 4372 4347 4316
f 4373 4403 4316
f 4348 4372 4373
f 4348 4403 4372
f 4348 4316 4403
f 4403 4347 4372
f 3707 4555 4552
f 4318 4349 4353
f 4405 4350 4319
f 4319 4404 4405
f 4350 4321 4353
f 4350 4405 4354
f 4253 4353 4321
f 4321 4350 4354
f 4407 4257 4377
f 4322 4321 4324
f 4408 4376 4377
f 4322 4324 4256
f 4379 4325 4291
f 4294 4379 4291
f 4380 4325 4379
f 4294 4325 4380
f 4383 4381 4355
f 4411 4413 4328
f 4329 4328 4413
f 4329 4413 4415
f 4355 4435 4383
f 4413 4419 4357
f 4259 4333 4299
f 4299 4418 4436
f 4387 4449 4414
f 4356 4419 4434
f 4419 4415 4357
f 4230 4359 4438
f 4384 4419 4356
f 4235 4417 4449
f 4359 4465 4385
f 4358 4335 4438
f 4386 4356 4466
f 4186 4358 4438
f 4359 4388 4438
f 4186 4438 4389
f 4421 4337 4388
f 4340 4439 4389
f 4452 4360 4304
f 4394 4422 4304
f 4452 4394 4342
f 4360 4452 4342
f 4391 4339 4440
f 4361 4494 4263
f 4266 4440 4339
f 4241 4270 4424
f 4424 4270 4341
f 4364 4267 4343
f 4425 4266 4339
f 4309 4443 4441
f 4397 4426 4442
f 4423 4241 4397
f 4267 4364 4243
f 4363 4426 4397
f 4397 4241 4363
f 4247 4444 4244
f 4364 4399 4400
f 4310 4367 4472
f 4425 4247 4401
f 4428 4425 4401
f 4445 4428 4246
f 4345 4344 4429
f 4346 4366 4401
f 4429 4368 4345
f 4445 4278 4446
f 4457 4402 4271
f 4370 4368 4429
f 4370 4429 4347
f 4429 4283 4347
f 4346 4313 4280
f 4282 4371 4447
f 4167 4459 4372
f 3707 2590 4555
f 4406 4432 4351
f 4351 4432 4404
f 4406 4375 4407
f 4432 4405 4404
f 4354 4405 4376
f 4377 4432 4407
f 4432 4377 4376
f 4498 4377 4378
f 4378 4460 4498
f 4377 4461 4408
f 4410 4256 4409
f 4290 4201 4433
f 4408 4476 4379
f 4378 4381 4461
f 4294 4408 4379
f 4380 4408 4294
f 4380 4379 4412
f 4463 4411 4328
f 4410 4463 4328
f 4412 4379 4381
f 4411 4434 4413
f 4414 4355 4327
f 4419 4413 4434
f 4415 4419 4416
f 4421 4420 4450
f 4388 4420 4421
f 4338 4263 4481
f 4391 4392 4500
f 4337 4421 4441
f 4306 4337 4441
f 4304 4422 4452
f 4440 4392 4391
f 4395 4492 4392
f 4424 4341 4393
f 4440 4266 4453
f 4442 4423 4493
f 4266 4392 4453
f 4470 4397 4442
f 4423 4397 4470
f 4470 4493 4423
f 4454 4343 4362
f 4343 4456 4364
f 4454 4362 4455
f 4339 4453 4425
f 4396 4266 4425
f 4472 4494 4310
f 4244 4472 4211
f 4246 4428 4366
f 4398 4445 4311
f 4428 4401 4366
f 4445 4457 4311
f 4475 4457 4445
f 4457 4475 4402
f 4347 4403 4459
f 4287 4404 4317
f 4432 4406 4407
f 4405 4432 4376
f 4461 4460 4378
f 4256 4324 4409
f 4499 4410 4409
f 4324 4408 4462
f 4476 4461 4379
f 4380 4478 4408
f 4461 4381 4379
f 4478 4434 4462
f 4383 4479 4412
f 4479 4383 4356
f 4387 4414 4418
f 4437 4415 4416
f 4417 4466 4435
f 4419 4384 4420
f 4420 4480 4419
f 4480 4420 4437
f 4466 4391 4500
f 4500 4386 4466
f 4420 4384 4450
f 4388 4385 4467
f 4511 4449 4387
f 4510 4483 4391
f 4422 4439 4452
f 4340 4451 4393
f 4439 4394 4451
f 4394 4393 4451
f 4452 4439 4451
f 4398 4421 4450
f 4394 4452 4502
f 4398 4395 4396
f 4442 4493 4484
f 4398 4309 4469
f 4483 4263 4494
f 4493 4241 4424
f 4343 4454 4456
f 4339 4483 4453
f 4392 4471 4453
f 4493 4470 4241
f 4471 4425 4453
f 4398 4396 4445
f 4362 4456 4455
f 4444 4247 4425
f 4444 4425 4471
f 4396 4425 4428
f 4363 4473 4426
f 4241 4470 4363
f 4454 4455 4399
f 4365 4454 4399
f 4400 4454 4365
f 4400 4456 4454
f 4400 4399 4455
f 4456 4400 4455
f 4444 4472 4244
f 4472 4367 4211
f 4443 4311 4457
f 4347 4459 4370
f 4402 4458 4446
f 4446 4458 4475
f 4459 4403 4373
f 4543 4522 3917
f 4377 4498 4461
f 4409 4463 4499
f 4462 4408 4478
f 4434 4411 4462
f 4380 4412 4478
f 4355 4414 4435
f 4434 4479 4356
f 4414 4436 4418
f 4415 4437 4465
f 4435 4449 4417
f 4449 4490 4414
f 4420 4388 4467
f 4420 4467 4437
f 4386 4384 4390
f 4338 4481 4267
f 4518 4340 4389
f 4340 4518 4451
f 4511 4482 4491
f 4492 4500 4392
f 4450 4395 4398
f 4502 4393 4394
f 4424 4393 4514
f 4263 4483 4481
f 4309 4441 4469
f 4471 4392 4440
f 4442 4484 4470
f 4443 4495 4441
f 4494 4472 4486
f 4396 4428 4445
f 4457 4426 4473
f 4457 4474 4443
f 4372 4459 4373
f 4324 4462 4409
f 4462 4411 4464
f 4463 4464 4411
f 4356 4383 4435
f 4416 4480 4437
f 4435 4466 4356
f 4465 4467 4385
f 4465 4437 4467
f 4438 4388 4468
f 4468 4389 4438
f 4388 4306 4468
f 4501 4395 4450
f 4452 4451 4502
f 4440 4453 4503
f 4440 4504 4471
f 4503 4453 4483
f 4493 4424 4496
f 4493 4496 4514
f 4514 4506 4424
f 4471 4503 4444
f 4470 4473 4363
f 4473 4474 4457
f 4543 3917 4525
f 4536 4522 4543
f 4408 4461 4476
f 4463 4489 4499
f 4463 4409 4462
f 4463 4462 4477
f 4489 4477 4462
f 4477 4489 4410
f 4463 4410 4489
f 4477 4410 4499
f 4463 4477 4464
f 4290 4433 4292
f 4412 4508 4478
f 4479 4434 4478
f 4490 4449 4435
f 4500 4384 4386
f 4510 4449 4511
f 4450 4509 4501
f 4481 4491 4267
f 4493 4389 4468
f 4483 4510 4481
f 4421 4398 4469
f 4421 4469 4441
f 4395 4501 4492
f 4520 4514 4393
f 4306 4441 4468
f 4514 4485 4506
f 4496 4424 4506
f 4495 4443 4474
f 4470 4487 4473
f 4497 4472 4444
f 4402 4475 4458
f 4448 4535 4553
f 4498 4460 4461
f 4450 4384 4517
f 4509 4450 4517
f 4501 4509 4528
f 4502 4520 4393
f 4515 4502 4451
f 4468 4484 4493
f 4267 4491 4482
f 4503 4471 4504
f 4503 4494 4444
f 4514 4496 4507
f 4507 4485 4514
f 4484 4487 4470
f 4506 4488 4496
f 4474 4473 4487
f 4558 4431 4536
f 4464 4499 4489
f 4489 4462 4464
f 4464 4477 4499
f 4508 4479 4478
f 4508 4412 4479
f 4490 4435 4414
f 4419 4480 4416
f 4492 4501 4529
f 4503 4504 4440
f 4515 4485 4507
f 4444 4486 4505
f 4483 4505 4486
f 4505 4483 4494
f 4486 4444 4494
f 4494 4503 4505
f 4484 4545 4487
f 4488 4484 4496
f 4506 4507 4488
f 4564 4549 4552
f 4548 4431 4558
f 4509 4517 4523
f 4512 4384 4500
f 4510 4511 4491
f 4481 4510 4491
f 4500 4492 4512
f 4451 4518 4520
f 4524 4501 4528
f 4518 4389 4493
f 4529 4512 4492
f 4514 4518 4493
f 4524 4529 4501
f 4514 4520 4513
f 4520 4502 4485
f 4544 4468 4441
f 4484 4468 4514
f 4484 4514 4513
f 4515 4506 4502
f 4502 4506 4485
f 4516 4503 4483
f 4483 4486 4516
f 4505 4497 4444
f 4484 4488 4545
f 4507 4506 4515
f 4472 4497 4486
f 4495 4474 4487
f 4557 3840 4448
f 4441 4495 4544
f 4519 4514 4468
f 4518 4514 4519
f 4484 4519 4496
f 4545 4496 4519
f 4496 4545 4513
f 4518 4513 4545
f 4513 4518 4484
f 4519 4484 4518
f 4513 4520 4496
f 4485 4515 4520
f 4519 4468 4545
f 4507 4496 4520
f 4503 4516 4505
f 4516 4497 4505
f 4516 4486 4497
f 4545 4488 4507
f 4557 4448 4553
f 4509 4523 4528
f 4384 4512 4526
f 4517 4384 4526
f 4520 4515 4451
f 4468 4544 4530
f 4518 4545 4520
f 4530 4545 4468
f 4523 4517 4527
f 4528 4523 4537
f 4512 4529 4526
f 4524 4526 4527
f 4517 4528 4527
f 4528 4517 4524
f 4526 4524 4517
f 4529 4524 4538
f 4524 4527 4538
f 4528 4538 4527
f 4545 4507 4520
f 4530 4531 4487
f 4495 4547 4544
f 4487 4545 4539
f 4495 4487 4532
f 4532 4487 4531
f 4495 4533 4547
f 4533 4495 4542
f 4542 4495 4532
f 4534 4542 4532
f 4543 4525 4551
f 4527 4537 4523
f 4526 4537 4527
f 4538 4526 4529
f 4538 4528 4537
f 4544 4531 4530
f 4539 4530 4487
f 4541 4531 4539
f 4545 4541 4539
f 4534 4540 4531
f 4547 4531 4540
f 4531 4547 4532
f 4533 4532 4547
f 4532 4533 4534
f 4540 4534 4533
f 4534 4531 4541
f 4542 4540 4533
f 4541 4542 4534
f 4542 4541 4540
f 4526 4538 4537
f 4546 4531 4544
f 4546 4544 4547
f 4539 4531 4546
f 4530 4539 4546
f 4530 4546 4545
f 4545 4546 4541
f 4540 4546 4547
f 4546 4540 4541
f 4521 3840 4562
f 4550 4535 4548
f 4555 4521 4562
f 4555 4560 4552
f 4549 4525 3917
f 4543 4554 4536
f 4562 3840 4557
f 4549 4564 4525
f 4553 4535 4550
f 4558 4536 4561
f 4543 4551 4554
f 4564 4552 4560
f 4553 4550 4556
f 4558 4550 4548
f 4554 4561 4536
f 4555 4562 4567
f 4525 4564 4566
f 4566 4551 4525
f 4551 4570 4554
f 4570 4563 4554
f 4554 4563 4561
f 4557 4553 4556
f 4560 4565 4564
f 4570 4551 4566
f 4565 4566 4564
f 4558 4559 4550
f 4562 4557 4556
f 4558 4561 4559
f 4556 4559 4569
f 4550 4559 4556
f 4560 4555 4567
f 4562 4556 4567
f 4556 4569 4567
f 4561 4563 4559
f 4571 4563 4570
f 4572 4569 4559
f 4559 4563 4572
f 4565 4560 4566
f 4567 4568 4560
f 4571 4566 4560
f 4568 4567 4569
f 4571 4560 4568
f 4572 4568 4569
f 4570 4566 4571
f 4571 4572 4563
f 4571 4568 4572

